DELTA,LOC_X,LOC_Y
1,-250,-9
2,-250,-3
1,-249,-8
1,-249,26
1,-249,30
1,-249,60
-2,-248,-19
-1,-248,-8
1,-248,-2
1,-248,-1
-1,-248,2
1,-248,6
-1,-248,13
-1,-248,15
1,-248,30
1,-248,40
1,-248,41
1,-248,119
-1,-247,4
1,-247,30
1,-247,40
-1,-246,-26
-1,-246,-8
-1,-246,-5
-1,-246,-3
-1,-246,-2
-1,-246,-1
-1,-246,0
-1,-246,10
1,-246,13
-1,-246,47
-1,-246,51
-1,-246,86
-1,-245,-37
1,-245,-17
-1,-245,-14
-2,-245,-13
-1,-245,-9
0,-245,-8
-1,-245,-5
1,-245,-1
-1,-245,2
1,-245,6
1,-245,7
1,-245,8
1,-245,10
1,-245,12
0,-245,13
1,-245,15
1,-245,17
2,-245,19
1,-245,21
0,-245,22
1,-245,23
1,-245,25
1,-245,36
-1,-245,59
1,-245,62
-1,-245,99
-2,-244,-27
-1,-244,-21
1,-244,-19
-1,-244,-18
1,-244,-17
-1,-244,-15
1,-244,-14
-1,-244,-13
-1,-244,-12
-3,-244,-8
-1,-244,-6
-2,-244,-5
-1,-244,-4
-4,-244,-2
-2,-244,0
1,-244,1
-1,-244,2
-1,-244,4
1,-244,6
1,-244,8
0,-244,13
-1,-244,15
1,-244,16
1,-244,22
1,-244,24
1,-244,40
-1,-244,42
-1,-244,45
1,-244,48
1,-244,60
1,-244,62
1,-244,86
1,-244,111
-1,-243,-19
1,-243,-17
-1,-243,-14
1,-243,-7
0,-243,-6
2,-243,-5
-1,-243,0
1,-243,4
0,-243,5
3,-243,10
1,-243,14
1,-243,15
-1,-243,17
1,-243,18
1,-243,20
1,-243,28
1,-243,29
1,-243,35
-1,-243,40
1,-243,44
1,-243,54
1,-243,55
1,-243,63
1,-243,68
1,-243,95
1,-243,104
-1,-242,-33
-3,-242,-29
-4,-242,-23
-3,-242,-21
1,-242,-20
-2,-242,-19
-2,-242,-16
-2,-242,-15
1,-242,-14
-1,-242,-12
-1,-242,-10
-1,-242,-8
-1,-242,-7
-2,-242,-6
-2,-242,-5
1,-242,-4
-2,-242,-3
-1,-242,-2
-4,-242,0
-3,-242,1
-1,-242,2
-1,-242,3
0,-242,4
1,-242,5
-1,-242,7
-1,-242,9
-1,-242,10
-1,-242,11
-1,-242,12
-5,-242,13
-1,-242,14
-4,-242,15
-2,-242,16
0,-242,19
-1,-242,21
1,-242,23
-6,-242,26
-2,-242,27
-1,-242,28
-2,-242,30
1,-242,31
-1,-242,33
1,-242,34
-3,-242,36
0,-242,38
-2,-242,42
-3,-242,47
-1,-242,51
-1,-242,55
0,-242,57
-1,-242,59
-2,-242,61
-3,-242,68
-2,-242,70
0,-242,71
-1,-242,82
1,-242,83
-2,-242,87
-1,-242,99
-1,-242,112
-1,-242,125
1,-241,-25
1,-241,-20
1,-241,-16
1,-241,-11
1,-241,-10
-1,-241,-9
-1,-241,-5
-1,-241,-3
1,-241,-2
1,-241,0
1,-241,1
2,-241,2
1,-241,4
1,-241,5
1,-241,6
1,-241,9
1,-241,10
1,-241,11
1,-241,12
0,-241,15
2,-241,16
1,-241,19
2,-241,20
3,-241,21
1,-241,23
1,-241,25
1,-241,28
1,-241,29
1,-241,30
1,-241,32
4,-241,36
3,-241,38
1,-241,39
1,-241,40
1,-241,42
1,-241,43
1,-241,45
2,-241,53
-1,-241,66
1,-241,71
1,-241,88
1,-241,90
1,-241,96
1,-241,101
1,-241,138
-1,-240,-32
1,-240,-29
-1,-240,-25
-1,-240,-24
-1,-240,-23
-2,-240,-21
2,-240,-20
2,-240,-16
-2,-240,-15
0,-240,-13
-3,-240,-11
1,-240,-10
2,-240,-9
-1,-240,-8
1,-240,-7
0,-240,-6
1,-240,-4
-1,-240,-3
-1,-240,-2
-2,-240,-1
-3,-240,0
1,-240,1
-4,-240,2
2,-240,4
1,-240,6
-2,-240,7
1,-240,8
-2,-240,10
0,-240,11
1,-240,12
-2,-240,13
-3,-240,15
2,-240,16
-1,-240,17
1,-240,18
2,-240,20
-1,-240,21
1,-240,22
2,-240,23
-1,-240,26
2,-240,27
-1,-240,30
1,-240,31
1,-240,34
3,-240,35
0,-240,38
-2,-240,40
-1,-240,42
1,-240,45
1,-240,47
-1,-240,49
1,-240,50
-3,-240,53
-1,-240,55
1,-240,57
-1,-240,60
1,-240,64
-1,-240,66
1,-240,68
1,-240,70
2,-240,71
1,-240,76
1,-240,92
1,-240,93
-1,-240,104
-1,-240,108
-1,-240,112
1,-240,117
-1,-240,133
-1,-240,146
-1,-239,-33
1,-239,-26
1,-239,-24
1,-239,-22
1,-239,-21
1,-239,-19
2,-239,-17
0,-239,-16
2,-239,-15
0,-239,-12
2,-239,-11
1,-239,-10
1,-239,-9
-1,-239,-8
3,-239,-6
1,-239,-5
2,-239,-4
1,-239,-3
2,-239,-2
1,-239,-1
1,-239,0
4,-239,1
1,-239,2
3,-239,3
1,-239,4
4,-239,5
1,-239,6
4,-239,8
0,-239,12
2,-239,13
1,-239,14
0,-239,15
5,-239,17
-2,-239,18
3,-239,19
2,-239,20
1,-239,21
1,-239,22
4,-239,25
1,-239,26
1,-239,27
1,-239,29
-1,-239,30
1,-239,31
1,-239,32
2,-239,34
1,-239,35
0,-239,36
1,-239,38
1,-239,39
1,-239,41
1,-239,42
1,-239,43
1,-239,47
0,-239,48
1,-239,49
0,-239,51
1,-239,52
1,-239,53
3,-239,55
2,-239,57
2,-239,59
2,-239,61
2,-239,62
3,-239,64
1,-239,72
1,-239,73
1,-239,74
1,-239,75
1,-239,78
1,-239,81
1,-239,84
1,-239,92
1,-239,95
1,-239,105
1,-239,109
1,-239,127
-1,-238,-34
1,-238,-33
-1,-238,-29
1,-238,-22
-1,-238,-21
-5,-238,-19
-2,-238,-18
1,-238,-16
-2,-238,-15
-3,-238,-13
0,-238,-11
2,-238,-10
0,-238,-9
-8,-238,-8
2,-238,-7
-2,-238,-6
2,-238,-5
0,-238,-4
-1,-238,-3
-5,-238,-2
1,-238,-1
-10,-238,0
3,-238,1
1,-238,2
1,-238,3
-3,-238,4
2,-238,5
2,-238,6
-2,-238,7
1,-238,8
2,-238,9
1,-238,10
1,-238,11
3,-238,12
-4,-238,13
2,-238,14
0,-238,15
2,-238,16
1,-238,17
0,-238,18
-1,-238,19
1,-238,20
1,-238,21
1,-238,22
-1,-238,23
4,-238,25
-1,-238,26
3,-238,27
-1,-238,28
-2,-238,30
1,-238,31
1,-238,32
1,-238,33
0,-238,36
1,-238,37
2,-238,38
0,-238,40
3,-238,41
0,-238,42
1,-238,45
1,-238,46
-1,-238,47
-1,-238,48
4,-238,50
1,-238,51
1,-238,53
-1,-238,56
0,-238,57
0,-238,59
1,-238,62
0,-238,63
1,-238,64
2,-238,67
-1,-238,68
1,-238,69
0,-238,71
-1,-238,72
2,-238,73
4,-238,75
1,-238,81
1,-238,88
-1,-238,97
-1,-238,101
-1,-238,127
1,-238,133
1,-238,140
-2,-237,-36
-2,-237,-34
-1,-237,-31
-4,-237,-29
0,-237,-26
-2,-237,-25
-1,-237,-24
-1,-237,-23
0,-237,-22
1,-237,-21
2,-237,-20
0,-237,-19
-2,-237,-18
4,-237,-17
-1,-237,-16
0,-237,-14
2,-237,-13
-1,-237,-12
0,-237,-10
-1,-237,-9
3,-237,-8
0,-237,-7
1,-237,-6
-1,-237,-5
4,-237,-4
1,-237,-3
-1,-237,-1
0,-237,0
4,-237,1
3,-237,2
6,-237,3
2,-237,4
0,-237,5
2,-237,6
2,-237,7
-1,-237,8
0,-237,10
9,-237,11
-4,-237,12
-2,-237,13
2,-237,14
6,-237,15
6,-237,16
6,-237,17
3,-237,18
1,-237,19
5,-237,20
3,-237,21
2,-237,22
1,-237,23
2,-237,25
-1,-237,26
2,-237,27
0,-237,28
3,-237,29
0,-237,30
4,-237,31
0,-237,32
-3,-237,33
0,-237,34
0,-237,35
0,-237,36
-1,-237,38
1,-237,39
1,-237,40
4,-237,41
1,-237,42
1,-237,43
1,-237,44
-2,-237,45
-1,-237,46
1,-237,47
1,-237,48
1,-237,49
-1,-237,51
2,-237,52
4,-237,53
1,-237,54
-1,-237,56
-1,-237,57
0,-237,58
2,-237,59
-1,-237,60
-1,-237,63
-1,-237,64
1,-237,65
0,-237,66
1,-237,67
1,-237,68
2,-237,71
1,-237,73
1,-237,75
-2,-237,76
-1,-237,77
1,-237,79
2,-237,80
2,-237,83
2,-237,88
1,-237,94
1,-237,96
1,-237,99
0,-237,106
1,-237,119
1,-237,120
-1,-237,132
1,-237,142
1,-236,-14
1,-236,-8
2,-236,-5
2,-236,-4
1,-236,-3
2,-236,-2
3,-236,-1
1,-236,0
1,-236,3
1,-236,4
1,-236,9
3,-236,10
2,-236,11
1,-236,12
1,-236,13
1,-236,14
2,-236,15
3,-236,16
2,-236,17
1,-236,18
1,-236,19
1,-236,21
3,-236,22
2,-236,25
1,-236,26
1,-236,27
2,-236,32
1,-236,37
1,-236,38
1,-236,40
1,-236,43
2,-236,44
1,-236,45
1,-236,49
2,-236,53
1,-236,59
1,-236,63
1,-236,67
2,-236,68
1,-236,69
1,-236,71
1,-236,86
1,-236,90
1,-236,93
1,-236,98
-1,-235,-40
-1,-235,-36
-1,-235,-31
-2,-235,-29
0,-235,-27
-4,-235,-25
-8,-235,-23
0,-235,-21
1,-235,-20
-3,-235,-19
-4,-235,-18
-1,-235,-17
-2,-235,-16
-2,-235,-15
-3,-235,-14
-2,-235,-13
-3,-235,-12
-4,-235,-11
-7,-235,-10
-1,-235,-9
0,-235,-8
1,-235,-7
-1,-235,-6
0,-235,-5
0,-235,-4
-6,-235,-3
1,-235,-2
4,-235,-1
-8,-235,0
3,-235,1
-1,-235,2
2,-235,3
3,-235,4
1,-235,5
0,-235,6
1,-235,7
2,-235,8
-1,-235,9
2,-235,10
1,-235,11
2,-235,12
3,-235,13
4,-235,14
-3,-235,15
3,-235,16
1,-235,17
1,-235,18
-1,-235,19
4,-235,20
-4,-235,21
1,-235,22
1,-235,23
1,-235,24
3,-235,25
-3,-235,26
3,-235,27
0,-235,28
3,-235,29
-10,-235,30
0,-235,31
6,-235,32
0,-235,33
5,-235,34
0,-235,35
7,-235,36
4,-235,37
-1,-235,38
-2,-235,39
-1,-235,40
0,-235,41
2,-235,42
0,-235,43
1,-235,44
0,-235,45
0,-235,46
-4,-235,47
-1,-235,48
1,-235,49
3,-235,50
0,-235,52
0,-235,53
-4,-235,54
-1,-235,55
-2,-235,57
2,-235,58
2,-235,59
1,-235,60
-4,-235,61
2,-235,62
0,-235,63
1,-235,64
-2,-235,66
-1,-235,68
-1,-235,69
-4,-235,70
-1,-235,71
-1,-235,72
2,-235,73
1,-235,74
1,-235,75
-2,-235,76
-1,-235,80
1,-235,81
1,-235,82
0,-235,83
1,-235,84
-1,-235,85
1,-235,88
-1,-235,89
-1,-235,97
1,-235,99
-1,-235,100
2,-235,101
-2,-235,102
0,-235,104
1,-235,105
-1,-235,106
0,-235,108
1,-235,110
-1,-235,111
2,-235,120
-1,-235,124
-2,-235,129
-1,-235,152
1,-234,-33
2,-234,-31
2,-234,-27
1,-234,-25
1,-234,-23
3,-234,-22
4,-234,-21
2,-234,-20
1,-234,-19
2,-234,-18
4,-234,-17
1,-234,-16
4,-234,-15
1,-234,-14
2,-234,-13
1,-234,-12
3,-234,-11
3,-234,-10
1,-234,-9
12,-234,-8
4,-234,-7
4,-234,-6
9,-234,-5
4,-234,-4
1,-234,-3
1,-234,-2
5,-234,-1
3,-234,0
6,-234,1
6,-234,2
1,-234,3
6,-234,4
9,-234,5
9,-234,6
4,-234,7
6,-234,8
6,-234,9
7,-234,10
9,-234,11
1,-234,12
7,-234,13
6,-234,14
7,-234,15
1,-234,16
7,-234,17
1,-234,18
1,-234,19
2,-234,20
6,-234,21
5,-234,22
5,-234,23
4,-234,24
4,-234,25
2,-234,26
3,-234,27
1,-234,29
1,-234,30
4,-234,31
6,-234,32
1,-234,33
4,-234,34
2,-234,35
4,-234,36
5,-234,37
3,-234,38
3,-234,39
4,-234,40
11,-234,41
1,-234,42
2,-234,43
2,-234,46
2,-234,47
2,-234,48
3,-234,49
2,-234,51
4,-234,52
1,-234,53
5,-234,55
3,-234,56
2,-234,57
2,-234,59
1,-234,60
2,-234,61
3,-234,62
2,-234,64
2,-234,65
1,-234,66
3,-234,67
1,-234,69
1,-234,70
2,-234,71
1,-234,74
1,-234,77
1,-234,79
1,-234,83
3,-234,84
1,-234,85
1,-234,86
3,-234,88
1,-234,89
1,-234,90
1,-234,95
1,-234,96
1,-234,104
1,-234,108
1,-234,109
1,-234,110
2,-234,111
1,-234,115
1,-234,116
1,-234,119
1,-234,125
1,-234,130
2,-234,143
1,-234,243
-1,-233,-40
-1,-233,-38
1,-233,-37
1,-233,-36
-1,-233,-34
-1,-233,-33
0,-233,-29
-2,-233,-27
-1,-233,-26
-2,-233,-25
1,-233,-24
-1,-233,-23
-1,-233,-22
0,-233,-21
-2,-233,-20
-2,-233,-19
-1,-233,-18
2,-233,-17
-2,-233,-16
2,-233,-15
0,-233,-14
-1,-233,-13
1,-233,-12
-2,-233,-11
1,-233,-10
1,-233,-9
-7,-233,-8
3,-233,-7
3,-233,-6
-6,-233,-5
3,-233,-4
-1,-233,-3
0,-233,-2
3,-233,-1
-5,-233,0
9,-233,1
0,-233,2
8,-233,3
4,-233,4
3,-233,5
1,-233,6
-6,-233,7
2,-233,8
1,-233,9
1,-233,10
0,-233,11
-1,-233,12
5,-233,13
2,-233,14
2,-233,15
5,-233,16
2,-233,17
4,-233,18
6,-233,19
3,-233,20
1,-233,21
2,-233,22
0,-233,23
3,-233,24
2,-233,25
4,-233,26
3,-233,27
-2,-233,28
4,-233,29
-1,-233,30
3,-233,31
2,-233,32
1,-233,33
3,-233,34
-2,-233,35
5,-233,36
3,-233,37
3,-233,38
1,-233,39
-1,-233,40
1,-233,41
2,-233,42
0,-233,43
3,-233,44
0,-233,45
2,-233,46
2,-233,47
1,-233,48
-3,-233,49
1,-233,50
1,-233,51
3,-233,52
3,-233,53
-2,-233,54
1,-233,55
0,-233,56
2,-233,57
4,-233,58
4,-233,59
1,-233,61
2,-233,62
1,-233,64
-1,-233,65
2,-233,66
2,-233,67
1,-233,68
-1,-233,69
1,-233,70
-1,-233,71
0,-233,72
-3,-233,73
-1,-233,74
1,-233,75
1,-233,77
1,-233,78
1,-233,81
-1,-233,82
1,-233,83
3,-233,85
1,-233,86
0,-233,87
2,-233,88
-1,-233,89
-1,-233,91
1,-233,92
-2,-233,93
1,-233,95
2,-233,98
0,-233,99
0,-233,102
1,-233,103
-1,-233,104
1,-233,106
-1,-233,109
1,-233,110
2,-233,111
0,-233,116
1,-233,117
-1,-233,119
-2,-233,120
-1,-233,131
1,-233,173
-1,-232,-29
-2,-232,-28
1,-232,-26
2,-232,-25
4,-232,-22
1,-232,-21
2,-232,-20
1,-232,-19
2,-232,-18
1,-232,-17
4,-232,-16
4,-232,-15
1,-232,-14
0,-232,-13
1,-232,-12
3,-232,-11
5,-232,-10
2,-232,-9
4,-232,-8
2,-232,-7
7,-232,-6
8,-232,-5
8,-232,-4
-2,-232,-3
6,-232,-2
3,-232,-1
0,-232,0
7,-232,1
2,-232,2
4,-232,3
9,-232,4
13,-232,5
8,-232,6
-1,-232,7
-3,-232,8
6,-232,9
2,-232,10
8,-232,11
0,-232,12
7,-232,13
1,-232,14
6,-232,15
7,-232,16
6,-232,17
5,-232,18
7,-232,20
8,-232,21
9,-232,22
5,-232,23
5,-232,25
3,-232,26
4,-232,27
4,-232,28
2,-232,29
4,-232,30
6,-232,31
2,-232,32
1,-232,33
5,-232,34
4,-232,35
4,-232,36
3,-232,37
5,-232,38
-1,-232,40
5,-232,41
2,-232,42
2,-232,43
3,-232,44
1,-232,45
0,-232,46
4,-232,47
2,-232,48
3,-232,49
7,-232,50
-1,-232,51
4,-232,52
0,-232,53
1,-232,54
3,-232,55
1,-232,56
3,-232,57
6,-232,58
1,-232,59
4,-232,62
0,-232,63
1,-232,64
2,-232,65
2,-232,66
1,-232,68
1,-232,69
-1,-232,71
2,-232,72
4,-232,73
1,-232,74
1,-232,76
2,-232,79
1,-232,81
2,-232,83
4,-232,85
1,-232,86
3,-232,88
0,-232,89
2,-232,92
1,-232,93
1,-232,94
4,-232,95
2,-232,98
-1,-232,99
0,-232,100
3,-232,109
1,-232,111
1,-232,112
2,-232,113
1,-232,115
1,-232,117
2,-232,122
1,-232,123
1,-232,127
1,-232,129
-2,-232,130
1,-232,131
1,-232,141
1,-232,147
1,-232,163
-1,-231,-40
-1,-231,-36
1,-231,-33
1,-231,-32
-1,-231,-31
-1,-231,-29
1,-231,-28
-1,-231,-27
-1,-231,-25
1,-231,-24
-5,-231,-23
1,-231,-21
0,-231,-20
1,-231,-18
3,-231,-17
-11,-231,-16
0,-231,-15
1,-231,-14
1,-231,-13
-2,-231,-12
-4,-231,-11
-8,-231,-10
1,-231,-8
2,-231,-7
0,-231,-6
-1,-231,-5
2,-231,-4
-15,-231,-3
-2,-231,-2
5,-231,-1
-2,-231,0
1,-231,1
2,-231,2
-1,-231,3
-2,-231,4
1,-231,5
4,-231,6
0,-231,7
3,-231,8
4,-231,9
-1,-231,10
3,-231,11
-1,-231,12
-2,-231,13
0,-231,14
5,-231,15
1,-231,16
4,-231,17
-1,-231,18
1,-231,19
-1,-231,21
2,-231,22
-1,-231,23
3,-231,24
2,-231,25
-2,-231,26
-1,-231,27
-1,-231,28
0,-231,29
-1,-231,30
2,-231,31
2,-231,32
-2,-231,33
1,-231,34
1,-231,35
-2,-231,36
1,-231,37
3,-231,38
1,-231,39
-1,-231,40
1,-231,41
2,-231,42
-1,-231,44
0,-231,45
0,-231,46
0,-231,47
1,-231,48
1,-231,49
1,-231,50
-2,-231,51
-1,-231,52
-1,-231,53
0,-231,54
-1,-231,55
-1,-231,56
-1,-231,57
1,-231,58
1,-231,59
-1,-231,60
-1,-231,62
-1,-231,63
-1,-231,65
-1,-231,66
1,-231,67
-2,-231,68
1,-231,70
1,-231,71
0,-231,74
-1,-231,76
-1,-231,81
-1,-231,83
1,-231,84
1,-231,85
-1,-231,86
-1,-231,87
1,-231,88
1,-231,89
1,-231,90
1,-231,92
-1,-231,97
-1,-231,104
1,-231,106
-1,-231,110
1,-231,112
1,-231,115
1,-231,124
0,-231,128
1,-231,132
-1,-231,136
-1,-231,168
-1,-230,-31
1,-230,-27
-1,-230,-26
2,-230,-25
1,-230,-24
1,-230,-23
3,-230,-22
3,-230,-21
3,-230,-20
1,-230,-19
3,-230,-18
6,-230,-17
1,-230,-16
5,-230,-15
0,-230,-14
2,-230,-13
-1,-230,-12
7,-230,-11
4,-230,-10
2,-230,-9
0,-230,-8
3,-230,-7
5,-230,-6
0,-230,-5
6,-230,-4
2,-230,-3
2,-230,-2
8,-230,-1
7,-230,0
7,-230,1
1,-230,2
5,-230,3
15,-230,4
7,-230,5
10,-230,6
0,-230,7
4,-230,8
7,-230,9
8,-230,10
7,-230,11
2,-230,12
6,-230,13
4,-230,14
7,-230,15
4,-230,16
4,-230,17
8,-230,18
4,-230,19
8,-230,20
4,-230,21
5,-230,22
0,-230,23
7,-230,25
3,-230,26
3,-230,27
3,-230,28
8,-230,29
1,-230,30
4,-230,31
3,-230,32
2,-230,33
2,-230,34
4,-230,35
5,-230,36
5,-230,37
3,-230,38
4,-230,39
1,-230,40
6,-230,41
-1,-230,43
3,-230,44
1,-230,45
0,-230,46
1,-230,47
2,-230,48
2,-230,49
2,-230,50
1,-230,51
3,-230,52
2,-230,53
3,-230,54
6,-230,55
1,-230,56
1,-230,57
2,-230,58
2,-230,59
4,-230,60
4,-230,62
1,-230,63
0,-230,64
1,-230,65
2,-230,66
3,-230,67
2,-230,68
5,-230,69
2,-230,70
0,-230,71
1,-230,74
1,-230,75
0,-230,76
1,-230,79
1,-230,81
1,-230,82
3,-230,83
4,-230,88
2,-230,90
1,-230,91
-1,-230,92
1,-230,93
3,-230,96
2,-230,98
2,-230,99
-1,-230,100
1,-230,101
3,-230,102
-1,-230,104
4,-230,106
-1,-230,107
1,-230,110
2,-230,111
1,-230,112
4,-230,113
1,-230,116
3,-230,120
1,-230,122
1,-230,124
1,-230,125
1,-230,126
2,-230,127
1,-230,128
-1,-230,130
1,-230,131
1,-230,132
1,-230,145
1,-230,149
1,-230,152
1,-230,215
-1,-229,-38
1,-229,-35
-1,-229,-33
0,-229,-29
1,-229,-28
-1,-229,-27
2,-229,-26
-1,-229,-25
1,-229,-24
-1,-229,-23
-1,-229,-22
1,-229,-21
2,-229,-20
-3,-229,-19
-2,-229,-18
2,-229,-17
2,-229,-16
5,-229,-15
0,-229,-14
0,-229,-13
2,-229,-12
-2,-229,-11
2,-229,-10
3,-229,-8
2,-229,-7
9,-229,-6
8,-229,-5
4,-229,-4
-1,-229,-3
2,-229,-2
8,-229,-1
-7,-229,0
6,-229,1
4,-229,3
3,-229,4
5,-229,5
6,-229,6
5,-229,7
7,-229,8
-3,-229,9
4,-229,10
3,-229,11
2,-229,12
8,-229,13
-1,-229,14
1,-229,15
7,-229,16
8,-229,17
6,-229,18
-4,-229,19
12,-229,20
0,-229,21
5,-229,22
5,-229,23
2,-229,24
4,-229,25
0,-229,26
3,-229,27
-5,-229,28
6,-229,29
2,-229,30
3,-229,31
3,-229,32
3,-229,33
6,-229,34
1,-229,35
2,-229,36
4,-229,37
2,-229,38
1,-229,39
-4,-229,40
3,-229,41
0,-229,42
3,-229,43
1,-229,45
2,-229,46
3,-229,47
7,-229,48
0,-229,49
3,-229,50
-1,-229,51
3,-229,52
2,-229,53
-2,-229,54
0,-229,55
0,-229,56
0,-229,57
2,-229,58
2,-229,59
-1,-229,60
-1,-229,61
0,-229,62
-1,-229,63
1,-229,64
-1,-229,65
1,-229,66
1,-229,67
1,-229,68
1,-229,69
0,-229,70
1,-229,71
-2,-229,72
0,-229,73
2,-229,75
2,-229,76
1,-229,77
1,-229,78
2,-229,79
2,-229,80
1,-229,81
-1,-229,82
-1,-229,84
4,-229,85
-1,-229,86
-4,-229,87
2,-229,89
1,-229,92
-1,-229,93
1,-229,94
-1,-229,95
2,-229,96
0,-229,97
1,-229,98
5,-229,100
-2,-229,101
1,-229,102
2,-229,103
1,-229,106
0,-229,108
1,-229,109
-1,-229,110
1,-229,113
1,-229,114
1,-229,116
1,-229,117
2,-229,120
1,-229,121
2,-229,123
0,-229,125
1,-229,126
-2,-229,127
-3,-229,129
1,-229,131
-1,-229,133
2,-229,138
1,-229,144
-1,-229,149
1,-229,151
-1,-229,163
-1,-229,165
1,-229,174
-1,-229,384
-1,-229,415
2,-228,-31
1,-228,-29
-2,-228,-28
2,-228,-26
-1,-228,-23
1,-228,-22
1,-228,-21
1,-228,-20
1,-228,-18
2,-228,-17
1,-228,-16
5,-228,-15
0,-228,-14
0,-228,-13
6,-228,-12
2,-228,-11
5,-228,-10
0,-228,-9
8,-228,-8
4,-228,-7
6,-228,-6
7,-228,-5
8,-228,-4
-5,-228,-3
3,-228,-2
5,-228,-1
3,-228,0
8,-228,1
0,-228,2
-4,-228,3
8,-228,4
5,-228,5
8,-228,6
1,-228,7
7,-228,8
10,-228,9
10,-228,10
9,-228,11
1,-228,12
5,-228,13
4,-228,14
6,-228,15
7,-228,16
5,-228,17
3,-228,18
4,-228,19
5,-228,20
4,-228,21
6,-228,22
5,-228,23
2,-228,24
6,-228,25
6,-228,26
5,-228,27
4,-228,28
1,-228,29
3,-228,30
2,-228,31
3,-228,32
1,-228,33
6,-228,34
2,-228,35
1,-228,36
1,-228,37
1,-228,38
3,-228,39
2,-228,40
6,-228,41
3,-228,42
1,-228,43
5,-228,44
1,-228,46
2,-228,47
3,-228,48
1,-228,49
1,-228,50
1,-228,51
5,-228,52
0,-228,53
-2,-228,54
2,-228,55
1,-228,56
1,-228,57
2,-228,58
1,-228,59
1,-228,60
-1,-228,61
1,-228,62
2,-228,63
0,-228,64
2,-228,65
1,-228,66
2,-228,67
1,-228,68
3,-228,69
2,-228,70
4,-228,71
0,-228,72
1,-228,73
2,-228,74
1,-228,75
-1,-228,77
1,-228,78
0,-228,79
0,-228,80
-2,-228,81
1,-228,82
1,-228,83
1,-228,84
3,-228,85
1,-228,87
1,-228,90
-1,-228,91
2,-228,95
1,-228,96
1,-228,97
1,-228,98
2,-228,99
1,-228,102
1,-228,103
3,-228,105
1,-228,106
1,-228,107
1,-228,109
1,-228,111
1,-228,113
1,-228,114
-1,-228,115
1,-228,116
1,-228,117
1,-228,118
2,-228,119
4,-228,120
-1,-228,123
1,-228,124
0,-228,125
1,-228,126
2,-228,128
2,-228,129
1,-228,131
2,-228,132
1,-228,136
-1,-228,138
2,-228,141
-1,-228,145
1,-228,146
1,-228,151
1,-228,157
-1,-227,-46
1,-227,-37
-1,-227,-36
1,-227,-34
-1,-227,-32
-3,-227,-31
-6,-227,-29
1,-227,-28
1,-227,-27
1,-227,-26
-1,-227,-25
-1,-227,-24
-4,-227,-23
1,-227,-22
-2,-227,-21
2,-227,-20
-5,-227,-19
-2,-227,-18
3,-227,-17
1,-227,-16
-1,-227,-15
-1,-227,-14
-1,-227,-13
5,-227,-12
2,-227,-11
3,-227,-10
-3,-227,-9
-2,-227,-8
3,-227,-7
2,-227,-6
1,-227,-5
3,-227,-4
-5,-227,-3
2,-227,-2
2,-227,-1
-3,-227,0
4,-227,1
2,-227,2
8,-227,3
3,-227,4
-4,-227,5
11,-227,6
-5,-227,7
4,-227,8
2,-227,9
1,-227,10
7,-227,11
0,-227,12
6,-227,13
11,-227,14
4,-227,15
-1,-227,16
0,-227,17
3,-227,18
3,-227,19
4,-227,20
0,-227,21
5,-227,22
0,-227,23
2,-227,24
4,-227,25
1,-227,26
2,-227,27
1,-227,28
1,-227,29
4,-227,31
1,-227,32
-2,-227,33
5,-227,34
2,-227,35
2,-227,36
7,-227,37
-1,-227,38
1,-227,39
0,-227,40
0,-227,41
1,-227,42
1,-227,43
3,-227,44
-1,-227,45
1,-227,46
2,-227,47
-2,-227,48
1,-227,50
4,-227,51
2,-227,52
0,-227,53
2,-227,54
2,-227,55
1,-227,56
1,-227,57
1,-227,58
0,-227,59
1,-227,61
1,-227,62
2,-227,63
1,-227,65
2,-227,66
1,-227,67
0,-227,68
1,-227,69
2,-227,71
-1,-227,72
1,-227,73
1,-227,74
5,-227,75
-2,-227,76
-3,-227,78
0,-227,81
-2,-227,82
1,-227,83
1,-227,85
1,-227,87
2,-227,88
3,-227,89
1,-227,92
2,-227,94
1,-227,98
-1,-227,99
0,-227,100
0,-227,101
1,-227,102
-2,-227,104
1,-227,105
-2,-227,106
1,-227,107
1,-227,108
1,-227,109
-2,-227,110
1,-227,111
1,-227,112
1,-227,113
-1,-227,114
-1,-227,115
1,-227,116
-1,-227,117
2,-227,118
0,-227,120
2,-227,121
3,-227,122
-1,-227,124
0,-227,125
1,-227,126
1,-227,127
1,-227,128
-1,-227,129
0,-227,130
1,-227,131
2,-227,132
-1,-227,133
1,-227,136
-1,-227,137
1,-227,138
1,-227,141
-1,-227,143
1,-227,147
1,-227,161
1,-227,169
1,-227,178
1,-227,180
1,-226,-39
-1,-226,-38
1,-226,-22
1,-226,-18
-1,-226,-14
1,-226,-13
1,-226,-12
4,-226,-11
1,-226,-10
1,-226,-9
2,-226,-8
3,-226,-6
2,-226,-5
2,-226,-4
1,-226,-3
1,-226,-2
0,-226,-1
3,-226,0
2,-226,1
2,-226,3
3,-226,5
2,-226,6
2,-226,7
-1,-226,8
2,-226,9
1,-226,11
2,-226,13
1,-226,14
1,-226,15
2,-226,16
1,-226,18
2,-226,21
1,-226,22
1,-226,24
3,-226,25
0,-226,26
2,-226,27
1,-226,28
2,-226,29
2,-226,32
1,-226,33
2,-226,34
1,-226,39
0,-226,43
2,-226,46
-1,-226,47
2,-226,48
-1,-226,49
1,-226,50
1,-226,51
4,-226,52
1,-226,53
-2,-226,56
1,-226,58
3,-226,59
1,-226,60
1,-226,62
1,-226,68
-1,-226,69
-1,-226,73
1,-226,78
0,-226,80
-1,-226,82
1,-226,89
-1,-226,93
1,-226,99
1,-226,106
1,-226,111
2,-226,114
1,-226,116
1,-226,121
0,-226,129
-1,-225,-44
-3,-225,-40
1,-225,-31
2,-225,-28
3,-225,-26
1,-225,-25
-1,-225,-24
1,-225,-23
3,-225,-22
0,-225,-21
2,-225,-20
-1,-225,-19
2,-225,-18
3,-225,-17
1,-225,-16
4,-225,-15
2,-225,-13
1,-225,-11
7,-225,-10
-1,-225,-9
0,-225,-8
3,-225,-6
1,-225,-5
2,-225,-4
-1,-225,-3
4,-225,-2
0,-225,-1
5,-225,0
4,-225,1
0,-225,2
1,-225,3
1,-225,4
11,-225,5
5,-225,6
-1,-225,7
4,-225,8
4,-225,9
2,-225,10
6,-225,11
0,-225,12
6,-225,13
3,-225,14
2,-225,15
6,-225,16
8,-225,17
1,-225,18
4,-225,19
7,-225,20
1,-225,21
3,-225,22
3,-225,25
2,-225,26
5,-225,27
0,-225,28
2,-225,29
1,-225,30
1,-225,31
1,-225,32
4,-225,33
5,-225,34
-2,-225,35
1,-225,36
2,-225,37
3,-225,38
2,-225,39
2,-225,40
1,-225,41
1,-225,42
-1,-225,45
-2,-225,46
0,-225,47
0,-225,49
2,-225,50
-1,-225,51
2,-225,52
2,-225,53
0,-225,54
1,-225,57
1,-225,58
2,-225,59
0,-225,61
3,-225,63
0,-225,64
-2,-225,66
3,-225,67
-1,-225,71
1,-225,73
1,-225,74
1,-225,75
1,-225,78
2,-225,79
1,-225,81
1,-225,82
3,-225,83
0,-225,87
2,-225,89
1,-225,90
1,-225,92
-1,-225,93
1,-225,96
-1,-225,97
1,-225,98
-1,-225,99
0,-225,101
-1,-225,102
1,-225,104
2,-225,105
1,-225,106
-1,-225,107
-1,-225,108
3,-225,109
0,-225,110
2,-225,111
1,-225,112
1,-225,113
1,-225,114
1,-225,115
-2,-225,116
1,-225,117
-1,-225,118
2,-225,119
-1,-225,120
2,-225,121
0,-225,122
2,-225,125
3,-225,126
1,-225,127
2,-225,129
1,-225,130
3,-225,131
1,-225,132
1,-225,133
1,-225,136
3,-225,137
2,-225,139
-1,-225,141
3,-225,142
1,-225,146
1,-225,149
1,-225,150
1,-225,151
1,-225,152
1,-225,169
1,-225,190
-1,-225,401
1,-224,-33
2,-224,-29
1,-224,-27
1,-224,-26
1,-224,-22
2,-224,-20
1,-224,-18
3,-224,-17
-1,-224,-16
3,-224,-15
1,-224,-14
3,-224,-13
0,-224,-12
4,-224,-11
0,-224,-10
3,-224,-8
1,-224,-7
5,-224,-5
2,-224,-4
1,-224,-3
4,-224,-2
2,-224,-1
9,-224,0
3,-224,1
0,-224,3
3,-224,4
3,-224,5
3,-224,6
1,-224,7
3,-224,8
1,-224,10
2,-224,11
1,-224,12
1,-224,13
1,-224,14
-1,-224,15
4,-224,16
-1,-224,17
-1,-224,18
0,-224,19
1,-224,20
3,-224,21
1,-224,22
2,-224,23
1,-224,24
1,-224,25
2,-224,26
2,-224,27
2,-224,28
2,-224,29
3,-224,30
1,-224,31
2,-224,32
1,-224,34
2,-224,38
1,-224,39
1,-224,41
3,-224,43
-1,-224,45
0,-224,47
2,-224,48
2,-224,49
1,-224,50
1,-224,52
-2,-224,54
1,-224,55
-1,-224,56
1,-224,57
1,-224,58
4,-224,59
0,-224,60
1,-224,62
1,-224,63
-1,-224,65
2,-224,66
-1,-224,67
0,-224,69
1,-224,71
2,-224,72
0,-224,73
-2,-224,74
1,-224,78
1,-224,79
1,-224,80
-1,-224,81
0,-224,82
-1,-224,84
-1,-224,86
1,-224,88
1,-224,89
-1,-224,90
-1,-224,91
1,-224,92
1,-224,94
3,-224,96
1,-224,98
-1,-224,99
1,-224,100
1,-224,102
-1,-224,103
2,-224,104
-1,-224,106
1,-224,107
1,-224,109
1,-224,110
2,-224,112
2,-224,113
-1,-224,115
1,-224,116
-1,-224,119
1,-224,120
0,-224,121
2,-224,122
1,-224,123
4,-224,127
1,-224,130
1,-224,131
3,-224,137
2,-224,139
1,-224,140
1,-224,141
-1,-224,143
1,-224,149
2,-224,151
1,-224,155
-1,-223,-29
1,-223,-28
-1,-223,-27
0,-223,-25
-2,-223,-24
3,-223,-23
3,-223,-21
2,-223,-20
-3,-223,-19
3,-223,-18
0,-223,-17
2,-223,-16
0,-223,-15
-1,-223,-13
1,-223,-11
5,-223,-10
-3,-223,-9
-1,-223,-8
2,-223,-7
-1,-223,-6
3,-223,-5
5,-223,-4
-2,-223,-3
0,-223,-2
-3,-223,0
2,-223,1
18,-223,2
0,-223,3
4,-223,4
-1,-223,5
1,-223,6
-1,-223,7
2,-223,8
4,-223,9
2,-223,10
2,-223,11
1,-223,13
1,-223,14
2,-223,15
2,-223,16
3,-223,17
3,-223,19
3,-223,20
3,-223,21
3,-223,22
1,-223,23
2,-223,24
4,-223,25
-1,-223,26
1,-223,27
-2,-223,28
2,-223,29
1,-223,30
4,-223,31
1,-223,32
2,-223,34
2,-223,36
1,-223,37
2,-223,38
-1,-223,40
0,-223,42
-1,-223,43
0,-223,45
-1,-223,48
-1,-223,51
1,-223,52
1,-223,53
1,-223,54
1,-223,55
-1,-223,57
2,-223,58
1,-223,59
2,-223,60
1,-223,62
-1,-223,63
1,-223,69
0,-223,72
2,-223,73
1,-223,76
1,-223,77
1,-223,82
-1,-223,84
3,-223,85
-2,-223,87
3,-223,88
-1,-223,89
0,-223,93
-1,-223,94
1,-223,95
-1,-223,97
-1,-223,100
2,-223,101
1,-223,103
1,-223,104
-1,-223,105
5,-223,106
-1,-223,108
2,-223,109
0,-223,110
-2,-223,112
0,-223,114
-3,-223,115
0,-223,116
1,-223,117
0,-223,118
1,-223,119
2,-223,121
-1,-223,122
-1,-223,125
-2,-223,127
0,-223,130
1,-223,131
0,-223,132
-1,-223,133
1,-223,134
-1,-223,135
3,-223,136
2,-223,137
2,-223,143
1,-223,148
1,-223,149
1,-223,151
-1,-223,152
2,-223,159
1,-223,162
-1,-223,165
1,-223,186
1,-222,-36
1,-222,-32
-1,-222,-31
-1,-222,-29
0,-222,-27
1,-222,-25
-4,-222,-23
-1,-222,-21
-1,-222,-19
1,-222,-18
1,-222,-17
-6,-222,-16
-1,-222,-14
2,-222,-13
3,-222,-12
-1,-222,-11
3,-222,-10
0,-222,-9
1,-222,-8
1,-222,-7
0,-222,-5
3,-222,-4
-6,-222,-3
1,-222,-2
1,-222,-1
-1,-222,0
1,-222,1
0,-222,3
2,-222,4
4,-222,5
2,-222,6
2,-222,8
1,-222,9
-1,-222,10
2,-222,11
1,-222,13
1,-222,14
4,-222,15
2,-222,16
-1,-222,18
1,-222,19
2,-222,20
0,-222,21
2,-222,22
1,-222,25
2,-222,26
2,-222,29
3,-222,31
2,-222,32
1,-222,34
-1,-222,35
0,-222,36
1,-222,37
-2,-222,40
1,-222,41
0,-222,42
1,-222,43
1,-222,44
-3,-222,46
-1,-222,47
-1,-222,49
1,-222,50
-1,-222,54
0,-222,55
1,-222,57
-1,-222,60
1,-222,61
0,-222,62
-1,-222,65
1,-222,66
-1,-222,67
1,-222,68
1,-222,69
1,-222,70
0,-222,73
1,-222,74
0,-222,78
1,-222,82
-2,-222,84
1,-222,85
-1,-222,86
0,-222,87
-1,-222,90
-2,-222,93
-2,-222,97
2,-222,98
0,-222,99
-1,-222,100
-1,-222,104
1,-222,105
0,-222,106
1,-222,108
0,-222,110
1,-222,111
-1,-222,112
1,-222,115
-2,-222,117
-2,-222,119
2,-222,120
-1,-222,121
2,-222,122
-2,-222,123
1,-222,125
0,-222,126
1,-222,127
1,-222,128
-1,-222,129
1,-222,130
1,-222,131
1,-222,132
0,-222,134
1,-222,136
2,-222,137
-1,-222,138
1,-222,140
-1,-222,143
-1,-222,145
1,-222,147
-1,-222,148
1,-222,151
1,-222,152
1,-222,155
1,-222,159
1,-222,164
1,-221,-38
0,-221,-15
1,-221,-12
2,-221,-11
0,-221,-8
4,-221,-7
-1,-221,-6
1,-221,-5
2,-221,-4
0,-221,-2
2,-221,-1
2,-221,4
3,-221,5
1,-221,6
1,-221,8
3,-221,9
1,-221,11
3,-221,13
1,-221,14
1,-221,15
1,-221,16
1,-221,18
1,-221,19
1,-221,21
1,-221,22
1,-221,25
1,-221,26
1,-221,27
1,-221,30
2,-221,31
1,-221,32
1,-221,34
1,-221,36
1,-221,40
1,-221,46
1,-221,51
2,-221,57
1,-221,59
-1,-221,80
-1,-221,87
1,-221,88
1,-221,96
1,-221,97
1,-221,99
1,-221,100
1,-221,104
0,-221,106
1,-221,108
5,-221,109
1,-221,110
1,-221,111
1,-221,114
2,-221,115
2,-221,116
1,-221,117
-1,-221,118
2,-221,121
2,-221,122
1,-221,123
2,-221,126
1,-221,127
1,-221,128
1,-221,130
3,-221,131
1,-221,132
-3,-221,133
2,-221,134
-2,-221,135
1,-221,136
-1,-221,137
1,-221,138
1,-221,139
1,-221,140
-2,-221,141
1,-221,142
2,-221,143
0,-221,144
2,-221,146
2,-221,147
1,-221,152
1,-221,158
0,-221,160
1,-221,164
-1,-221,169
-1,-221,173
1,-221,180
1,-221,181
-2,-220,-25
-1,-220,-21
-2,-220,-18
-2,-220,-14
1,-220,-10
-1,-220,-9
1,-220,-7
1,-220,-6
-1,-220,-5
1,-220,-4
-1,-220,-3
2,-220,1
1,-220,3
-1,-220,8
0,-220,10
1,-220,16
-1,-220,27
1,-220,29
1,-220,38
1,-220,40
1,-220,42
-1,-220,46
-1,-220,53
-1,-220,54
-1,-220,58
-1,-220,61
-1,-220,63
-2,-220,65
-1,-220,67
-2,-220,69
-1,-220,70
-1,-220,75
-1,-220,78
-3,-220,80
-2,-220,88
1,-220,89
-1,-220,90
-1,-220,93
1,-220,98
-1,-220,100
0,-220,101
0,-220,102
0,-220,103
0,-220,104
-2,-220,105
0,-220,108
1,-220,109
-2,-220,110
0,-220,113
-1,-220,114
-2,-220,115
-2,-220,118
-2,-220,119
-1,-220,121
-2,-220,124
1,-220,125
1,-220,126
-1,-220,128
-3,-220,130
1,-220,133
-1,-220,135
-1,-220,136
-1,-220,139
-2,-220,145
1,-220,146
1,-220,150
-2,-220,151
-1,-220,156
-2,-220,158
-1,-220,162
-1,-220,259
1,-219,-25
1,-219,-22
-1,-219,-15
1,-219,-5
1,-219,-2
1,-219,-1
1,-219,0
1,-219,13
1,-219,22
1,-219,32
1,-219,34
1,-219,53
1,-219,98
1,-219,99
1,-219,104
2,-219,109
0,-219,110
1,-219,114
-1,-219,116
2,-219,117
1,-219,119
-2,-219,120
1,-219,122
1,-219,123
2,-219,124
-1,-219,125
2,-219,127
1,-219,128
0,-219,129
1,-219,130
3,-219,131
-2,-219,133
3,-219,134
-4,-219,135
1,-219,136
4,-219,138
-1,-219,141
1,-219,144
-1,-219,146
1,-219,148
1,-219,152
1,-219,158
-1,-219,160
1,-219,161
2,-219,167
1,-219,168
-1,-219,173
1,-219,180
1,-218,-26
1,-218,-15
-1,-218,-14
1,-218,-8
1,-218,9
-1,-218,12
1,-218,26
-1,-218,73
-1,-218,75
-2,-218,78
-2,-218,82
-1,-218,84
-1,-218,86
-1,-218,88
-1,-218,90
-1,-218,93
-1,-218,99
-2,-218,101
-1,-218,102
-3,-218,104
0,-218,105
0,-218,106
3,-218,108
0,-218,109
-1,-218,110
1,-218,111
1,-218,114
0,-218,115
-1,-218,116
2,-218,117
-1,-218,118
3,-218,119
1,-218,120
1,-218,121
2,-218,122
-2,-218,123
5,-218,125
3,-218,126
0,-218,127
2,-218,129
4,-218,130
1,-218,131
2,-218,132
-1,-218,133
2,-218,134
1,-218,135
1,-218,136
2,-218,137
2,-218,138
-2,-218,139
1,-218,140
3,-218,142
0,-218,143
1,-218,145
2,-218,146
1,-218,147
1,-218,148
1,-218,149
1,-218,151
1,-218,152
1,-218,153
-1,-218,154
1,-218,155
1,-218,157
2,-218,158
1,-218,161
1,-218,169
1,-218,278
-1,-217,-23
1,-217,9
1,-217,16
-1,-217,25
1,-217,29
-1,-217,97
-1,-217,102
1,-217,103
-1,-217,105
1,-217,106
-2,-217,109
1,-217,110
2,-217,111
1,-217,113
0,-217,115
-1,-217,117
-2,-217,118
3,-217,119
1,-217,120
2,-217,121
2,-217,122
1,-217,123
3,-217,124
1,-217,125
2,-217,126
2,-217,129
2,-217,130
1,-217,131
3,-217,132
2,-217,133
2,-217,134
1,-217,135
1,-217,136
1,-217,139
1,-217,140
2,-217,141
3,-217,142
2,-217,143
1,-217,144
3,-217,147
-1,-217,150
1,-217,152
2,-217,154
1,-217,155
2,-217,156
2,-217,162
3,-217,163
1,-217,172
-1,-217,174
1,-217,184
1,-217,210
-1,-217,299
1,-216,-15
1,-216,-1
-1,-216,7
1,-216,15
-1,-216,23
0,-216,25
1,-216,26
-1,-216,28
1,-216,29
-1,-216,49
-1,-216,62
-1,-216,78
-1,-216,84
-1,-216,95
-3,-216,97
-3,-216,99
2,-216,100
-1,-216,101
-1,-216,103
1,-216,106
0,-216,108
1,-216,111
-1,-216,112
-1,-216,113
1,-216,114
-1,-216,115
1,-216,116
4,-216,117
1,-216,118
-2,-216,119
1,-216,120
-1,-216,121
2,-216,122
1,-216,124
-2,-216,125
3,-216,126
0,-216,127
1,-216,128
0,-216,130
1,-216,131
1,-216,132
-1,-216,133
3,-216,134
2,-216,135
3,-216,136
3,-216,137
2,-216,138
2,-216,141
1,-216,143
-2,-216,144
-1,-216,146
1,-216,147
2,-216,149
1,-216,151
1,-216,152
1,-216,153
1,-216,155
-1,-216,156
0,-216,158
-2,-216,160
-2,-216,163
1,-216,164
0,-216,171
1,-216,188
-1,-216,390
-1,-215,-8
-1,-215,-5
1,-215,19
-1,-215,100
-1,-215,109
1,-215,111
-1,-215,112
-1,-215,115
-4,-215,118
1,-215,119
1,-215,120
2,-215,122
0,-215,123
-1,-215,127
-1,-215,128
0,-215,130
3,-215,131
-1,-215,132
-3,-215,133
0,-215,138
-2,-215,140
1,-215,142
1,-215,145
1,-215,146
2,-215,148
2,-215,151
1,-215,153
1,-215,155
-1,-215,156
1,-215,163
-1,-214,-23
-1,-214,-19
-3,-214,-16
-1,-214,-15
-1,-214,-13
-1,-214,-12
1,-214,-10
-2,-214,-6
-1,-214,-4
-2,-214,-2
1,-214,-1
-2,-214,0
-1,-214,3
-2,-214,8
-1,-214,10
-1,-214,23
-1,-214,28
-1,-214,33
-1,-214,36
-1,-214,47
-1,-214,61
-1,-214,63
-1,-214,85
1,-214,106
0,-214,110
-1,-214,112
-1,-214,113
0,-214,114
-2,-214,115
-2,-214,116
-1,-214,117
2,-214,119
2,-214,120
2,-214,121
1,-214,122
-1,-214,123
-2,-214,124
0,-214,125
0,-214,126
-3,-214,127
-1,-214,128
-2,-214,129
-2,-214,130
1,-214,131
1,-214,132
1,-214,133
2,-214,134
-2,-214,135
0,-214,136
0,-214,137
-1,-214,139
2,-214,140
-5,-214,141
-1,-214,143
-1,-214,144
2,-214,146
5,-214,147
-2,-214,148
1,-214,149
-2,-214,150
1,-214,151
-2,-214,152
1,-214,153
0,-214,154
2,-214,155
-2,-214,156
1,-214,158
2,-214,159
0,-214,160
-1,-214,163
2,-214,164
-1,-214,167
0,-214,169
1,-214,170
1,-214,183
1,-214,274
-1,-214,365
-1,-214,810
1,-213,-1
1,-213,0
-2,-213,21
-1,-213,90
-2,-213,93
-3,-213,95
-2,-213,97
-2,-213,108
1,-213,109
-3,-213,110
1,-213,111
-2,-213,112
-2,-213,114
-1,-213,121
2,-213,124
1,-213,125
1,-213,126
1,-213,127
2,-213,128
1,-213,129
3,-213,131
2,-213,132
1,-213,135
2,-213,137
2,-213,138
1,-213,139
3,-213,142
1,-213,144
1,-213,146
2,-213,147
2,-213,148
1,-213,149
1,-213,151
1,-213,153
3,-213,154
2,-213,157
1,-213,163
1,-213,164
1,-213,165
2,-213,167
1,-213,168
1,-213,174
1,-213,180
1,-213,191
1,-213,197
1,-213,198
1,-213,262
1,-213,290
-1,-212,-29
-1,-212,-21
-1,-212,-19
-1,-212,-11
-3,-212,-10
-1,-212,-8
-1,-212,-4
-1,-212,-3
-1,-212,-2
-1,-212,-1
-2,-212,0
-2,-212,1
-1,-212,4
-2,-212,7
-1,-212,10
-1,-212,11
-1,-212,15
-1,-212,16
-1,-212,18
1,-212,19
-1,-212,31
-1,-212,40
-1,-212,49
-1,-212,51
-2,-212,56
-1,-212,57
1,-212,58
-1,-212,59
-1,-212,64
-1,-212,72
-1,-212,76
1,-212,91
-1,-212,107
1,-212,108
-1,-212,109
1,-212,110
1,-212,111
1,-212,113
-1,-212,115
-1,-212,117
-3,-212,118
1,-212,119
1,-212,120
-3,-212,121
-2,-212,122
-4,-212,125
-5,-212,127
1,-212,128
-1,-212,129
1,-212,130
3,-212,131
2,-212,132
-3,-212,133
5,-212,134
1,-212,135
1,-212,136
1,-212,137
2,-212,138
-1,-212,139
1,-212,140
-7,-212,141
2,-212,142
3,-212,143
0,-212,144
1,-212,145
-4,-212,146
1,-212,147
1,-212,148
-4,-212,149
-1,-212,150
-1,-212,152
1,-212,153
1,-212,155
0,-212,156
1,-212,157
-2,-212,158
2,-212,160
1,-212,162
2,-212,163
1,-212,164
-1,-212,167
1,-212,168
0,-212,169
1,-212,173
3,-212,174
0,-212,175
1,-212,178
0,-212,184
1,-212,194
1,-212,200
1,-212,209
-1,-212,398
-1,-211,-18
-1,-211,-12
-1,-211,-5
1,-211,19
-1,-211,26
2,-211,47
-1,-211,86
-2,-211,90
-1,-211,93
1,-211,96
-2,-211,97
-4,-211,101
-4,-211,110
1,-211,111
-1,-211,112
1,-211,113
-2,-211,114
1,-211,115
3,-211,122
-2,-211,123
2,-211,124
0,-211,125
1,-211,126
0,-211,127
1,-211,129
1,-211,130
2,-211,132
2,-211,134
1,-211,137
-2,-211,138
1,-211,140
2,-211,141
2,-211,142
1,-211,143
3,-211,146
3,-211,147
1,-211,149
1,-211,151
2,-211,153
2,-211,154
2,-211,155
1,-211,156
2,-211,158
2,-211,160
1,-211,161
2,-211,162
2,-211,163
2,-211,164
1,-211,165
1,-211,166
1,-211,168
1,-211,169
1,-211,174
1,-211,175
1,-211,178
1,-211,180
1,-211,181
1,-211,183
1,-211,189
1,-211,199
-1,-210,-31
-1,-210,-26
-1,-210,-25
-1,-210,-21
-1,-210,-13
1,-210,-6
-2,-210,-3
-1,-210,2
-1,-210,7
-1,-210,8
-1,-210,10
1,-210,11
-1,-210,17
1,-210,24
-1,-210,26
-1,-210,28
-1,-210,30
1,-210,52
-1,-210,55
-1,-210,59
-1,-210,76
-1,-210,86
1,-210,113
0,-210,115
1,-210,117
-1,-210,120
-3,-210,122
1,-210,124
2,-210,125
2,-210,126
-2,-210,127
2,-210,130
5,-210,132
-2,-210,133
1,-210,134
1,-210,135
2,-210,136
-2,-210,137
0,-210,138
1,-210,140
1,-210,141
2,-210,142
2,-210,143
1,-210,144
0,-210,145
3,-210,147
1,-210,148
1,-210,150
2,-210,151
1,-210,152
1,-210,153
4,-210,155
2,-210,157
3,-210,158
2,-210,159
0,-210,160
1,-210,161
1,-210,162
1,-210,167
1,-210,168
1,-210,169
1,-210,170
1,-210,171
1,-210,172
1,-210,174
1,-210,179
1,-210,180
0,-210,184
1,-210,185
1,-210,186
0,-210,189
1,-210,193
1,-210,194
2,-210,195
1,-210,311
-1,-210,396
-1,-209,-36
-1,-209,-31
-1,-209,-29
-2,-209,-18
-2,-209,-14
1,-209,-10
-1,-209,-7
-1,-209,-6
-1,-209,0
-1,-209,1
0,-209,2
-1,-209,8
-1,-209,12
-1,-209,17
-2,-209,18
-1,-209,31
-1,-209,34
1,-209,35
-1,-209,36
-1,-209,41
-2,-209,82
-1,-209,88
-1,-209,90
1,-209,94
-1,-209,95
-1,-209,97
-1,-209,101
-2,-209,103
-1,-209,108
-2,-209,110
-4,-209,114
-1,-209,116
-1,-209,117
-2,-209,119
-1,-209,121
-2,-209,125
-1,-209,126
-1,-209,129
-1,-209,130
-1,-209,133
1,-209,135
-1,-209,136
-1,-209,137
1,-209,140
-3,-209,141
1,-209,143
1,-209,144
-1,-209,145
-1,-209,146
-3,-209,147
-1,-209,148
-1,-209,151
3,-209,153
0,-209,155
-1,-209,156
-1,-209,166
1,-209,167
1,-209,188
1,-209,192
1,-209,472
-1,-208,-29
-1,-208,-27
-1,-208,-19
1,-208,-1
-2,-208,0
-1,-208,4
1,-208,14
1,-208,17
1,-208,18
1,-208,20
1,-208,25
1,-208,38
-1,-208,42
1,-208,75
1,-208,80
1,-208,94
-2,-208,116
-1,-208,118
1,-208,126
0,-208,127
1,-208,129
2,-208,130
2,-208,131
1,-208,132
-1,-208,133
2,-208,134
1,-208,136
0,-208,137
3,-208,138
1,-208,140
5,-208,141
1,-208,142
1,-208,143
-1,-208,144
1,-208,145
-1,-208,146
1,-208,147
0,-208,148
1,-208,149
2,-208,150
1,-208,151
0,-208,152
1,-208,153
2,-208,154
2,-208,155
-1,-208,156
1,-208,157
0,-208,158
1,-208,159
1,-208,162
1,-208,163
-1,-208,165
2,-208,167
2,-208,169
1,-208,172
1,-208,174
0,-208,175
-2,-208,177
0,-208,179
-1,-208,188
1,-208,190
1,-208,195
1,-208,241
-1,-208,308
1,-208,365
-1,-207,-37
-1,-207,-26
-1,-207,-25
1,-207,-23
-1,-207,-21
-1,-207,-18
-2,-207,-16
0,-207,-14
1,-207,-13
-1,-207,-12
-1,-207,-8
1,-207,-6
-1,-207,-5
-1,-207,-3
-3,-207,-1
-6,-207,0
-2,-207,1
-1,-207,3
-1,-207,5
-2,-207,8
1,-207,9
-1,-207,12
-3,-207,13
0,-207,15
-1,-207,16
-1,-207,17
-1,-207,18
-1,-207,19
-2,-207,21
-1,-207,25
-2,-207,26
0,-207,27
-1,-207,31
0,-207,33
1,-207,36
-1,-207,45
-3,-207,57
-1,-207,72
1,-207,75
-2,-207,81
-2,-207,87
1,-207,91
-1,-207,93
-4,-207,99
-1,-207,101
-1,-207,102
-1,-207,105
-1,-207,106
-2,-207,108
-1,-207,110
-1,-207,119
1,-207,120
-1,-207,121
-3,-207,122
-1,-207,127
2,-207,129
-1,-207,130
1,-207,131
1,-207,132
0,-207,133
1,-207,134
1,-207,135
2,-207,136
1,-207,137
-3,-207,138
-2,-207,139
-3,-207,141
2,-207,142
-1,-207,143
2,-207,144
-3,-207,145
1,-207,146
2,-207,147
4,-207,148
-3,-207,149
0,-207,150
0,-207,151
2,-207,152
1,-207,153
-1,-207,154
3,-207,155
5,-207,157
-1,-207,158
2,-207,159
1,-207,160
1,-207,161
1,-207,162
1,-207,163
1,-207,164
3,-207,167
1,-207,168
-1,-207,171
2,-207,172
-1,-207,173
3,-207,174
4,-207,175
2,-207,176
1,-207,178
1,-207,182
1,-207,189
1,-207,214
1,-207,225
-1,-207,283
-1,-207,651
-1,-206,-21
-1,-206,-11
-1,-206,-6
-1,-206,-4
-2,-206,-2
-2,-206,0
1,-206,1
1,-206,3
-1,-206,4
-1,-206,7
-1,-206,13
-2,-206,15
1,-206,16
1,-206,19
-1,-206,21
-2,-206,26
-2,-206,30
1,-206,31
0,-206,36
1,-206,39
-2,-206,57
1,-206,66
-1,-206,89
-1,-206,91
1,-206,101
1,-206,120
-2,-206,122
1,-206,126
1,-206,127
-2,-206,129
3,-206,130
2,-206,134
-2,-206,135
1,-206,136
0,-206,137
1,-206,138
3,-206,139
2,-206,141
1,-206,142
2,-206,143
1,-206,144
2,-206,145
1,-206,147
4,-206,148
-2,-206,150
1,-206,151
4,-206,152
3,-206,153
1,-206,155
1,-206,156
2,-206,157
2,-206,158
4,-206,159
3,-206,160
2,-206,163
1,-206,164
-2,-206,165
1,-206,167
1,-206,169
3,-206,170
0,-206,171
-1,-206,173
-1,-206,175
1,-206,176
1,-206,178
1,-206,179
2,-206,182
-3,-206,184
1,-206,185
-1,-206,192
1,-206,194
-1,-206,198
1,-206,209
1,-206,291
-1,-205,-31
-1,-205,-28
-1,-205,-26
-1,-205,-18
-2,-205,-16
1,-205,-15
-1,-205,-14
-2,-205,-12
-1,-205,-9
-3,-205,-8
-1,-205,-7
-4,-205,-5
-2,-205,-3
-3,-205,-1
-1,-205,0
1,-205,1
1,-205,2
0,-205,8
-1,-205,12
-1,-205,14
-1,-205,15
-2,-205,16
-1,-205,23
-1,-205,29
1,-205,41
-1,-205,46
-1,-205,48
-1,-205,51
-1,-205,52
-1,-205,57
-2,-205,61
-1,-205,63
-3,-205,72
-1,-205,87
1,-205,92
1,-205,98
-2,-205,101
1,-205,103
-1,-205,106
-2,-205,108
-1,-205,112
-1,-205,116
-1,-205,118
-4,-205,119
-1,-205,120
1,-205,121
-2,-205,125
1,-205,126
0,-205,127
-1,-205,128
-1,-205,129
1,-205,130
1,-205,131
0,-205,132
1,-205,133
-1,-205,135
-2,-205,136
1,-205,137
-3,-205,138
-2,-205,139
0,-205,140
0,-205,141
1,-205,142
-2,-205,143
3,-205,145
1,-205,146
1,-205,147
0,-205,148
-3,-205,149
1,-205,151
-1,-205,153
-1,-205,154
1,-205,155
1,-205,156
4,-205,157
-2,-205,158
2,-205,159
0,-205,160
0,-205,161
0,-205,162
2,-205,163
1,-205,165
-1,-205,166
3,-205,167
2,-205,168
1,-205,169
2,-205,170
-1,-205,171
3,-205,172
1,-205,174
1,-205,178
1,-205,179
2,-205,180
-2,-205,181
1,-205,188
1,-205,190
1,-205,191
1,-205,192
1,-205,195
-1,-205,199
1,-205,214
-1,-205,342
-1,-205,390
-1,-204,-40
-1,-204,-34
-1,-204,-29
-2,-204,-23
-1,-204,-21
-2,-204,-19
-1,-204,-18
-1,-204,-13
-1,-204,-11
-2,-204,-9
-5,-204,-8
-1,-204,-6
-1,-204,-3
-1,-204,-2
-2,-204,0
1,-204,1
-1,-204,3
-2,-204,4
-1,-204,5
-2,-204,7
-3,-204,9
-1,-204,13
1,-204,15
-1,-204,22
-1,-204,26
-1,-204,28
-1,-204,35
-1,-204,40
-1,-204,41
-1,-204,45
-1,-204,68
-1,-204,70
-1,-204,72
-1,-204,74
1,-204,85
-1,-204,87
-1,-204,95
-1,-204,104
-1,-204,122
-1,-204,123
-1,-204,127
-1,-204,128
1,-204,130
1,-204,131
-2,-204,133
-1,-204,135
-2,-204,141
3,-204,142
-2,-204,143
-1,-204,144
-5,-204,148
-1,-204,150
1,-204,152
-2,-204,153
1,-204,154
2,-204,155
-1,-204,156
1,-204,157
-1,-204,158
-1,-204,160
-2,-204,161
-2,-204,163
-2,-204,164
-1,-204,167
-1,-204,169
-1,-204,171
-2,-204,173
-2,-204,177
2,-204,180
1,-204,183
-1,-204,184
1,-204,191
-2,-204,196
-1,-204,200
-1,-204,356
-1,-204,643
-1,-203,-25
-1,-203,-21
-1,-203,-18
-1,-203,-16
-1,-203,-9
-2,-203,-8
-3,-203,-3
-1,-203,-1
-4,-203,0
-1,-203,3
-1,-203,5
1,-203,8
-1,-203,12
-1,-203,15
1,-203,16
-1,-203,23
-1,-203,26
-1,-203,28
-1,-203,33
1,-203,34
-1,-203,36
-1,-203,41
-1,-203,51
1,-203,52
-1,-203,56
-1,-203,59
1,-203,61
1,-203,63
-1,-203,68
-1,-203,72
-1,-203,78
1,-203,86
1,-203,96
1,-203,99
1,-203,102
-1,-203,106
-1,-203,108
-1,-203,119
-1,-203,121
-1,-203,123
-2,-203,125
-3,-203,127
-2,-203,129
-1,-203,130
-1,-203,132
-1,-203,134
1,-203,135
0,-203,136
-1,-203,138
-1,-203,139
0,-203,140
-1,-203,141
1,-203,142
1,-203,143
1,-203,145
1,-203,146
2,-203,147
2,-203,148
-1,-203,149
1,-203,151
2,-203,152
5,-203,153
1,-203,154
1,-203,156
2,-203,157
-1,-203,158
1,-203,159
1,-203,161
5,-203,162
3,-203,164
5,-203,165
1,-203,166
2,-203,167
1,-203,168
2,-203,169
1,-203,174
1,-203,175
1,-203,176
1,-203,180
4,-203,181
1,-203,189
2,-203,190
1,-203,202
1,-203,205
-1,-203,207
1,-203,219
-1,-203,300
-1,-202,-29
-1,-202,-28
-1,-202,-27
-1,-202,-23
-3,-202,-21
-1,-202,-15
-1,-202,-6
-2,-202,-3
-2,-202,-1
-5,-202,0
-2,-202,2
-1,-202,3
-1,-202,4
-1,-202,5
-1,-202,9
-1,-202,11
-1,-202,12
0,-202,15
-1,-202,19
1,-202,20
-1,-202,25
-1,-202,26
-3,-202,28
-1,-202,30
-1,-202,36
-1,-202,38
2,-202,42
-2,-202,49
-1,-202,61
-1,-202,74
-1,-202,81
-1,-202,82
-1,-202,100
-1,-202,105
-1,-202,107
1,-202,117
-1,-202,118
0,-202,125
-1,-202,128
0,-202,130
2,-202,134
-1,-202,135
-1,-202,137
2,-202,138
2,-202,140
1,-202,141
3,-202,143
-3,-202,144
-3,-202,145
5,-202,146
2,-202,147
-1,-202,148
2,-202,149
-1,-202,150
3,-202,151
0,-202,152
1,-202,153
-3,-202,154
2,-202,155
-1,-202,156
2,-202,157
2,-202,158
1,-202,159
-2,-202,160
3,-202,162
-1,-202,163
2,-202,164
2,-202,167
-1,-202,168
-1,-202,169
2,-202,172
-1,-202,173
2,-202,175
0,-202,177
1,-202,178
2,-202,180
1,-202,181
1,-202,183
1,-202,184
2,-202,185
0,-202,188
2,-202,190
1,-202,194
1,-202,200
1,-202,202
1,-202,204
-1,-202,215
1,-202,246
-1,-202,381
-1,-202,394
-1,-201,-40
-1,-201,-31
-1,-201,-27
-1,-201,-25
-1,-201,-23
-1,-201,-21
-3,-201,-16
1,-201,-15
-3,-201,-14
-4,-201,-10
1,-201,-9
-1,-201,-8
1,-201,-7
0,-201,-3
1,-201,1
-1,-201,3
-1,-201,5
1,-201,6
1,-201,9
-1,-201,10
-2,-201,14
1,-201,15
2,-201,17
-1,-201,18
-1,-201,23
-1,-201,25
0,-201,33
-1,-201,42
-1,-201,48
-1,-201,51
-1,-201,55
1,-201,59
-1,-201,61
-1,-201,68
-2,-201,78
-1,-201,83
-1,-201,89
-1,-201,91
-1,-201,93
1,-201,94
-1,-201,96
-1,-201,104
1,-201,108
-2,-201,134
3,-201,135
1,-201,138
-3,-201,139
1,-201,141
1,-201,142
-3,-201,143
-3,-201,145
2,-201,146
-1,-201,147
2,-201,148
-1,-201,149
1,-201,150
0,-201,151
3,-201,153
0,-201,154
3,-201,155
-1,-201,156
1,-201,157
1,-201,158
4,-201,159
2,-201,160
1,-201,161
-1,-201,162
2,-201,163
1,-201,164
2,-201,165
-1,-201,166
2,-201,167
1,-201,168
2,-201,170
-1,-201,171
2,-201,172
4,-201,173
1,-201,174
1,-201,176
1,-201,178
1,-201,180
1,-201,184
1,-201,191
1,-201,192
1,-201,205
0,-201,209
1,-201,210
1,-201,211
-1,-201,224
1,-201,257
-1,-201,407
1,-201,617
-1,-200,-25
-1,-200,-21
-3,-200,-15
-3,-200,-13
-1,-200,-12
-2,-200,-11
-1,-200,-9
-2,-200,-8
-2,-200,-6
-1,-200,-5
-1,-200,-3
-1,-200,-2
-1,-200,-1
-2,-200,0
-1,-200,2
-1,-200,4
-1,-200,7
-2,-200,8
-1,-200,9
-1,-200,12
-1,-200,13
-2,-200,15
-1,-200,18
-1,-200,21
-1,-200,23
-1,-200,25
-1,-200,26
-4,-200,30
-1,-200,34
3,-200,35
-3,-200,36
-1,-200,42
-1,-200,43
-3,-200,45
-1,-200,46
-2,-200,47
1,-200,48
-1,-200,63
0,-200,66
-2,-200,68
1,-200,69
-1,-200,70
-1,-200,72
-1,-200,74
1,-200,77
-1,-200,80
-1,-200,82
1,-200,84
-1,-200,93
1,-200,99
0,-200,121
-1,-200,123
-3,-200,125
-3,-200,127
1,-200,131
-1,-200,132
-1,-200,134
-3,-200,135
-1,-200,136
-2,-200,137
0,-200,138
-2,-200,140
-2,-200,141
1,-200,142
2,-200,143
1,-200,144
-1,-200,145
1,-200,146
1,-200,147
1,-200,150
-2,-200,151
1,-200,152
-2,-200,153
2,-200,154
1,-200,155
-1,-200,156
1,-200,157
0,-200,158
1,-200,159
0,-200,160
4,-200,162
3,-200,164
1,-200,165
2,-200,166
2,-200,167
-2,-200,168
1,-200,169
1,-200,170
2,-200,171
2,-200,172
-2,-200,173
1,-200,176
1,-200,177
1,-200,178
3,-200,185
1,-200,186
1,-200,190
1,-200,197
1,-200,201
1,-200,215
1,-200,226
1,-200,231
-1,-200,270
1,-200,299
1,-200,384
-1,-199,-40
-1,-199,-36
-1,-199,-29
-2,-199,-25
-1,-199,-21
-1,-199,-19
-2,-199,-16
-2,-199,-14
-1,-199,-13
-1,-199,-12
-2,-199,-10
-3,-199,-5
-1,-199,-3
-2,-199,-1
0,-199,0
-4,-199,1
-3,-199,3
-1,-199,4
-1,-199,5
-3,-199,10
1,-199,14
1,-199,15
1,-199,16
-1,-199,18
-2,-199,23
-1,-199,33
1,-199,34
-1,-199,36
-1,-199,38
-1,-199,46
-2,-199,51
-1,-199,53
-1,-199,58
1,-199,64
-1,-199,71
-1,-199,72
-1,-199,89
-2,-199,93
1,-199,99
-1,-199,100
-1,-199,104
1,-199,105
-2,-199,113
-1,-199,118
-1,-199,121
1,-199,130
-1,-199,132
-1,-199,134
2,-199,135
-1,-199,136
1,-199,137
-1,-199,138
-4,-199,140
-1,-199,141
1,-199,143
-1,-199,145
1,-199,146
-1,-199,147
3,-199,150
3,-199,151
1,-199,152
0,-199,153
0,-199,154
1,-199,155
-1,-199,156
1,-199,157
-1,-199,158
2,-199,159
0,-199,160
1,-199,161
1,-199,162
5,-199,163
0,-199,164
2,-199,165
-2,-199,166
1,-199,167
2,-199,168
1,-199,169
2,-199,170
0,-199,171
1,-199,172
1,-199,173
-1,-199,174
2,-199,176
1,-199,177
3,-199,178
1,-199,179
2,-199,180
1,-199,181
3,-199,182
1,-199,185
1,-199,186
0,-199,188
3,-199,189
1,-199,190
-1,-199,192
-1,-199,194
1,-199,196
1,-199,197
1,-199,199
1,-199,215
1,-199,216
1,-199,235
1,-199,336
1,-199,356
1,-199,561
-1,-198,2
-1,-198,4
-1,-198,6
-1,-198,8
-1,-198,15
-1,-198,19
-1,-198,28
-2,-198,39
-1,-198,45
-1,-198,47
-2,-198,49
-1,-198,52
-1,-198,56
1,-198,57
1,-198,91
1,-198,99
-1,-198,116
-1,-198,121
-2,-198,123
-1,-198,127
-1,-198,134
-1,-198,136
-2,-198,138
-1,-198,140
0,-198,142
-1,-198,145
-1,-198,147
0,-198,149
1,-198,151
2,-198,152
1,-198,153
1,-198,154
1,-198,155
1,-198,156
2,-198,162
1,-198,163
2,-198,168
2,-198,169
-1,-198,177
1,-198,180
1,-198,194
-1,-198,279
-1,-197,-37
-1,-197,-33
-1,-197,-25
-1,-197,-24
-3,-197,-23
-1,-197,-21
-5,-197,-18
-2,-197,-15
-1,-197,-14
-3,-197,-13
-2,-197,-12
-1,-197,-10
-1,-197,-9
-3,-197,-8
-2,-197,-6
-4,-197,-5
-1,-197,-4
-2,-197,-3
-2,-197,-1
-3,-197,0
-1,-197,2
-2,-197,3
1,-197,5
-2,-197,7
1,-197,8
-1,-197,9
-5,-197,10
-1,-197,11
-1,-197,12
-2,-197,13
-1,-197,15
-1,-197,16
-2,-197,17
-2,-197,19
-1,-197,21
-1,-197,23
-1,-197,26
-2,-197,27
-1,-197,28
-1,-197,29
-2,-197,30
-2,-197,31
-1,-197,36
0,-197,38
-2,-197,40
2,-197,41
-1,-197,42
-2,-197,44
-1,-197,46
-1,-197,47
1,-197,50
-2,-197,63
-1,-197,66
1,-197,67
-1,-197,76
1,-197,80
-2,-197,82
-1,-197,89
-2,-197,91
-2,-197,93
-1,-197,96
-1,-197,97
-1,-197,98
-1,-197,100
-1,-197,114
-1,-197,115
-1,-197,120
-1,-197,125
-1,-197,133
-1,-197,134
-2,-197,135
-1,-197,136
1,-197,137
-1,-197,140
-2,-197,141
2,-197,142
-1,-197,143
-1,-197,144
-1,-197,145
-1,-197,147
0,-197,148
-1,-197,149
-1,-197,150
-4,-197,151
0,-197,152
1,-197,153
3,-197,155
-1,-197,156
3,-197,157
0,-197,158
2,-197,159
1,-197,160
4,-197,161
1,-197,162
-6,-197,163
3,-197,164
4,-197,165
-1,-197,166
-1,-197,167
5,-197,168
0,-197,169
0,-197,171
2,-197,172
-5,-197,173
1,-197,174
3,-197,175
-3,-197,177
1,-197,178
-2,-197,179
2,-197,180
1,-197,181
2,-197,182
1,-197,183
1,-197,184
2,-197,185
-1,-197,186
1,-197,188
1,-197,191
-1,-197,192
1,-197,193
1,-197,194
-1,-197,196
1,-197,199
0,-197,200
-2,-197,205
1,-197,207
-1,-197,217
1,-197,237
-1,-197,247
1,-197,311
-1,-197,413
-1,-197,618
-1,-197,641
-1,-196,-14
1,-196,-8
1,-196,-4
-3,-196,-1
-1,-196,0
-1,-196,2
-1,-196,4
1,-196,6
1,-196,8
-1,-196,10
-2,-196,17
-1,-196,19
1,-196,21
-1,-196,23
1,-196,32
-1,-196,49
-2,-196,54
-1,-196,58
1,-196,65
-1,-196,108
-1,-196,112
-1,-196,116
-1,-196,121
-2,-196,123
-1,-196,125
-1,-196,127
1,-196,128
-1,-196,132
-1,-196,134
-1,-196,136
1,-196,138
-1,-196,142
-1,-196,145
-1,-196,147
1,-196,148
1,-196,152
1,-196,153
1,-196,155
1,-196,156
3,-196,157
5,-196,158
1,-196,159
2,-196,160
1,-196,162
3,-196,163
5,-196,164
1,-196,167
5,-196,168
5,-196,169
2,-196,170
-1,-196,171
4,-196,172
1,-196,173
4,-196,174
1,-196,175
1,-196,176
1,-196,177
4,-196,178
0,-196,179
2,-196,180
1,-196,181
2,-196,182
2,-196,183
2,-196,184
1,-196,186
-1,-196,188
1,-196,189
1,-196,190
1,-196,193
1,-196,195
3,-196,197
1,-196,202
1,-196,204
2,-196,207
1,-196,214
1,-196,243
1,-196,293
-1,-195,-34
-1,-195,-21
-2,-195,-19
-2,-195,-11
-2,-195,-9
-1,-195,-8
0,-195,-5
-1,-195,-3
-7,-195,0
-1,-195,2
-1,-195,3
1,-195,5
-1,-195,7
2,-195,9
-1,-195,13
-1,-195,17
-2,-195,22
-1,-195,26
-1,-195,34
-1,-195,36
1,-195,38
1,-195,41
-1,-195,47
-1,-195,66
-1,-195,71
-1,-195,76
1,-195,95
-2,-195,118
-1,-195,122
-1,-195,135
-1,-195,137
0,-195,140
-2,-195,141
1,-195,143
-3,-195,146
-1,-195,148
-2,-195,150
-2,-195,151
0,-195,152
-1,-195,153
1,-195,154
2,-195,155
-1,-195,156
2,-195,157
2,-195,158
3,-195,159
-1,-195,160
-1,-195,161
6,-195,162
1,-195,163
2,-195,164
-1,-195,165
2,-195,166
-1,-195,168
3,-195,169
3,-195,170
0,-195,171
5,-195,172
-1,-195,173
2,-195,174
1,-195,175
2,-195,176
6,-195,178
2,-195,179
1,-195,180
2,-195,181
1,-195,182
3,-195,183
3,-195,184
2,-195,186
-1,-195,187
1,-195,188
0,-195,189
2,-195,190
2,-195,191
1,-195,193
1,-195,194
2,-195,197
0,-195,199
1,-195,201
1,-195,204
1,-195,206
1,-195,216
1,-195,249
1,-195,301
-1,-194,-48
-1,-194,-46
-1,-194,-29
-2,-194,-25
-1,-194,-19
-1,-194,-18
-4,-194,-16
-1,-194,-14
-2,-194,-13
-1,-194,-12
-3,-194,-10
-1,-194,-9
-1,-194,-8
-1,-194,-7
-1,-194,-6
-5,-194,-5
-1,-194,-3
-2,-194,-1
-4,-194,0
-2,-194,2
-4,-194,3
-5,-194,5
-1,-194,7
-6,-194,10
-1,-194,12
-1,-194,13
0,-194,15
-1,-194,16
-2,-194,17
0,-194,18
-1,-194,21
-1,-194,26
-1,-194,27
-1,-194,31
-1,-194,32
-1,-194,41
-1,-194,45
-1,-194,53
-1,-194,55
-1,-194,61
-1,-194,63
-1,-194,65
-1,-194,70
-2,-194,74
-1,-194,75
-1,-194,85
-1,-194,91
-1,-194,100
-1,-194,111
1,-194,112
-2,-194,113
-1,-194,119
-1,-194,121
1,-194,122
-3,-194,123
-1,-194,127
-1,-194,129
-2,-194,132
-3,-194,138
-1,-194,142
-3,-194,143
-1,-194,145
-2,-194,146
-3,-194,147
1,-194,148
-2,-194,149
1,-194,150
0,-194,151
2,-194,152
-1,-194,153
-1,-194,154
-1,-194,155
1,-194,156
1,-194,157
-2,-194,158
3,-194,159
-1,-194,160
-2,-194,162
2,-194,163
0,-194,164
5,-194,165
2,-194,166
4,-194,167
-1,-194,168
3,-194,169
0,-194,171
4,-194,172
3,-194,173
3,-194,174
1,-194,175
2,-194,176
3,-194,178
2,-194,179
7,-194,180
3,-194,181
5,-194,183
1,-194,184
1,-194,185
1,-194,186
1,-194,187
1,-194,189
1,-194,190
-1,-194,192
1,-194,193
3,-194,194
1,-194,197
1,-194,199
2,-194,204
-1,-194,220
1,-194,221
1,-194,222
1,-194,224
1,-194,225
1,-194,228
-1,-194,336
-1,-194,400
-1,-193,-11
-1,-193,-6
-1,-193,21
1,-193,27
1,-193,36
-2,-193,40
-1,-193,42
1,-193,65
-1,-193,66
-1,-193,76
-1,-193,80
-1,-193,93
2,-193,148
-2,-193,150
2,-193,152
1,-193,157
-3,-193,158
1,-193,159
2,-193,162
-1,-193,163
-1,-193,165
-2,-193,167
0,-193,169
1,-193,174
2,-193,179
1,-193,180
-1,-193,181
3,-193,184
1,-193,185
-1,-193,186
1,-193,187
2,-193,188
0,-193,205
1,-193,211
1,-193,537
-1,-192,-42
-1,-192,-36
-1,-192,-31
-1,-192,-27
-1,-192,-24
-2,-192,-23
-3,-192,-21
-2,-192,-18
-4,-192,-16
-2,-192,-14
-1,-192,-13
-4,-192,-10
-2,-192,-9
-3,-192,-8
-1,-192,-6
-1,-192,-5
-1,-192,-3
-3,-192,-1
-1,-192,0
-2,-192,1
-1,-192,3
0,-192,5
-1,-192,8
1,-192,9
-1,-192,10
-1,-192,12
-1,-192,13
-1,-192,15
1,-192,17
-1,-192,19
-1,-192,22
-1,-192,26
-2,-192,28
-1,-192,30
-1,-192,31
-1,-192,32
-1,-192,35
-1,-192,36
-2,-192,39
-1,-192,40
-2,-192,41
1,-192,43
-1,-192,45
1,-192,47
-1,-192,48
-1,-192,54
-1,-192,59
-1,-192,60
-1,-192,61
-1,-192,65
0,-192,69
-3,-192,70
-1,-192,71
-2,-192,74
-1,-192,75
-2,-192,78
-1,-192,81
-1,-192,85
1,-192,96
-1,-192,99
-1,-192,100
-1,-192,104
-1,-192,105
0,-192,106
-1,-192,109
-1,-192,113
-2,-192,115
-1,-192,117
-1,-192,119
-2,-192,125
0,-192,126
-1,-192,128
-1,-192,132
-3,-192,134
-2,-192,136
-2,-192,140
1,-192,142
-2,-192,143
-3,-192,145
-1,-192,146
0,-192,147
-3,-192,149
-1,-192,150
-1,-192,151
3,-192,152
-3,-192,153
-1,-192,154
0,-192,155
-2,-192,156
2,-192,157
-2,-192,158
1,-192,159
-6,-192,160
1,-192,162
1,-192,163
1,-192,164
1,-192,165
1,-192,166
0,-192,168
2,-192,169
1,-192,170
-2,-192,171
4,-192,172
-4,-192,173
1,-192,175
2,-192,176
1,-192,178
0,-192,179
2,-192,180
0,-192,181
1,-192,182
-1,-192,183
2,-192,185
1,-192,186
1,-192,187
0,-192,188
2,-192,189
2,-192,190
1,-192,191
-2,-192,192
1,-192,193
3,-192,194
1,-192,195
-1,-192,196
1,-192,197
1,-192,199
-1,-192,202
3,-192,205
1,-192,207
1,-192,211
1,-192,212
1,-192,217
1,-192,220
1,-192,243
1,-192,258
-1,-192,286
1,-192,326
1,-192,431
-1,-192,577
-1,-191,-34
-2,-191,-31
-2,-191,-23
-1,-191,-21
-1,-191,-19
-1,-191,-18
-2,-191,-16
-1,-191,-15
-1,-191,-14
-2,-191,-13
-1,-191,-11
-2,-191,-8
-2,-191,-5
-1,-191,-4
-1,-191,-3
-2,-191,-2
-1,-191,-1
-8,-191,0
1,-191,2
-1,-191,5
-1,-191,7
-1,-191,8
0,-191,9
-1,-191,13
-1,-191,15
-1,-191,17
-1,-191,18
-2,-191,19
-1,-191,20
-4,-191,23
-1,-191,26
-2,-191,28
-1,-191,32
-2,-191,36
-1,-191,38
-2,-191,40
-1,-191,41
-1,-191,42
-1,-191,45
-2,-191,47
-2,-191,53
-1,-191,57
-1,-191,59
-1,-191,61
-1,-191,64
-2,-191,70
-2,-191,74
-1,-191,76
-1,-191,80
-2,-191,82
1,-191,85
-1,-191,86
-2,-191,97
-1,-191,108
1,-191,109
-1,-191,110
1,-191,112
1,-191,118
-1,-191,120
1,-191,122
-1,-191,125
-1,-191,129
-1,-191,137
1,-191,142
-1,-191,143
1,-191,145
1,-191,146
1,-191,147
1,-191,148
-2,-191,150
0,-191,151
1,-191,152
-1,-191,153
0,-191,155
-1,-191,156
2,-191,157
-2,-191,158
6,-191,159
-6,-191,160
-1,-191,161
2,-191,162
2,-191,163
2,-191,164
-5,-191,165
0,-191,166
1,-191,167
4,-191,168
0,-191,169
3,-191,170
-1,-191,171
3,-191,172
0,-191,173
4,-191,174
0,-191,175
1,-191,177
-1,-191,179
1,-191,180
2,-191,181
2,-191,184
5,-191,186
0,-191,187
3,-191,188
3,-191,189
-1,-191,190
2,-191,192
0,-191,194
1,-191,195
0,-191,196
2,-191,197
4,-191,199
2,-191,200
1,-191,202
1,-191,209
1,-191,222
1,-191,225
-1,-191,230
1,-191,231
1,-191,243
1,-191,244
1,-191,248
1,-191,314
1,-191,369
1,-191,385
-1,-190,-33
0,-190,-29
-1,-190,-25
-1,-190,-20
-1,-190,-18
-1,-190,-16
-2,-190,-14
-1,-190,-12
-5,-190,-10
-1,-190,-8
-1,-190,-7
-1,-190,-5
-3,-190,-3
-3,-190,-1
-3,-190,0
-2,-190,1
-3,-190,3
-2,-190,5
1,-190,8
-2,-190,10
-1,-190,11
-3,-190,12
-2,-190,14
-1,-190,18
-3,-190,21
-1,-190,23
-1,-190,25
-1,-190,26
-1,-190,27
-1,-190,31
-1,-190,33
-1,-190,34
0,-190,38
-1,-190,47
-1,-190,52
1,-190,53
-1,-190,54
-1,-190,55
-1,-190,57
-1,-190,58
1,-190,60
-1,-190,61
-1,-190,62
-1,-190,68
-1,-190,70
-1,-190,73
-2,-190,76
1,-190,77
-1,-190,78
-1,-190,83
-1,-190,89
-1,-190,95
-1,-190,96
1,-190,99
1,-190,101
-2,-190,102
-1,-190,106
1,-190,107
1,-190,109
1,-190,110
-2,-190,113
-1,-190,115
-1,-190,119
-3,-190,134
-1,-190,140
-1,-190,142
1,-190,143
-1,-190,145
-2,-190,147
-2,-190,149
-2,-190,151
1,-190,152
-1,-190,154
2,-190,155
0,-190,156
4,-190,157
-1,-190,158
3,-190,159
-2,-190,160
1,-190,162
2,-190,163
1,-190,164
1,-190,165
0,-190,166
1,-190,167
2,-190,169
2,-190,170
1,-190,171
3,-190,172
1,-190,173
2,-190,174
2,-190,175
1,-190,176
1,-190,177
2,-190,178
4,-190,179
2,-190,180
1,-190,181
2,-190,183
5,-190,184
3,-190,185
-1,-190,186
1,-190,187
2,-190,188
1,-190,189
1,-190,190
1,-190,191
-1,-190,192
2,-190,193
1,-190,194
1,-190,195
1,-190,196
2,-190,199
2,-190,202
2,-190,204
1,-190,205
1,-190,207
1,-190,209
2,-190,210
1,-190,212
1,-190,216
1,-190,221
-1,-190,229
-1,-190,272
1,-190,347
1,-190,583
-1,-189,-40
-1,-189,-31
-1,-189,-28
-1,-189,-23
-2,-189,-21
-2,-189,-19
-1,-189,-16
-3,-189,-15
-1,-189,-13
-2,-189,-11
-2,-189,-8
-1,-189,-6
-3,-189,-4
1,-189,-2
-1,-189,-1
-4,-189,0
1,-189,1
-2,-189,2
-1,-189,4
-2,-189,7
-2,-189,11
-1,-189,12
-2,-189,13
-1,-189,15
-1,-189,17
-1,-189,18
-1,-189,30
-1,-189,32
-1,-189,34
-2,-189,35
-2,-189,36
-1,-189,38
-1,-189,40
-2,-189,42
-1,-189,51
-1,-189,57
1,-189,64
-2,-189,72
-1,-189,76
-2,-189,80
-1,-189,82
-1,-189,86
-1,-189,87
-1,-189,89
-1,-189,91
-1,-189,97
-1,-189,99
-1,-189,106
-1,-189,112
1,-189,115
-1,-189,116
-1,-189,122
-2,-189,127
1,-189,131
-1,-189,148
-1,-189,151
1,-189,153
1,-189,155
-3,-189,156
-2,-189,158
3,-189,159
-2,-189,160
3,-189,161
2,-189,162
0,-189,163
1,-189,164
2,-189,165
1,-189,166
1,-189,167
1,-189,168
3,-189,169
2,-189,170
1,-189,171
1,-189,172
0,-189,173
0,-189,174
-2,-189,175
3,-189,176
-3,-189,177
3,-189,178
0,-189,179
2,-189,180
2,-189,182
1,-189,183
-6,-189,184
2,-189,185
-1,-189,187
1,-189,189
3,-189,190
1,-189,192
-2,-189,194
2,-189,195
1,-189,196
1,-189,197
1,-189,199
-1,-189,200
1,-189,201
1,-189,204
-2,-189,205
-1,-189,207
1,-189,209
2,-189,212
1,-189,216
-1,-189,217
1,-189,221
0,-189,232
1,-189,241
-1,-189,281
-1,-188,-21
1,-188,-19
-1,-188,-16
-2,-188,-14
1,-188,-13
-2,-188,-8
-1,-188,-5
-1,-188,-3
1,-188,2
-1,-188,3
-2,-188,5
1,-188,7
-1,-188,8
-2,-188,10
1,-188,13
-1,-188,18
-1,-188,21
1,-188,22
1,-188,27
-1,-188,32
1,-188,38
-1,-188,42
1,-188,43
-1,-188,48
-2,-188,66
-2,-188,81
1,-188,89
1,-188,96
-1,-188,100
-1,-188,102
1,-188,104
-1,-188,106
1,-188,115
-2,-188,121
-1,-188,124
1,-188,128
1,-188,132
1,-188,141
1,-188,147
-1,-188,149
2,-188,155
3,-188,156
1,-188,157
1,-188,158
1,-188,159
-1,-188,160
0,-188,161
0,-188,162
3,-188,163
0,-188,164
1,-188,165
1,-188,167
4,-188,168
3,-188,169
2,-188,170
-1,-188,171
2,-188,173
2,-188,174
1,-188,176
-1,-188,177
3,-188,178
1,-188,179
2,-188,180
2,-188,181
1,-188,182
3,-188,183
5,-188,184
2,-188,186
2,-188,188
2,-188,189
3,-188,190
1,-188,191
1,-188,192
4,-188,193
4,-188,194
1,-188,195
1,-188,196
1,-188,197
2,-188,199
1,-188,200
1,-188,201
1,-188,202
1,-188,204
2,-188,205
1,-188,206
2,-188,207
1,-188,209
2,-188,210
1,-188,216
2,-188,226
1,-188,235
2,-188,238
1,-188,242
-1,-187,-34
-1,-187,-32
-1,-187,-31
-1,-187,-21
-2,-187,-19
-1,-187,-18
-2,-187,-17
-3,-187,-15
-2,-187,-13
-1,-187,-11
1,-187,-10
-1,-187,-9
-1,-187,-8
-3,-187,-6
-1,-187,-5
-4,-187,-4
-2,-187,-2
-1,-187,-1
-5,-187,0
1,-187,1
-2,-187,4
-2,-187,5
-1,-187,7
-4,-187,8
-1,-187,10
-2,-187,11
-1,-187,13
-2,-187,15
-2,-187,17
-1,-187,18
-3,-187,19
-1,-187,21
1,-187,26
-1,-187,30
-3,-187,32
-2,-187,35
-1,-187,40
-1,-187,42
-1,-187,43
-1,-187,45
0,-187,46
-1,-187,47
-1,-187,51
-1,-187,52
-1,-187,55
-1,-187,58
-2,-187,62
-2,-187,66
-1,-187,67
-1,-187,71
-2,-187,72
-1,-187,77
-1,-187,79
-2,-187,80
-1,-187,82
-1,-187,86
-1,-187,89
-2,-187,90
-2,-187,91
-1,-187,92
-1,-187,93
-1,-187,95
-1,-187,99
-1,-187,109
-1,-187,112
-1,-187,115
-1,-187,117
-1,-187,118
-1,-187,122
-1,-187,127
-2,-187,134
-2,-187,136
-1,-187,140
-1,-187,143
-3,-187,147
-1,-187,150
-3,-187,151
-1,-187,153
-1,-187,154
-3,-187,155
-1,-187,156
-4,-187,158
-4,-187,160
-2,-187,162
-1,-187,163
0,-187,165
-1,-187,166
0,-187,168
4,-187,169
1,-187,170
-3,-187,171
-1,-187,173
-2,-187,174
2,-187,176
-1,-187,177
-2,-187,178
-1,-187,179
0,-187,183
-1,-187,184
1,-187,185
0,-187,186
-1,-187,188
-1,-187,190
2,-187,194
1,-187,195
1,-187,196
1,-187,197
-1,-187,198
1,-187,201
2,-187,205
-1,-187,207
1,-187,215
1,-187,246
-1,-187,294
-1,-187,300
1,-187,519
-1,-187,546
-1,-187,794
-1,-186,-42
-1,-186,-38
-1,-186,-36
-1,-186,-31
-1,-186,-29
-1,-186,-25
-3,-186,-23
0,-186,-21
-1,-186,-19
-3,-186,-16
-6,-186,-14
-1,-186,-12
-6,-186,-10
-1,-186,-8
-1,-186,-6
-2,-186,-5
-4,-186,-3
-1,-186,-1
-4,-186,0
-2,-186,1
-3,-186,5
-1,-186,8
-4,-186,10
-1,-186,12
-1,-186,13
-1,-186,14
0,-186,15
-2,-186,16
-1,-186,18
-1,-186,21
0,-186,22
-1,-186,25
1,-186,26
-2,-186,27
-1,-186,29
-3,-186,40
-5,-186,44
-2,-186,45
-1,-186,53
-2,-186,61
-1,-186,66
1,-186,67
-1,-186,72
-1,-186,74
-3,-186,76
-1,-186,81
-2,-186,83
-1,-186,84
-1,-186,86
-1,-186,87
-1,-186,89
-1,-186,91
0,-186,92
1,-186,95
0,-186,96
-1,-186,100
-2,-186,104
-1,-186,105
-2,-186,107
-1,-186,115
-1,-186,121
-1,-186,128
-1,-186,130
-1,-186,135
-1,-186,139
-1,-186,150
0,-186,151
-1,-186,154
-5,-186,156
1,-186,157
-8,-186,158
1,-186,159
-1,-186,160
-1,-186,161
-1,-186,162
2,-186,163
-4,-186,164
-3,-186,166
2,-186,167
3,-186,168
1,-186,169
-4,-186,171
2,-186,172
2,-186,173
3,-186,174
-2,-186,175
5,-186,176
-1,-186,177
0,-186,178
1,-186,179
4,-186,180
-3,-186,181
2,-186,183
3,-186,184
2,-186,185
2,-186,186
1,-186,188
1,-186,189
1,-186,190
1,-186,191
5,-186,193
2,-186,194
3,-186,195
1,-186,196
1,-186,197
3,-186,199
1,-186,200
1,-186,201
1,-186,202
1,-186,203
1,-186,204
-1,-186,205
2,-186,206
1,-186,210
2,-186,212
-1,-186,216
2,-186,220
1,-186,226
2,-186,228
-1,-186,229
1,-186,230
1,-186,243
-1,-186,246
1,-186,248
1,-186,258
1,-186,296
-1,-186,408
0,-185,-31
-3,-185,-15
-1,-185,-13
-1,-185,-11
-1,-185,-8
-1,-185,-6
-1,-185,-5
-1,-185,-4
-7,-185,0
-1,-185,2
-4,-185,4
-1,-185,7
-3,-185,9
-5,-185,13
-3,-185,15
-4,-185,19
1,-185,20
-1,-185,21
2,-185,22
-1,-185,26
-5,-185,28
-2,-185,30
1,-185,33
1,-185,37
-1,-185,38
-1,-185,39
-1,-185,47
-1,-185,51
-2,-185,55
-1,-185,56
-1,-185,61
-1,-185,62
-1,-185,63
-1,-185,69
-2,-185,73
-1,-185,80
-1,-185,82
1,-185,83
-1,-185,85
0,-185,87
-1,-185,91
-1,-185,99
1,-185,102
-2,-185,127
-2,-185,134
-1,-185,136
-2,-185,138
-1,-185,140
-1,-185,142
-1,-185,144
-2,-185,145
-1,-185,148
-4,-185,149
1,-185,152
1,-185,153
2,-185,155
-1,-185,156
-4,-185,158
2,-185,159
-1,-185,160
2,-185,161
-2,-185,162
1,-185,163
1,-185,164
4,-185,166
-2,-185,167
1,-185,168
2,-185,169
1,-185,170
-2,-185,171
1,-185,172
-1,-185,173
3,-185,174
3,-185,175
3,-185,176
3,-185,177
0,-185,179
5,-185,180
0,-185,181
1,-185,182
3,-185,183
3,-185,184
1,-185,185
-3,-185,186
1,-185,187
4,-185,188
5,-185,189
-1,-185,190
1,-185,191
0,-185,192
1,-185,193
1,-185,194
3,-185,195
1,-185,196
2,-185,197
-1,-185,198
2,-185,199
0,-185,200
3,-185,201
2,-185,202
2,-185,204
-1,-185,205
2,-185,206
2,-185,209
0,-185,211
1,-185,215
1,-185,216
1,-185,221
1,-185,222
1,-185,223
1,-185,225
2,-185,228
1,-185,231
1,-185,233
1,-185,239
1,-185,252
1,-185,253
1,-185,263
1,-185,749
-1,-184,-37
-1,-184,-28
-2,-184,-25
-1,-184,-23
-1,-184,-21
1,-184,-16
-3,-184,-14
-2,-184,-12
-1,-184,-8
-1,-184,-6
-1,-184,-3
-3,-184,-1
-3,-184,0
-4,-184,1
-1,-184,2
-2,-184,3
-2,-184,8
1,-184,9
-1,-184,10
-2,-184,12
0,-184,16
-1,-184,21
-1,-184,23
-1,-184,25
-1,-184,26
-1,-184,27
1,-184,31
1,-184,41
0,-184,42
-1,-184,43
-1,-184,46
-2,-184,48
-1,-184,51
-1,-184,53
-1,-184,55
-1,-184,61
-2,-184,64
-1,-184,68
-1,-184,72
-1,-184,74
-3,-184,76
-1,-184,84
-1,-184,85
-1,-184,91
1,-184,92
-1,-184,93
-2,-184,94
-1,-184,96
-1,-184,98
1,-184,102
-2,-184,104
-1,-184,105
-1,-184,106
-2,-184,109
-1,-184,112
-1,-184,115
-1,-184,117
-1,-184,119
-1,-184,126
-1,-184,138
-2,-184,155
1,-184,157
0,-184,158
2,-184,159
0,-184,161
3,-184,162
2,-184,164
-2,-184,166
1,-184,167
4,-184,168
0,-184,169
1,-184,170
-2,-184,171
6,-184,172
3,-184,173
3,-184,174
1,-184,176
1,-184,177
3,-184,178
2,-184,179
2,-184,180
0,-184,181
2,-184,182
3,-184,183
3,-184,184
1,-184,185
1,-184,186
1,-184,188
1,-184,189
1,-184,190
0,-184,192
1,-184,193
0,-184,194
2,-184,195
-1,-184,196
2,-184,197
1,-184,199
2,-184,200
0,-184,201
1,-184,202
1,-184,203
2,-184,206
1,-184,209
2,-184,210
1,-184,211
1,-184,215
1,-184,220
1,-184,224
1,-184,227
1,-184,228
1,-184,237
1,-184,246
1,-184,299
1,-184,316
-1,-184,517
-1,-183,-29
0,-183,-25
-1,-183,-22
-1,-183,-21
-3,-183,-19
-1,-183,-18
-3,-183,-15
-1,-183,-13
-1,-183,-12
-3,-183,-11
-2,-183,-8
-1,-183,-6
-1,-183,-5
-2,-183,-4
-1,-183,-2
1,-183,-1
-9,-183,0
-5,-183,4
1,-183,6
-1,-183,7
-2,-183,8
1,-183,10
-8,-183,11
-2,-183,13
-2,-183,15
-1,-183,17
-2,-183,19
-2,-183,21
-1,-183,23
-1,-183,28
-1,-183,30
-2,-183,34
-1,-183,41
-3,-183,42
-1,-183,45
-1,-183,47
-1,-183,49
-1,-183,55
-1,-183,60
-2,-183,63
-1,-183,66
1,-183,68
-2,-183,76
-1,-183,80
1,-183,81
1,-183,86
-1,-183,87
-1,-183,97
-1,-183,99
-1,-183,106
-1,-183,114
1,-183,125
-1,-183,129
-1,-183,132
-1,-183,135
-1,-183,144
-1,-183,145
-3,-183,147
-1,-183,149
-1,-183,153
-2,-183,155
-1,-183,156
3,-183,157
-1,-183,158
-1,-183,160
1,-183,161
-2,-183,162
1,-183,164
2,-183,165
1,-183,166
2,-183,167
2,-183,168
5,-183,169
1,-183,170
2,-183,171
4,-183,172
-3,-183,173
2,-183,174
1,-183,175
3,-183,176
-4,-183,177
2,-183,178
1,-183,179
4,-183,180
1,-183,181
2,-183,182
3,-183,183
-2,-183,184
2,-183,185
-2,-183,186
2,-183,187
7,-183,188
2,-183,189
-3,-183,190
1,-183,191
-2,-183,192
6,-183,193
2,-183,194
2,-183,195
-1,-183,196
2,-183,197
1,-183,198
1,-183,199
-1,-183,200
0,-183,205
1,-183,206
1,-183,207
0,-183,211
2,-183,212
-2,-183,213
1,-183,214
1,-183,215
0,-183,219
1,-183,226
-1,-183,228
1,-183,230
-1,-183,232
1,-183,233
1,-183,241
1,-183,250
1,-183,290
-1,-183,401
-1,-183,446
-1,-182,-27
-1,-182,-26
-1,-182,-18
-2,-182,-16
-1,-182,-14
-4,-182,-12
-3,-182,-10
-2,-182,-8
-4,-182,-5
-3,-182,-3
-1,-182,-1
-2,-182,0
-2,-182,1
-4,-182,3
-2,-182,5
-2,-182,10
-4,-182,12
-1,-182,14
-1,-182,16
-1,-182,18
-1,-182,20
-1,-182,21
-2,-182,23
-1,-182,31
1,-182,32
-1,-182,36
-2,-182,38
-1,-182,40
-1,-182,41
-1,-182,55
-1,-182,59
1,-182,63
-2,-182,68
-1,-182,70
-1,-182,71
-2,-182,74
-1,-182,76
-2,-182,81
-1,-182,82
-1,-182,85
-1,-182,89
-1,-182,91
-1,-182,93
-1,-182,95
-1,-182,96
-2,-182,97
0,-182,100
-2,-182,102
-1,-182,104
-1,-182,106
-2,-182,117
-1,-182,122
-1,-182,136
-1,-182,141
-1,-182,143
1,-182,155
-1,-182,160
-5,-182,164
-1,-182,168
-1,-182,169
1,-182,171
0,-182,176
0,-182,177
1,-182,178
-3,-182,179
1,-182,180
0,-182,181
1,-182,182
2,-182,184
1,-182,185
-1,-182,187
1,-182,189
1,-182,191
0,-182,194
1,-182,198
0,-182,199
1,-182,201
1,-182,220
-1,-182,224
1,-182,522
-1,-181,-27
-1,-181,-21
-1,-181,-19
-1,-181,-16
-1,-181,-14
-1,-181,-13
-3,-181,-11
-2,-181,-8
-1,-181,-6
-2,-181,-5
-1,-181,-2
-1,-181,-1
-2,-181,0
-2,-181,2
-1,-181,3
-1,-181,7
-2,-181,8
-2,-181,10
-1,-181,11
-1,-181,12
0,-181,13
0,-181,15
-2,-181,17
1,-181,19
-2,-181,23
-1,-181,26
-1,-181,28
-1,-181,38
1,-181,39
-1,-181,46
-1,-181,47
-1,-181,48
-1,-181,49
-1,-181,53
-1,-181,57
-1,-181,60
-1,-181,62
-1,-181,63
-1,-181,68
-1,-181,71
-1,-181,72
-1,-181,81
-1,-181,86
-1,-181,103
-1,-181,104
-1,-181,105
-1,-181,110
1,-181,115
1,-181,119
-1,-181,125
-1,-181,130
-2,-181,132
-1,-181,134
-1,-181,142
-5,-181,145
-1,-181,147
-2,-181,153
-4,-181,155
-2,-181,156
-1,-181,158
-2,-181,160
-1,-181,161
-2,-181,162
0,-181,163
-1,-181,164
-2,-181,166
2,-181,167
1,-181,168
1,-181,170
0,-181,171
2,-181,173
4,-181,174
1,-181,175
0,-181,176
3,-181,178
0,-181,179
3,-181,180
0,-181,181
2,-181,182
0,-181,183
7,-181,184
1,-181,185
-1,-181,186
1,-181,187
2,-181,188
0,-181,189
1,-181,191
5,-181,193
1,-181,194
1,-181,195
-1,-181,196
2,-181,197
0,-181,199
3,-181,200
3,-181,201
0,-181,202
0,-181,207
1,-181,208
1,-181,210
4,-181,211
1,-181,212
2,-181,214
1,-181,215
1,-181,217
2,-181,218
1,-181,221
1,-181,222
2,-181,227
1,-181,231
1,-181,233
1,-181,235
1,-181,237
1,-181,257
1,-181,267
1,-181,380
-1,-181,517
1,-180,-13
1,-180,12
1,-180,19
1,-180,32
1,-180,33
1,-180,89
2,-180,164
1,-180,166
1,-180,167
1,-180,168
2,-180,169
3,-180,170
1,-180,171
5,-180,172
2,-180,173
1,-180,175
1,-180,176
1,-180,177
2,-180,178
3,-180,179
5,-180,180
4,-180,181
2,-180,182
4,-180,183
5,-180,184
3,-180,185
3,-180,186
2,-180,187
3,-180,188
4,-180,189
2,-180,190
2,-180,191
3,-180,192
2,-180,193
3,-180,194
2,-180,195
3,-180,196
1,-180,197
1,-180,198
4,-180,199
4,-180,200
1,-180,201
1,-180,202
1,-180,204
2,-180,205
1,-180,206
3,-180,209
1,-180,210
2,-180,214
1,-180,218
1,-180,221
2,-180,226
1,-180,227
1,-180,228
1,-180,236
1,-180,257
-1,-180,497
1,-180,719
-1,-179,-36
-1,-179,-33
-1,-179,-31
-2,-179,-29
-1,-179,-25
-4,-179,-23
-1,-179,-18
-2,-179,-16
-2,-179,-14
-1,-179,-13
-1,-179,-12
-2,-179,-11
-6,-179,-10
-1,-179,-9
-1,-179,-8
0,-179,-6
-1,-179,-5
-6,-179,-3
1,-179,-2
-2,-179,0
-1,-179,1
-4,-179,3
-1,-179,5
-2,-179,8
-2,-179,10
-1,-179,12
-1,-179,13
-2,-179,14
-2,-179,15
-2,-179,17
-1,-179,18
0,-179,20
-2,-179,21
-1,-179,22
-3,-179,23
-1,-179,25
-1,-179,26
-2,-179,27
-1,-179,28
-1,-179,30
-1,-179,33
-1,-179,38
-2,-179,40
-1,-179,41
-1,-179,46
-2,-179,48
-1,-179,51
-4,-179,54
-1,-179,57
-1,-179,58
-1,-179,59
-1,-179,61
-1,-179,64
-1,-179,65
-2,-179,66
-2,-179,69
-1,-179,73
-1,-179,83
-1,-179,86
-1,-179,87
-1,-179,88
-2,-179,89
-2,-179,90
-1,-179,91
-1,-179,98
1,-179,99
1,-179,102
-2,-179,104
-1,-179,111
-1,-179,115
1,-179,126
1,-179,127
-1,-179,128
-1,-179,130
-1,-179,132
-1,-179,145
1,-179,148
-1,-179,151
-3,-179,153
-2,-179,155
-1,-179,156
-3,-179,158
-3,-179,160
-1,-179,161
-1,-179,162
-1,-179,163
-5,-179,164
-4,-179,166
1,-179,167
-1,-179,168
-1,-179,169
-4,-179,171
4,-179,172
0,-179,173
-1,-179,174
-1,-179,175
0,-179,176
-5,-179,177
3,-179,178
2,-179,179
3,-179,180
-3,-179,181
4,-179,183
2,-179,184
4,-179,185
-1,-179,186
1,-179,187
3,-179,188
4,-179,189
2,-179,190
2,-179,191
3,-179,192
3,-179,193
-1,-179,194
1,-179,195
0,-179,196
3,-179,199
2,-179,200
1,-179,201
1,-179,202
2,-179,204
2,-179,205
1,-179,206
1,-179,207
2,-179,209
2,-179,210
3,-179,211
1,-179,213
1,-179,214
1,-179,217
1,-179,220
1,-179,223
1,-179,224
1,-179,256
-1,-179,331
-1,-178,-27
-1,-178,-25
1,-178,-20
-1,-178,-13
-1,-178,-11
-1,-178,-8
-1,-178,-6
-1,-178,0
-3,-178,2
-1,-178,4
1,-178,5
-1,-178,9
-2,-178,11
-1,-178,13
-2,-178,19
-1,-178,28
-1,-178,42
-1,-178,51
-1,-178,76
-3,-178,80
-1,-178,82
-1,-178,85
1,-178,89
-1,-178,91
1,-178,92
-1,-178,106
-2,-178,112
-1,-178,116
1,-178,128
-1,-178,131
-2,-178,133
1,-178,143
1,-178,159
-1,-178,165
3,-178,168
0,-178,169
0,-178,171
3,-178,172
-1,-178,173
1,-178,174
-1,-178,175
3,-178,176
1,-178,177
1,-178,178
-1,-178,179
3,-178,180
-3,-178,181
3,-178,182
5,-178,183
2,-178,184
1,-178,185
2,-178,187
3,-178,189
1,-178,190
1,-178,191
1,-178,192
3,-178,193
-1,-178,194
0,-178,196
1,-178,197
5,-178,199
1,-178,200
1,-178,201
2,-178,202
2,-178,204
1,-178,205
1,-178,210
1,-178,214
-1,-178,219
2,-178,220
1,-178,223
1,-178,234
1,-178,241
1,-178,252
-1,-178,266
-1,-177,-33
-2,-177,-29
-1,-177,-28
-1,-177,-26
-1,-177,-23
-2,-177,-21
-2,-177,-18
-1,-177,-16
-4,-177,-14
-4,-177,-10
-1,-177,-9
-7,-177,-8
-1,-177,-6
-4,-177,-3
-1,-177,-1
-4,-177,0
-6,-177,1
-2,-177,2
-3,-177,3
-1,-177,4
-6,-177,5
0,-177,6
-1,-177,7
-1,-177,8
-3,-177,10
-1,-177,12
-2,-177,15
-3,-177,17
-3,-177,18
-1,-177,19
1,-177,20
-1,-177,21
-3,-177,23
-1,-177,25
-1,-177,28
-2,-177,29
-3,-177,33
-1,-177,34
-1,-177,35
-2,-177,36
-1,-177,38
-1,-177,39
-1,-177,41
-1,-177,42
-2,-177,43
-1,-177,44
-3,-177,46
-1,-177,47
-1,-177,48
-1,-177,49
-2,-177,53
-1,-177,54
-2,-177,55
-1,-177,56
-1,-177,57
-1,-177,60
-5,-177,61
-1,-177,64
-1,-177,66
-1,-177,68
-1,-177,72
-1,-177,76
-2,-177,78
-1,-177,79
-1,-177,80
1,-177,83
-2,-177,84
-1,-177,85
-1,-177,89
-1,-177,91
-1,-177,96
-1,-177,97
-2,-177,100
-1,-177,101
-1,-177,105
-1,-177,106
-1,-177,109
-1,-177,110
-2,-177,113
-1,-177,117
-1,-177,118
-1,-177,119
-1,-177,120
-1,-177,121
-1,-177,126
-1,-177,130
-1,-177,132
-1,-177,135
-1,-177,140
-1,-177,143
-2,-177,145
-1,-177,147
-1,-177,151
-1,-177,153
-3,-177,158
-1,-177,160
-4,-177,162
-2,-177,163
-1,-177,164
-2,-177,168
-5,-177,169
-5,-177,171
-6,-177,173
-1,-177,174
-3,-177,175
-1,-177,177
1,-177,178
0,-177,179
2,-177,180
-3,-177,181
-1,-177,183
-2,-177,184
-1,-177,186
2,-177,188
0,-177,189
-1,-177,190
-2,-177,191
-2,-177,192
1,-177,193
0,-177,194
-1,-177,196
1,-177,197
-3,-177,199
1,-177,201
2,-177,203
2,-177,205
-1,-177,207
1,-177,209
1,-177,214
-1,-177,222
-1,-177,224
1,-177,226
1,-177,340
-1,-176,-44
-1,-176,-26
-1,-176,-23
-1,-176,-18
-1,-176,-17
-1,-176,-16
-1,-176,-15
-1,-176,-14
-5,-176,-13
-1,-176,-11
1,-176,-9
-3,-176,-8
-4,-176,-6
-1,-176,-5
-2,-176,-4
-1,-176,-3
-2,-176,-2
-2,-176,-1
-7,-176,0
-1,-176,2
-2,-176,4
-8,-176,7
-3,-176,9
-2,-176,10
-1,-176,11
0,-176,12
-1,-176,13
-4,-176,15
-1,-176,18
-5,-176,19
-2,-176,21
2,-176,22
1,-176,26
1,-176,27
-4,-176,28
-6,-176,30
-1,-176,32
-2,-176,33
-3,-176,34
-1,-176,36
-1,-176,40
-1,-176,42
-1,-176,45
-1,-176,47
-3,-176,51
1,-176,52
-2,-176,53
-1,-176,54
-2,-176,55
-1,-176,56
-1,-176,57
-2,-176,61
-2,-176,63
-2,-176,66
-1,-176,68
-1,-176,70
1,-176,71
-3,-176,76
-3,-176,78
-2,-176,82
-1,-176,87
-1,-176,91
-1,-176,93
-1,-176,95
-1,-176,97
-1,-176,99
-1,-176,101
-3,-176,104
-1,-176,105
-2,-176,106
-1,-176,108
-1,-176,115
-2,-176,116
1,-176,117
-1,-176,118
-1,-176,120
-1,-176,122
0,-176,123
-3,-176,127
1,-176,128
1,-176,131
-1,-176,133
-1,-176,143
-1,-176,144
-1,-176,150
-2,-176,163
0,-176,164
-3,-176,166
1,-176,167
1,-176,168
-3,-176,169
-5,-176,171
0,-176,173
1,-176,174
-2,-176,175
-3,-176,176
0,-176,177
-1,-176,178
0,-176,179
3,-176,180
0,-176,181
1,-176,182
1,-176,183
3,-176,184
2,-176,185
-2,-176,186
1,-176,187
2,-176,188
3,-176,189
4,-176,190
3,-176,191
-2,-176,192
4,-176,193
0,-176,194
3,-176,195
1,-176,196
3,-176,197
1,-176,198
5,-176,199
2,-176,201
-1,-176,203
4,-176,204
1,-176,205
2,-176,206
-1,-176,207
2,-176,208
-1,-176,209
3,-176,210
1,-176,211
-1,-176,213
1,-176,215
1,-176,217
2,-176,218
-1,-176,222
1,-176,223
-1,-176,224
2,-176,225
-1,-176,226
1,-176,227
2,-176,232
2,-176,233
1,-176,243
1,-176,247
1,-176,251
1,-176,254
-1,-176,318
-1,-176,403
-1,-175,-36
-1,-175,-25
-1,-175,-18
-2,-175,-16
-2,-175,-14
-4,-175,-12
-3,-175,-8
-2,-175,-3
-3,-175,-1
-3,-175,0
-1,-175,1
-1,-175,3
-2,-175,5
-3,-175,10
1,-175,13
-4,-175,16
1,-175,21
-1,-175,27
0,-175,29
-2,-175,31
-2,-175,33
0,-175,36
-3,-175,38
-1,-175,40
-1,-175,61
1,-175,64
-1,-175,66
1,-175,67
-1,-175,74
1,-175,80
-1,-175,89
1,-175,93
-1,-175,96
-1,-175,102
-1,-175,106
-1,-175,113
-1,-175,115
-2,-175,126
-1,-175,130
1,-175,143
1,-175,161
1,-175,162
-1,-175,164
0,-175,169
0,-175,171
-1,-175,173
1,-175,174
-4,-175,175
1,-175,177
1,-175,178
2,-175,179
2,-175,180
-1,-175,181
2,-175,183
1,-175,184
3,-175,185
-1,-175,186
2,-175,187
2,-175,188
2,-175,189
3,-175,190
4,-175,191
3,-175,192
2,-175,193
0,-175,194
1,-175,195
1,-175,196
1,-175,199
4,-175,200
2,-175,201
1,-175,202
1,-175,203
1,-175,204
3,-175,205
4,-175,206
1,-175,208
3,-175,209
4,-175,211
1,-175,214
1,-175,216
1,-175,218
2,-175,221
1,-175,222
1,-175,223
1,-175,224
1,-175,233
1,-175,238
1,-175,281
-2,-174,-31
-1,-174,-29
-1,-174,-26
-1,-174,-25
-1,-174,-19
-1,-174,-16
-2,-174,-15
-1,-174,-12
-4,-174,-11
-2,-174,-9
-1,-174,-8
-1,-174,-6
-1,-174,-5
-4,-174,-4
-2,-174,-3
-3,-174,-1
-8,-174,0
-1,-174,2
-2,-174,4
-1,-174,6
-3,-174,7
-3,-174,8
-1,-174,9
-5,-174,10
-3,-174,11
-1,-174,12
-1,-174,13
-3,-174,15
-1,-174,21
-1,-174,22
-2,-174,23
1,-174,24
-3,-174,26
-1,-174,28
-1,-174,33
-1,-174,35
1,-174,36
-1,-174,38
-1,-174,42
-2,-174,43
-1,-174,45
-1,-174,46
-1,-174,49
-1,-174,52
0,-174,53
-3,-174,54
-1,-174,60
-1,-174,61
1,-174,67
0,-174,68
-2,-174,70
-1,-174,72
-1,-174,73
-1,-174,74
0,-174,76
-1,-174,78
-1,-174,80
-2,-174,82
-1,-174,84
1,-174,92
1,-174,99
-1,-174,102
0,-174,104
-2,-174,112
-3,-174,114
-1,-174,115
1,-174,116
-1,-174,118
-2,-174,122
-2,-174,142
1,-174,143
-1,-174,147
-1,-174,149
1,-174,150
-1,-174,151
-2,-174,153
-1,-174,158
-1,-174,162
1,-174,164
-4,-174,166
-5,-174,168
-1,-174,169
-3,-174,171
2,-174,172
0,-174,173
-1,-174,174
2,-174,176
-2,-174,177
2,-174,178
-2,-174,179
5,-174,180
3,-174,181
4,-174,183
0,-174,184
1,-174,185
0,-174,186
2,-174,187
2,-174,189
-4,-174,190
2,-174,191
0,-174,192
3,-174,193
2,-174,194
3,-174,195
-4,-174,196
1,-174,197
2,-174,199
-1,-174,200
2,-174,201
1,-174,202
1,-174,203
4,-174,204
0,-174,205
-1,-174,206
0,-174,207
1,-174,209
1,-174,210
1,-174,211
2,-174,212
2,-174,213
3,-174,214
2,-174,215
1,-174,216
0,-174,222
1,-174,225
1,-174,226
1,-174,227
1,-174,230
1,-174,232
1,-174,236
2,-174,237
1,-174,241
-1,-174,253
1,-174,291
1,-174,314
-1,-174,396
1,-174,445
-1,-174,500
-1,-173,-25
-3,-173,-23
-1,-173,-21
-1,-173,-18
-3,-173,-16
-2,-173,-14
-2,-173,-12
-5,-173,-10
-7,-173,-8
-1,-173,-5
-3,-173,-3
-3,-173,-1
-1,-173,0
-1,-173,1
-1,-173,3
-5,-173,5
-1,-173,8
1,-173,9
-1,-173,10
-3,-173,12
-7,-173,16
-2,-173,18
-2,-173,21
-1,-173,23
-1,-173,25
-2,-173,27
-2,-173,33
-4,-173,36
-1,-173,38
1,-173,42
1,-173,43
-1,-173,46
-1,-173,53
-2,-173,55
-1,-173,59
-1,-173,61
-1,-173,63
-1,-173,66
-1,-173,68
-1,-173,72
1,-173,74
-3,-173,76
-1,-173,83
-1,-173,85
-2,-173,91
-1,-173,93
-1,-173,98
-1,-173,109
-1,-173,113
1,-173,114
-1,-173,121
-1,-173,130
-1,-173,139
-1,-173,141
-1,-173,149
1,-173,168
1,-173,169
-2,-173,171
-4,-173,173
-1,-173,175
2,-173,176
0,-173,177
2,-173,178
-4,-173,181
2,-173,182
1,-173,183
2,-173,184
2,-173,185
-5,-173,186
2,-173,187
-4,-173,188
4,-173,189
2,-173,190
5,-173,191
2,-173,193
1,-173,194
4,-173,195
1,-173,196
2,-173,197
2,-173,199
3,-173,200
1,-173,201
1,-173,202
3,-173,203
1,-173,204
3,-173,205
3,-173,206
1,-173,210
1,-173,213
2,-173,214
2,-173,215
1,-173,216
1,-173,219
2,-173,221
1,-173,222
1,-173,228
1,-173,236
-1,-173,237
1,-173,245
1,-173,248
1,-173,258
1,-173,311
-1,-173,383
1,-173,389
1,-172,-31
-1,-172,-29
-2,-172,-27
-5,-172,-21
-2,-172,-19
-1,-172,-16
-2,-172,-13
-3,-172,-11
-1,-172,-8
-4,-172,-6
-1,-172,-5
-2,-172,-4
-10,-172,0
-1,-172,3
-1,-172,4
-1,-172,5
-2,-172,7
-2,-172,8
-1,-172,9
-3,-172,13
-1,-172,15
-1,-172,17
-1,-172,18
-1,-172,19
1,-172,22
-2,-172,23
1,-172,25
-2,-172,26
-2,-172,28
0,-172,30
-1,-172,32
1,-172,33
-3,-172,34
-1,-172,36
-1,-172,41
-1,-172,45
1,-172,47
-1,-172,51
-2,-172,54
-3,-172,58
-1,-172,61
-1,-172,65
-1,-172,69
-1,-172,70
-2,-172,71
-3,-172,72
-1,-172,73
-1,-172,74
-1,-172,76
-1,-172,78
-2,-172,80
-1,-172,84
-1,-172,85
-1,-172,86
-1,-172,88
-1,-172,95
-1,-172,102
-3,-172,106
-2,-172,108
-1,-172,109
-1,-172,110
1,-172,111
-1,-172,116
1,-172,117
-1,-172,122
-3,-172,125
-1,-172,130
-1,-172,131
1,-172,138
-1,-172,147
-1,-172,151
-1,-172,153
-1,-172,160
-2,-172,162
0,-172,164
-2,-172,168
1,-172,169
-4,-172,171
-3,-172,173
-1,-172,174
0,-172,175
1,-172,176
-2,-172,177
0,-172,178
-3,-172,179
1,-172,180
0,-172,181
1,-172,183
0,-172,184
4,-172,185
-2,-172,186
2,-172,187
0,-172,188
1,-172,189
2,-172,190
-1,-172,191
-2,-172,192
4,-172,193
1,-172,194
2,-172,195
5,-172,197
4,-172,199
0,-172,200
1,-172,201
-1,-172,202
1,-172,203
-1,-172,204
1,-172,205
4,-172,206
1,-172,207
1,-172,208
3,-172,209
1,-172,210
2,-172,211
1,-172,213
2,-172,216
2,-172,217
1,-172,218
1,-172,219
2,-172,222
2,-172,223
1,-172,228
2,-172,230
1,-172,231
1,-172,235
1,-172,243
1,-172,244
1,-172,249
1,-172,257
-1,-172,405
-1,-171,-46
-2,-171,-36
-1,-171,-31
-3,-171,-23
-1,-171,-21
-2,-171,-18
-3,-171,-16
-2,-171,-14
1,-171,-11
-4,-171,-10
-5,-171,-8
-6,-171,-5
-7,-171,-3
-1,-171,-1
-5,-171,0
-8,-171,1
-1,-171,2
-5,-171,3
-10,-171,5
-1,-171,7
-2,-171,8
-2,-171,10
-2,-171,12
-2,-171,14
-1,-171,15
-2,-171,16
-3,-171,18
-1,-171,23
-4,-171,25
-3,-171,27
-2,-171,28
-2,-171,29
-5,-171,33
1,-171,34
-1,-171,36
0,-171,38
-2,-171,40
-1,-171,42
-1,-171,51
-2,-171,55
-1,-171,56
-1,-171,57
-1,-171,59
-3,-171,61
-1,-171,63
-2,-171,66
-1,-171,68
-1,-171,70
-1,-171,76
-1,-171,78
-1,-171,81
-2,-171,84
-2,-171,85
-1,-171,86
-1,-171,87
-1,-171,89
-1,-171,91
-1,-171,93
-1,-171,98
-1,-171,100
-1,-171,104
1,-171,111
-1,-171,113
-1,-171,117
-1,-171,119
-1,-171,123
-1,-171,125
-1,-171,130
-1,-171,132
-1,-171,137
1,-171,138
-1,-171,139
-1,-171,140
-2,-171,141
-2,-171,145
-1,-171,154
-1,-171,156
-3,-171,164
-2,-171,169
-1,-171,171
-2,-171,173
-1,-171,174
0,-171,177
-3,-171,178
-1,-171,179
1,-171,180
-6,-171,181
-3,-171,183
-1,-171,184
1,-171,185
-5,-171,186
-2,-171,187
0,-171,188
-2,-171,189
-2,-171,190
-2,-171,191
-4,-171,192
2,-171,193
-2,-171,194
1,-171,195
1,-171,196
2,-171,197
2,-171,201
-1,-171,203
1,-171,204
2,-171,205
-1,-171,206
-1,-171,209
1,-171,211
1,-171,222
1,-171,223
1,-171,228
1,-171,230
-1,-171,540
1,-171,545
-1,-170,-22
-1,-170,-20
-2,-170,-19
-2,-170,-15
-1,-170,-13
-2,-170,-11
-2,-170,-9
-4,-170,-8
-1,-170,-7
-1,-170,-6
-1,-170,-5
-1,-170,-4
-3,-170,-2
-3,-170,0
-1,-170,2
-2,-170,4
-2,-170,7
-1,-170,8
-1,-170,9
-4,-170,11
-3,-170,13
-1,-170,15
-2,-170,17
-4,-170,19
-1,-170,21
-2,-170,23
-2,-170,28
-2,-170,30
-4,-170,34
-3,-170,36
-2,-170,40
-1,-170,41
-2,-170,47
-2,-170,49
-1,-170,51
-1,-170,52
-2,-170,53
-2,-170,57
1,-170,59
-1,-170,60
1,-170,62
-1,-170,67
-2,-170,68
1,-170,70
-1,-170,73
-2,-170,76
-1,-170,78
-1,-170,80
-3,-170,82
1,-170,84
-1,-170,86
-1,-170,89
-1,-170,90
-2,-170,93
-1,-170,97
-2,-170,106
-1,-170,118
-1,-170,125
-2,-170,129
1,-170,134
-1,-170,135
-2,-170,137
-1,-170,144
1,-170,145
1,-170,147
-1,-170,148
-2,-170,151
-3,-170,153
-1,-170,155
-2,-170,160
-2,-170,162
-2,-170,164
-1,-170,168
0,-170,171
-4,-170,175
-1,-170,177
2,-170,178
2,-170,179
-3,-170,181
3,-170,183
4,-170,184
1,-170,185
-1,-170,186
2,-170,188
0,-170,190
1,-170,191
1,-170,192
2,-170,193
0,-170,194
1,-170,195
2,-170,196
3,-170,197
1,-170,198
4,-170,199
0,-170,200
7,-170,201
2,-170,202
1,-170,204
3,-170,205
2,-170,206
1,-170,207
2,-170,208
0,-170,209
2,-170,210
3,-170,211
0,-170,212
-1,-170,213
1,-170,214
0,-170,215
5,-170,216
1,-170,217
-2,-170,219
4,-170,220
2,-170,221
1,-170,223
-2,-170,224
2,-170,226
2,-170,228
2,-170,231
1,-170,232
1,-170,233
2,-170,239
-1,-170,241
1,-170,252
1,-170,256
1,-170,452
-1,-169,-31
-1,-169,-29
-3,-169,-25
-1,-169,-23
-3,-169,-21
-2,-169,-19
-2,-169,-18
-3,-169,-16
-5,-169,-14
-3,-169,-12
-5,-169,-10
-6,-169,-8
-1,-169,-6
-3,-169,-5
-5,-169,-3
-2,-169,-1
-3,-169,0
-1,-169,1
-1,-169,3
2,-169,4
-3,-169,5
-2,-169,8
-2,-169,10
-2,-169,12
-2,-169,14
-2,-169,16
-1,-169,17
-5,-169,18
2,-169,20
-3,-169,21
-4,-169,23
-2,-169,26
-2,-169,27
-1,-169,30
-1,-169,31
-1,-169,36
1,-169,37
-3,-169,40
-2,-169,41
-2,-169,44
-1,-169,45
-2,-169,46
1,-169,47
-1,-169,48
-1,-169,49
0,-169,53
-3,-169,55
-1,-169,57
0,-169,58
-1,-169,63
-2,-169,66
-2,-169,68
-1,-169,69
-2,-169,70
-2,-169,71
-3,-169,72
-1,-169,74
1,-169,75
-3,-169,76
-1,-169,77
-1,-169,78
-1,-169,79
-2,-169,81
-1,-169,82
-1,-169,83
-2,-169,85
1,-169,86
-2,-169,87
-1,-169,89
-2,-169,93
-1,-169,95
-2,-169,96
-1,-169,98
-2,-169,100
-2,-169,106
0,-169,107
-2,-169,110
-2,-169,111
-1,-169,113
-2,-169,114
-1,-169,115
1,-169,116
-1,-169,117
-1,-169,118
-1,-169,122
-1,-169,125
-2,-169,128
1,-169,130
-2,-169,134
-2,-169,136
-1,-169,141
-1,-169,143
-1,-169,145
1,-169,146
-1,-169,156
-1,-169,158
-1,-169,161
1,-169,170
1,-169,172
-1,-169,173
-1,-169,174
-2,-169,175
-1,-169,176
1,-169,177
-1,-169,178
0,-169,179
1,-169,180
-3,-169,181
1,-169,182
1,-169,183
0,-169,184
3,-169,185
-1,-169,186
1,-169,187
0,-169,188
-1,-169,189
3,-169,190
1,-169,191
-2,-169,192
3,-169,193
3,-169,194
4,-169,195
1,-169,196
1,-169,197
2,-169,198
5,-169,200
0,-169,201
4,-169,202
1,-169,203
6,-169,204
7,-169,205
5,-169,207
1,-169,208
0,-169,209
1,-169,210
3,-169,211
2,-169,212
1,-169,213
4,-169,214
5,-169,215
2,-169,216
1,-169,217
2,-169,218
2,-169,220
1,-169,221
2,-169,222
1,-169,223
-1,-169,224
1,-169,225
-1,-169,227
1,-169,230
1,-169,232
2,-169,236
-1,-169,239
1,-169,240
1,-169,242
1,-169,247
-1,-169,276
1,-169,338
-1,-169,393
1,-169,600
-1,-168,-29
-1,-168,-28
-1,-168,-26
-2,-168,-25
-4,-168,-21
-1,-168,-19
-1,-168,-18
-4,-168,-15
-2,-168,-14
-1,-168,-12
-2,-168,-11
-3,-168,-8
-2,-168,-6
-2,-168,-5
-4,-168,-4
-2,-168,-3
-5,-168,-2
-1,-168,-1
-15,-168,0
-2,-168,4
-7,-168,7
-3,-168,8
-1,-168,9
-1,-168,10
-1,-168,11
-4,-168,15
-6,-168,17
-1,-168,19
-2,-168,21
-1,-168,22
-1,-168,23
1,-168,24
1,-168,25
-3,-168,26
-1,-168,28
-1,-168,30
-1,-168,34
-3,-168,36
-3,-168,38
-1,-168,40
-2,-168,41
0,-168,42
0,-168,43
-2,-168,45
-3,-168,47
-1,-168,49
-2,-168,53
-1,-168,56
-1,-168,58
-7,-168,59
-2,-168,61
1,-168,62
-2,-168,63
-3,-168,66
-1,-168,67
0,-168,69
-1,-168,70
-2,-168,71
-1,-168,73
-1,-168,75
-1,-168,76
-1,-168,78
-2,-168,80
1,-168,83
-1,-168,86
-1,-168,87
-2,-168,89
1,-168,91
-2,-168,93
-1,-168,95
-1,-168,97
1,-168,101
-1,-168,102
-1,-168,104
1,-168,105
-2,-168,106
-1,-168,107
-1,-168,108
-1,-168,110
-3,-168,114
-1,-168,116
-1,-168,120
-1,-168,121
-3,-168,125
-2,-168,127
-1,-168,128
-1,-168,131
-1,-168,135
-1,-168,138
1,-168,143
-1,-168,145
-1,-168,149
-1,-168,150
-1,-168,152
-1,-168,153
1,-168,157
-2,-168,160
-1,-168,161
-3,-168,162
-2,-168,166
-3,-168,168
-2,-168,171
2,-168,172
-7,-168,173
1,-168,176
1,-168,178
-2,-168,179
5,-168,180
-1,-168,181
1,-168,183
-2,-168,184
1,-168,185
-1,-168,186
2,-168,187
1,-168,188
3,-168,189
-3,-168,190
-3,-168,192
4,-168,193
0,-168,194
2,-168,195
-4,-168,196
3,-168,197
2,-168,198
1,-168,199
1,-168,200
5,-168,201
3,-168,202
1,-168,203
3,-168,204
-1,-168,205
1,-168,206
2,-168,207
4,-168,209
4,-168,210
-1,-168,211
2,-168,212
1,-168,213
5,-168,214
1,-168,215
3,-168,216
-2,-168,217
-4,-168,219
0,-168,220
2,-168,221
2,-168,222
2,-168,226
1,-168,227
-1,-168,228
-1,-168,229
2,-168,231
1,-168,241
1,-168,243
1,-168,248
2,-168,252
1,-168,267
1,-168,268
1,-168,270
-1,-168,272
-1,-168,359
1,-168,573
1,-167,-3
1,-167,5
1,-167,6
1,-167,15
1,-167,20
1,-167,33
1,-167,42
1,-167,61
1,-167,79
1,-167,83
1,-167,90
1,-167,95
-1,-167,124
1,-167,125
1,-167,130
1,-167,138
-1,-167,145
1,-167,160
1,-167,174
1,-167,180
2,-167,182
1,-167,183
3,-167,184
3,-167,185
1,-167,186
2,-167,187
2,-167,188
1,-167,191
2,-167,193
4,-167,194
3,-167,195
3,-167,196
3,-167,197
1,-167,198
2,-167,199
4,-167,200
1,-167,201
2,-167,202
1,-167,204
1,-167,205
3,-167,206
3,-167,207
1,-167,208
4,-167,209
1,-167,211
1,-167,212
1,-167,213
2,-167,214
2,-167,215
3,-167,216
2,-167,217
2,-167,218
1,-167,219
2,-167,220
1,-167,221
1,-167,222
2,-167,223
1,-167,226
1,-167,232
1,-167,233
1,-167,236
1,-167,260
1,-167,301
1,-167,330
-1,-166,-34
-1,-166,-25
-2,-166,-18
-1,-166,-14
-1,-166,-13
-3,-166,-12
-2,-166,-11
-1,-166,-10
-4,-166,-8
-1,-166,-7
-2,-166,-6
-7,-166,-5
-7,-166,-3
-2,-166,-1
-16,-166,0
-1,-166,1
-1,-166,2
-2,-166,3
-3,-166,4
-1,-166,5
-3,-166,7
-2,-166,8
-6,-166,10
-6,-166,12
-1,-166,13
-1,-166,14
-6,-166,15
-3,-166,16
-1,-166,17
-3,-166,18
-1,-166,19
-1,-166,20
-6,-166,21
-3,-166,23
-1,-166,25
-1,-166,26
-1,-166,27
-5,-166,28
-2,-166,29
-3,-166,30
-2,-166,31
-3,-166,32
-2,-166,33
-3,-166,36
-1,-166,38
-1,-166,39
-1,-166,40
-2,-166,41
-2,-166,42
-1,-166,43
-3,-166,44
-1,-166,45
-2,-166,47
-5,-166,49
-1,-166,51
-3,-166,53
-3,-166,55
-1,-166,56
-1,-166,57
-3,-166,59
-1,-166,60
-3,-166,61
-3,-166,63
-3,-166,66
-2,-166,68
-2,-166,69
-2,-166,70
-1,-166,71
-3,-166,72
-1,-166,74
-1,-166,76
-3,-166,77
-1,-166,78
-3,-166,80
-1,-166,81
-1,-166,86
-1,-166,89
-1,-166,90
-1,-166,91
-1,-166,93
-1,-166,97
-2,-166,98
-4,-166,104
-2,-166,106
-1,-166,108
1,-166,111
-2,-166,112
-1,-166,113
-2,-166,115
-4,-166,116
-1,-166,119
-1,-166,122
1,-166,125
-3,-166,127
-1,-166,130
-1,-166,131
1,-166,132
-1,-166,133
-1,-166,135
-1,-166,136
-1,-166,138
-2,-166,141
-2,-166,143
-1,-166,144
-2,-166,145
-1,-166,149
-1,-166,151
-4,-166,156
-1,-166,158
-2,-166,160
-3,-166,162
-2,-166,164
-3,-166,166
-1,-166,168
-1,-166,173
-2,-166,174
-3,-166,175
-2,-166,176
-2,-166,177
-1,-166,178
-6,-166,179
-5,-166,181
1,-166,183
-1,-166,184
1,-166,185
-10,-166,186
-1,-166,187
-9,-166,188
1,-166,191
-1,-166,192
1,-166,193
-5,-166,194
1,-166,195
-2,-166,196
-1,-166,197
1,-166,198
-3,-166,199
1,-166,200
1,-166,201
2,-166,202
-2,-166,203
-1,-166,205
1,-166,207
1,-166,208
1,-166,209
1,-166,210
-1,-166,211
-2,-166,214
1,-166,215
-2,-166,217
2,-166,218
0,-166,220
-1,-166,222
1,-166,226
0,-166,227
1,-166,235
1,-166,238
1,-166,304
-1,-166,409
1,-165,-1
1,-165,3
1,-165,4
1,-165,5
1,-165,19
1,-165,42
1,-165,63
1,-165,69
1,-165,83
1,-165,91
1,-165,116
1,-165,133
2,-165,134
1,-165,151
1,-165,172
1,-165,178
1,-165,179
2,-165,180
3,-165,182
1,-165,183
4,-165,184
1,-165,187
5,-165,188
3,-165,189
2,-165,190
2,-165,191
2,-165,192
2,-165,193
7,-165,194
4,-165,195
1,-165,196
3,-165,197
1,-165,198
3,-165,199
4,-165,200
8,-165,201
1,-165,202
1,-165,203
4,-165,204
7,-165,205
4,-165,206
3,-165,207
4,-165,208
2,-165,209
4,-165,210
2,-165,212
2,-165,214
2,-165,215
4,-165,216
3,-165,217
3,-165,218
1,-165,219
1,-165,220
2,-165,221
1,-165,225
2,-165,226
1,-165,227
1,-165,228
2,-165,230
1,-165,235
1,-165,236
1,-165,239
1,-165,243
1,-165,247
1,-165,258
1,-165,273
1,-165,275
1,-165,467
-1,-164,-36
-1,-164,-33
-1,-164,-29
-1,-164,-27
-1,-164,-26
-2,-164,-25
-1,-164,-24
-1,-164,-23
-2,-164,-19
-1,-164,-18
-1,-164,-16
-2,-164,-15
-2,-164,-14
-1,-164,-12
-1,-164,-11
-4,-164,-10
-2,-164,-9
-6,-164,-8
-1,-164,-6
-2,-164,-5
-1,-164,-4
-4,-164,-3
-1,-164,-2
-5,-164,-1
-2,-164,0
-3,-164,1
-3,-164,2
-4,-164,3
-5,-164,5
-1,-164,7
-3,-164,8
-2,-164,9
-2,-164,10
-1,-164,11
-2,-164,12
-1,-164,13
-1,-164,14
-1,-164,15
-1,-164,16
-1,-164,20
-1,-164,22
-3,-164,23
-1,-164,25
-7,-164,28
-2,-164,29
-2,-164,30
-2,-164,31
1,-164,32
-1,-164,33
-1,-164,34
-1,-164,36
-1,-164,38
-1,-164,39
-2,-164,40
0,-164,41
-2,-164,42
-1,-164,44
-2,-164,45
-1,-164,46
-1,-164,49
-2,-164,51
1,-164,52
-1,-164,53
-2,-164,54
-1,-164,55
-3,-164,56
-1,-164,58
-1,-164,59
1,-164,62
-2,-164,63
-1,-164,68
-2,-164,70
-2,-164,71
-1,-164,72
-6,-164,76
0,-164,78
-1,-164,79
-1,-164,81
0,-164,82
-1,-164,85
0,-164,86
0,-164,87
-1,-164,89
-2,-164,91
-1,-164,92
-1,-164,94
-1,-164,98
-1,-164,100
-1,-164,103
-1,-164,104
-1,-164,105
-1,-164,106
-1,-164,107
-2,-164,109
-1,-164,112
-1,-164,113
-1,-164,115
-1,-164,116
-2,-164,117
-1,-164,125
-1,-164,126
-1,-164,128
-1,-164,130
-1,-164,132
-2,-164,133
-2,-164,134
-2,-164,135
-1,-164,137
-2,-164,138
-3,-164,141
1,-164,142
-2,-164,143
-2,-164,147
-2,-164,148
-1,-164,150
-1,-164,151
-1,-164,154
-1,-164,162
-2,-164,164
-1,-164,166
-1,-164,168
1,-164,169
-1,-164,171
-2,-164,173
-2,-164,175
-1,-164,176
-1,-164,177
0,-164,178
-3,-164,179
1,-164,180
-2,-164,181
1,-164,182
2,-164,183
4,-164,184
1,-164,185
-2,-164,186
6,-164,187
-4,-164,188
-3,-164,189
-1,-164,190
-1,-164,191
-7,-164,192
4,-164,193
1,-164,194
4,-164,195
-1,-164,196
2,-164,197
2,-164,198
5,-164,199
1,-164,200
3,-164,201
3,-164,202
0,-164,203
3,-164,204
-2,-164,205
3,-164,206
1,-164,207
2,-164,208
-1,-164,209
6,-164,210
2,-164,211
6,-164,212
2,-164,213
3,-164,214
4,-164,215
2,-164,216
1,-164,217
2,-164,218
-1,-164,219
1,-164,220
1,-164,221
4,-164,222
3,-164,223
1,-164,225
1,-164,226
1,-164,235
1,-164,239
1,-164,241
2,-164,242
1,-164,243
2,-164,254
1,-164,603
-1,-163,-18
-1,-163,-16
-2,-163,-13
-2,-163,-11
-2,-163,-3
-1,-163,-1
-2,-163,0
-2,-163,2
1,-163,5
-3,-163,7
-1,-163,8
1,-163,10
1,-163,11
-2,-163,12
-2,-163,13
-1,-163,15
1,-163,17
-2,-163,20
1,-163,23
-1,-163,25
0,-163,26
-1,-163,30
-1,-163,31
-1,-163,36
-1,-163,41
-1,-163,45
2,-163,48
-1,-163,54
-1,-163,58
-1,-163,59
1,-163,64
1,-163,70
-2,-163,71
-1,-163,76
-1,-163,77
1,-163,78
2,-163,81
-1,-163,82
1,-163,83
-1,-163,91
-1,-163,94
-1,-163,97
-2,-163,100
1,-163,101
-1,-163,104
-1,-163,105
-2,-163,110
-2,-163,112
-1,-163,117
-1,-163,123
1,-163,134
-1,-163,138
0,-163,141
1,-163,142
1,-163,151
1,-163,153
-1,-163,160
-1,-163,161
-2,-163,176
-1,-163,179
-2,-163,181
-3,-163,184
1,-163,185
-1,-163,186
0,-163,187
1,-163,188
2,-163,189
1,-163,190
1,-163,191
0,-163,192
6,-163,193
-1,-163,194
2,-163,195
-1,-163,196
5,-163,197
1,-163,198
6,-163,199
2,-163,200
1,-163,201
2,-163,202
6,-163,204
6,-163,205
6,-163,206
0,-163,207
1,-163,208
2,-163,209
2,-163,210
3,-163,211
4,-163,212
1,-163,213
3,-163,215
1,-163,216
3,-163,217
4,-163,218
1,-163,220
1,-163,221
1,-163,222
1,-163,223
3,-163,225
1,-163,227
1,-163,228
1,-163,230
2,-163,236
1,-163,239
1,-163,246
1,-163,260
1,-163,272
-1,-163,372
-1,-162,-31
-1,-162,-29
-1,-162,-25
-3,-162,-23
-2,-162,-21
-2,-162,-19
-1,-162,-17
-3,-162,-16
-1,-162,-15
-2,-162,-14
-3,-162,-12
-2,-162,-10
-2,-162,-8
-3,-162,-5
-3,-162,-4
-7,-162,-3
-4,-162,-2
-16,-162,0
-4,-162,1
-3,-162,3
-3,-162,4
-4,-162,5
1,-162,6
-4,-162,7
-2,-162,8
-2,-162,9
-3,-162,10
-4,-162,12
-5,-162,13
-1,-162,14
-2,-162,15
-4,-162,16
-3,-162,19
-4,-162,21
-5,-162,23
-4,-162,25
-6,-162,26
-1,-162,27
-2,-162,28
-4,-162,29
-1,-162,30
-1,-162,32
-5,-162,33
-2,-162,34
-3,-162,36
0,-162,38
-2,-162,40
1,-162,41
-1,-162,42
1,-162,44
-3,-162,45
0,-162,46
-2,-162,47
-1,-162,48
-1,-162,49
-3,-162,51
-5,-162,53
-5,-162,55
-3,-162,57
-2,-162,59
1,-162,62
-2,-162,63
1,-162,64
-3,-162,66
-2,-162,68
1,-162,69
-2,-162,70
-1,-162,72
-2,-162,74
-5,-162,76
-2,-162,78
-1,-162,80
-2,-162,82
1,-162,83
-1,-162,85
-1,-162,87
1,-162,90
1,-162,91
-1,-162,93
-2,-162,98
-1,-162,99
-2,-162,101
-1,-162,104
-2,-162,106
-1,-162,111
-1,-162,112
-1,-162,113
-1,-162,116
-2,-162,118
-2,-162,121
-1,-162,122
-1,-162,125
0,-162,126
-1,-162,127
-1,-162,128
0,-162,132
-3,-162,133
-2,-162,135
-1,-162,137
1,-162,141
-1,-162,143
1,-162,144
-1,-162,147
-4,-162,150
-1,-162,152
-1,-162,154
-1,-162,156
-1,-162,158
0,-162,163
0,-162,171
-1,-162,173
3,-162,177
-1,-162,179
-2,-162,181
2,-162,183
-2,-162,184
1,-162,185
-2,-162,186
1,-162,187
-7,-162,188
3,-162,190
-3,-162,192
1,-162,193
-2,-162,194
1,-162,195
2,-162,196
-4,-162,198
-4,-162,199
0,-162,200
3,-162,201
-2,-162,203
3,-162,204
3,-162,205
7,-162,206
-3,-162,207
2,-162,208
-2,-162,209
2,-162,210
1,-162,211
-1,-162,212
0,-162,213
2,-162,214
2,-162,215
1,-162,216
1,-162,218
-1,-162,219
3,-162,221
1,-162,222
3,-162,223
1,-162,227
2,-162,228
1,-162,233
0,-162,235
0,-162,236
-2,-162,241
-1,-162,242
1,-162,243
-1,-162,245
1,-162,246
-1,-162,249
1,-162,251
1,-162,253
1,-162,254
-1,-162,270
1,-162,278
-1,-162,293
-1,-162,542
-1,-161,-31
1,-161,-28
2,-161,-26
-1,-161,-24
-1,-161,-23
-1,-161,-22
-2,-161,-21
-2,-161,-18
-1,-161,-13
-2,-161,-9
-1,-161,-8
-1,-161,-6
-1,-161,-5
-2,-161,-3
0,-161,-1
-2,-161,0
-3,-161,2
-1,-161,6
-3,-161,8
-1,-161,10
-2,-161,12
-1,-161,13
-2,-161,15
-2,-161,17
-1,-161,19
-1,-161,21
-1,-161,22
0,-161,26
1,-161,27
-2,-161,30
-1,-161,34
1,-161,43
-1,-161,45
-2,-161,47
1,-161,48
-1,-161,49
1,-161,55
-1,-161,56
-1,-161,60
1,-161,62
0,-161,64
0,-161,65
1,-161,67
-2,-161,69
-2,-161,71
-1,-161,72
-1,-161,75
1,-161,78
-1,-161,79
1,-161,80
0,-161,82
0,-161,84
-1,-161,86
-1,-161,87
0,-161,90
-1,-161,91
-3,-161,95
-1,-161,97
-2,-161,99
-1,-161,103
-1,-161,104
-1,-161,105
-1,-161,106
-1,-161,108
-1,-161,109
-3,-161,112
-1,-161,119
-1,-161,120
-1,-161,133
1,-161,136
-2,-161,140
-1,-161,141
1,-161,153
-1,-161,158
-1,-161,160
-1,-161,161
-1,-161,163
-2,-161,164
-2,-161,166
-1,-161,168
-3,-161,171
-1,-161,173
-1,-161,175
-1,-161,179
1,-161,180
-3,-161,181
2,-161,182
1,-161,183
-1,-161,184
-1,-161,186
0,-161,188
1,-161,189
3,-161,190
-2,-161,191
1,-161,192
1,-161,193
2,-161,194
4,-161,195
-1,-161,196
3,-161,197
1,-161,198
2,-161,199
4,-161,200
3,-161,201
2,-161,202
3,-161,204
4,-161,205
3,-161,206
2,-161,207
2,-161,208
3,-161,209
0,-161,210
8,-161,211
0,-161,212
1,-161,213
2,-161,214
3,-161,215
5,-161,216
0,-161,217
3,-161,218
1,-161,219
1,-161,220
3,-161,221
1,-161,222
1,-161,223
1,-161,224
1,-161,225
1,-161,227
2,-161,228
1,-161,229
2,-161,230
2,-161,231
1,-161,232
1,-161,235
2,-161,236
1,-161,243
1,-161,267
1,-161,269
1,-161,283
1,-161,337
-1,-161,447
1,-161,499
-1,-160,-23
-3,-160,-21
-1,-160,-16
-3,-160,-15
-2,-160,-14
-1,-160,-12
-1,-160,-11
-1,-160,-10
-3,-160,-8
-7,-160,-4
-1,-160,-3
-2,-160,-2
-6,-160,0
-1,-160,1
-2,-160,3
-3,-160,4
-4,-160,5
-1,-160,10
-7,-160,11
-1,-160,12
-2,-160,13
-5,-160,15
-6,-160,16
-2,-160,18
-3,-160,21
-1,-160,26
-2,-160,27
-2,-160,29
-1,-160,30
-2,-160,31
-2,-160,34
-5,-160,38
-1,-160,40
1,-160,41
-2,-160,42
-1,-160,44
-1,-160,48
-2,-160,51
-3,-160,53
-2,-160,55
1,-160,56
-2,-160,57
-3,-160,59
-4,-160,63
-3,-160,68
-3,-160,70
-2,-160,72
-1,-160,76
-2,-160,78
-1,-160,80
-2,-160,85
-3,-160,87
-1,-160,89
-2,-160,91
-1,-160,96
-4,-160,97
-2,-160,98
-2,-160,100
-1,-160,101
-2,-160,104
1,-160,105
-1,-160,106
-1,-160,108
-1,-160,109
-1,-160,111
-1,-160,117
-3,-160,118
-1,-160,119
-1,-160,124
-1,-160,128
-1,-160,130
-1,-160,132
-1,-160,135
-1,-160,139
-1,-160,141
1,-160,146
-1,-160,149
1,-160,150
-1,-160,152
-1,-160,154
1,-160,163
-1,-160,177
-2,-160,179
2,-160,180
2,-160,184
-3,-160,186
-2,-160,188
1,-160,189
-3,-160,190
1,-160,191
-3,-160,192
1,-160,195
-4,-160,196
1,-160,197
-2,-160,198
1,-160,199
-1,-160,201
-3,-160,203
-4,-160,205
0,-160,207
2,-160,208
0,-160,209
1,-160,210
-1,-160,211
0,-160,212
1,-160,213
1,-160,214
1,-160,215
1,-160,216
-1,-160,217
0,-160,218
-2,-160,219
1,-160,220
1,-160,221
1,-160,222
-1,-160,224
-1,-160,227
-1,-160,228
-1,-160,229
1,-160,230
1,-160,239
-1,-160,243
1,-160,244
1,-160,248
1,-160,262
-1,-160,428
-1,-159,-24
-1,-159,-19
0,-159,-13
1,-159,-12
0,-159,-11
-2,-159,-9
-1,-159,-7
-2,-159,-6
1,-159,-4
-3,-159,-3
-1,-159,-1
-1,-159,0
-2,-159,2
-1,-159,3
1,-159,4
-2,-159,5
-1,-159,7
-2,-159,8
0,-159,10
0,-159,12
-5,-159,13
1,-159,15
1,-159,17
-1,-159,20
-1,-159,23
1,-159,25
-1,-159,26
1,-159,28
-1,-159,30
-1,-159,32
-1,-159,33
-1,-159,38
-1,-159,39
-1,-159,43
-1,-159,46
-1,-159,52
-1,-159,53
1,-159,54
-2,-159,56
-2,-159,59
-1,-159,60
-1,-159,61
-1,-159,62
1,-159,68
-3,-159,69
1,-159,70
-2,-159,71
1,-159,73
-2,-159,74
1,-159,75
-1,-159,80
-1,-159,81
-2,-159,82
-1,-159,84
-1,-159,86
-1,-159,88
-1,-159,97
-1,-159,99
-1,-159,100
1,-159,101
-1,-159,104
-2,-159,106
-1,-159,107
-1,-159,108
-2,-159,114
1,-159,115
-1,-159,118
1,-159,120
-1,-159,121
-2,-159,123
-1,-159,125
-1,-159,127
-1,-159,133
-1,-159,138
-2,-159,148
1,-159,155
-1,-159,158
-1,-159,164
-1,-159,166
-3,-159,171
-2,-159,173
-3,-159,177
1,-159,180
-2,-159,181
1,-159,182
-1,-159,183
-1,-159,184
1,-159,185
-3,-159,186
-2,-159,187
2,-159,188
1,-159,189
-2,-159,191
-3,-159,192
3,-159,193
-2,-159,194
2,-159,195
0,-159,196
1,-159,197
2,-159,198
4,-159,199
5,-159,200
3,-159,201
1,-159,202
3,-159,203
5,-159,204
3,-159,205
5,-159,206
-1,-159,207
1,-159,208
3,-159,209
2,-159,210
3,-159,211
1,-159,213
3,-159,214
2,-159,215
4,-159,216
1,-159,217
1,-159,218
2,-159,220
1,-159,221
1,-159,222
2,-159,223
6,-159,225
1,-159,226
1,-159,227
1,-159,230
1,-159,231
1,-159,232
1,-159,236
1,-159,237
1,-159,242
1,-159,244
2,-159,246
1,-159,248
2,-159,257
1,-159,270
1,-159,286
1,-159,335
-1,-158,-27
-1,-158,-25
-2,-158,-23
-1,-158,-21
-5,-158,-18
-3,-158,-16
1,-158,-15
-2,-158,-14
-4,-158,-10
-3,-158,-8
-1,-158,-6
-7,-158,-5
-14,-158,-3
-2,-158,-1
-6,-158,0
-1,-158,1
-7,-158,3
-4,-158,5
1,-158,6
-2,-158,7
1,-158,8
-4,-158,10
-4,-158,12
-4,-158,14
-1,-158,15
-2,-158,16
-3,-158,18
-3,-158,21
-3,-158,23
-1,-158,25
-7,-158,27
-2,-158,28
-2,-158,31
-1,-158,33
-1,-158,35
1,-158,37
-4,-158,38
-3,-158,40
-1,-158,41
-4,-158,42
-2,-158,46
0,-158,48
1,-158,50
-1,-158,51
-2,-158,53
0,-158,54
-2,-158,55
-1,-158,58
-1,-158,59
-2,-158,61
-1,-158,63
1,-158,64
-4,-158,66
-2,-158,68
-2,-158,70
-2,-158,72
-4,-158,76
-1,-158,81
-1,-158,82
-1,-158,83
-2,-158,84
-1,-158,85
-1,-158,86
-2,-158,87
-4,-158,89
-1,-158,91
-2,-158,94
-1,-158,95
-1,-158,97
-2,-158,98
-2,-158,102
-2,-158,104
-2,-158,106
-1,-158,109
-3,-158,111
1,-158,112
-1,-158,115
1,-158,116
-1,-158,117
-2,-158,118
-1,-158,119
-5,-158,121
-1,-158,123
-2,-158,128
-1,-158,130
-1,-158,132
-1,-158,134
-1,-158,136
-2,-158,137
-1,-158,138
-1,-158,139
-2,-158,141
-2,-158,145
1,-158,146
-2,-158,149
1,-158,151
-1,-158,154
-2,-158,156
-1,-158,158
1,-158,161
-1,-158,162
-1,-158,169
-1,-158,178
-3,-158,181
0,-158,184
-1,-158,186
-1,-158,187
1,-158,188
-1,-158,190
-2,-158,191
-7,-158,192
1,-158,193
-2,-158,194
4,-158,195
-4,-158,196
2,-158,197
1,-158,198
-1,-158,199
4,-158,200
2,-158,201
3,-158,202
5,-158,204
1,-158,205
3,-158,206
1,-158,207
3,-158,208
-2,-158,209
3,-158,210
5,-158,211
-2,-158,212
3,-158,214
2,-158,215
2,-158,216
1,-158,217
1,-158,219
-1,-158,220
1,-158,221
2,-158,223
2,-158,225
1,-158,226
1,-158,227
1,-158,228
1,-158,229
1,-158,230
1,-158,231
3,-158,236
1,-158,237
1,-158,238
1,-158,240
1,-158,242
1,-158,245
1,-158,248
1,-158,252
1,-158,253
1,-158,258
1,-158,262
1,-158,280
1,-158,342
-1,-158,487
-1,-157,-46
-1,-157,-35
-1,-157,-20
-1,-157,-16
-1,-157,-15
-1,-157,-13
1,-157,-12
0,-157,-11
1,-157,-10
0,-157,-4
-1,-157,-2
-2,-157,-1
-12,-157,0
2,-157,1
-3,-157,2
-1,-157,4
1,-157,5
0,-157,6
-1,-157,7
-2,-157,9
-4,-157,10
-1,-157,11
-2,-157,13
1,-157,14
-1,-157,15
-1,-157,19
-2,-157,23
-1,-157,26
-1,-157,28
1,-157,29
-1,-157,30
-1,-157,31
-2,-157,32
-1,-157,34
-1,-157,36
-1,-157,38
-1,-157,39
-1,-157,40
-2,-157,45
-3,-157,47
-2,-157,49
-1,-157,54
0,-157,55
-1,-157,56
1,-157,57
-1,-157,58
-3,-157,61
-1,-157,62
-2,-157,63
-1,-157,65
-2,-157,66
-2,-157,68
-1,-157,70
-2,-157,78
1,-157,79
-1,-157,80
-1,-157,82
1,-157,84
-1,-157,85
-1,-157,87
-1,-157,88
1,-157,90
1,-157,91
-1,-157,95
-1,-157,97
-1,-157,99
0,-157,101
-1,-157,103
-1,-157,105
-1,-157,106
-1,-157,108
1,-157,110
1,-157,111
1,-157,118
-1,-157,119
-1,-157,127
-1,-157,133
-1,-157,135
-1,-157,137
1,-157,138
-2,-157,141
1,-157,143
-1,-157,144
-1,-157,150
1,-157,153
-1,-157,160
-1,-157,166
-1,-157,175
-1,-157,177
-1,-157,179
1,-157,180
-2,-157,181
2,-157,183
0,-157,184
1,-157,185
-1,-157,186
-2,-157,188
1,-157,190
-1,-157,192
1,-157,194
1,-157,195
3,-157,197
-7,-157,198
1,-157,199
3,-157,200
4,-157,201
0,-157,203
5,-157,204
0,-157,205
6,-157,206
4,-157,207
0,-157,209
4,-157,210
1,-157,211
1,-157,212
3,-157,214
7,-157,215
3,-157,216
1,-157,217
0,-157,219
3,-157,220
1,-157,222
1,-157,223
1,-157,224
4,-157,225
-2,-157,226
4,-157,227
3,-157,230
2,-157,231
1,-157,235
1,-157,236
1,-157,238
1,-157,241
2,-157,242
2,-157,246
1,-157,247
1,-157,249
1,-157,258
1,-157,260
1,-157,263
1,-157,273
1,-157,278
1,-157,281
-1,-157,301
-2,-156,-29
-2,-156,-25
-2,-156,-23
-2,-156,-16
-2,-156,-14
-1,-156,-12
-1,-156,-10
-2,-156,-9
-7,-156,-8
-1,-156,-6
-4,-156,-5
-4,-156,-3
-2,-156,-1
-6,-156,0
-3,-156,1
-1,-156,2
-2,-156,3
-7,-156,5
-1,-156,7
-2,-156,8
1,-156,9
-3,-156,10
-9,-156,12
-3,-156,14
0,-156,15
-1,-156,16
-1,-156,17
-2,-156,18
1,-156,20
-4,-156,21
0,-156,22
-2,-156,25
-2,-156,26
-3,-156,27
-2,-156,29
-1,-156,30
-3,-156,31
-6,-156,33
-1,-156,38
-4,-156,40
0,-156,41
-1,-156,44
-2,-156,45
-3,-156,46
-3,-156,48
-1,-156,49
-1,-156,51
-3,-156,53
-1,-156,54
-1,-156,55
-2,-156,57
0,-156,58
-1,-156,59
-3,-156,61
-2,-156,63
-2,-156,66
1,-156,68
-2,-156,69
0,-156,70
-3,-156,72
-3,-156,74
-3,-156,76
-1,-156,78
1,-156,79
-1,-156,81
-4,-156,83
-1,-156,84
-2,-156,87
-2,-156,89
-2,-156,91
-1,-156,93
-1,-156,96
-1,-156,98
0,-156,100
-2,-156,102
-1,-156,106
-2,-156,109
0,-156,113
-1,-156,115
0,-156,117
-2,-156,119
-1,-156,120
-3,-156,121
-1,-156,122
-1,-156,124
-1,-156,125
2,-156,126
-1,-156,128
-2,-156,130
1,-156,132
-1,-156,134
-1,-156,137
-2,-156,138
-2,-156,139
-1,-156,140
-3,-156,141
-2,-156,143
-1,-156,146
-1,-156,147
-1,-156,151
0,-156,153
1,-156,154
-1,-156,161
-1,-156,162
-2,-156,171
1,-156,175
-2,-156,179
-1,-156,181
1,-156,182
-3,-156,186
-1,-156,187
-2,-156,188
-1,-156,189
0,-156,190
1,-156,192
1,-156,193
-1,-156,194
2,-156,195
-3,-156,196
0,-156,197
1,-156,198
-7,-156,199
4,-156,200
-1,-156,201
-1,-156,202
-2,-156,203
1,-156,205
3,-156,206
0,-156,207
0,-156,209
2,-156,210
1,-156,211
2,-156,213
1,-156,214
2,-156,215
3,-156,216
1,-156,217
0,-156,218
1,-156,220
3,-156,221
5,-156,222
1,-156,224
0,-156,225
1,-156,226
0,-156,229
1,-156,230
3,-156,231
1,-156,232
1,-156,233
1,-156,234
1,-156,236
-1,-156,239
1,-156,243
1,-156,247
1,-156,248
1,-156,251
1,-156,254
1,-156,257
1,-156,270
-1,-156,383
1,-156,548
-1,-155,-36
-1,-155,-27
-1,-155,-25
-1,-155,-23
0,-155,-12
-1,-155,-9
-2,-155,-8
-1,-155,-7
-2,-155,-2
-1,-155,0
-1,-155,2
-6,-155,4
-2,-155,7
-1,-155,8
-1,-155,10
-2,-155,13
-1,-155,15
-3,-155,17
1,-155,18
-4,-155,19
-2,-155,23
-3,-155,26
-1,-155,27
-3,-155,28
-5,-155,30
-1,-155,32
-1,-155,34
-1,-155,36
0,-155,37
-1,-155,38
-1,-155,40
-2,-155,42
-3,-155,45
-6,-155,47
-2,-155,53
-1,-155,54
-1,-155,55
-2,-155,56
-1,-155,59
-1,-155,60
-3,-155,61
-2,-155,65
-1,-155,66
-1,-155,67
-1,-155,69
-1,-155,70
-1,-155,74
-2,-155,76
1,-155,79
-1,-155,80
-2,-155,82
-1,-155,87
-1,-155,88
1,-155,89
-2,-155,93
-2,-155,95
-1,-155,97
-1,-155,101
-1,-155,106
-2,-155,108
-1,-155,110
-2,-155,118
-1,-155,119
-1,-155,129
-1,-155,132
-2,-155,133
-4,-155,135
1,-155,136
-1,-155,150
-1,-155,164
-1,-155,166
-1,-155,171
-1,-155,173
-1,-155,175
-5,-155,177
-1,-155,179
-1,-155,181
-1,-155,184
-1,-155,186
-1,-155,188
-3,-155,190
-1,-155,192
1,-155,193
-1,-155,194
0,-155,196
-2,-155,198
-1,-155,199
-3,-155,200
-1,-155,201
1,-155,202
1,-155,204
-1,-155,207
-3,-155,209
2,-155,211
1,-155,212
1,-155,213
0,-155,215
-3,-155,219
2,-155,221
1,-155,222
-3,-155,224
1,-155,225
0,-155,226
-2,-155,230
-1,-155,232
-1,-155,234
0,-155,236
1,-155,237
1,-155,238
1,-155,239
1,-155,244
-1,-154,-25
-2,-154,-23
-1,-154,-21
-1,-154,-19
-1,-154,-18
-1,-154,-16
-3,-154,-14
-1,-154,-10
-4,-154,-8
-3,-154,-6
-1,-154,-5
1,-154,-4
-6,-154,-3
-6,-154,-1
-5,-154,0
-2,-154,1
-1,-154,2
-3,-154,3
-3,-154,5
-1,-154,7
-4,-154,8
-1,-154,10
-2,-154,13
-4,-154,16
-2,-154,18
-3,-154,21
0,-154,22
-1,-154,23
-4,-154,25
-3,-154,27
-1,-154,28
-1,-154,29
-2,-154,31
-1,-154,33
1,-154,34
1,-154,35
-3,-154,36
-4,-154,38
1,-154,40
-2,-154,43
-2,-154,46
-2,-154,48
-1,-154,51
1,-154,52
-1,-154,54
-1,-154,55
-1,-154,56
-1,-154,57
1,-154,58
0,-154,61
-3,-154,63
-1,-154,64
-1,-154,66
1,-154,68
1,-154,69
1,-154,71
-1,-154,72
-1,-154,78
1,-154,80
-1,-154,81
-1,-154,82
-1,-154,83
-1,-154,84
-2,-154,86
-1,-154,87
-1,-154,89
-1,-154,91
-1,-154,92
-1,-154,93
1,-154,97
-1,-154,99
-2,-154,100
1,-154,101
1,-154,102
-2,-154,104
-1,-154,105
-1,-154,106
-1,-154,107
-1,-154,109
-1,-154,113
-1,-154,114
-1,-154,115
-2,-154,117
-1,-154,119
-1,-154,120
-1,-154,121
-1,-154,123
-1,-154,124
-3,-154,130
-1,-154,134
0,-154,135
-1,-154,136
-1,-154,140
-1,-154,143
-2,-154,145
-1,-154,151
-2,-154,154
-2,-154,156
-1,-154,158
-1,-154,161
-2,-154,166
-3,-154,186
0,-154,188
0,-154,189
-1,-154,190
-3,-154,192
-5,-154,194
1,-154,195
0,-154,196
1,-154,197
2,-154,198
-2,-154,199
3,-154,200
8,-154,201
1,-154,202
-1,-154,203
-1,-154,204
2,-154,205
4,-154,206
2,-154,207
1,-154,208
0,-154,209
1,-154,210
2,-154,211
3,-154,212
2,-154,213
2,-154,214
1,-154,215
4,-154,216
2,-154,217
4,-154,218
1,-154,219
3,-154,220
1,-154,221
2,-154,222
1,-154,223
-1,-154,224
2,-154,225
2,-154,226
2,-154,227
2,-154,229
3,-154,230
2,-154,233
1,-154,235
2,-154,238
1,-154,243
1,-154,245
1,-154,247
1,-154,249
1,-154,261
1,-154,267
1,-154,273
1,-154,279
1,-154,316
1,-154,328
-1,-154,497
-1,-153,-36
-1,-153,-34
-1,-153,-33
-2,-153,-29
-1,-153,-23
-1,-153,-21
-1,-153,-15
-1,-153,-14
-1,-153,-11
1,-153,-10
-2,-153,-9
-1,-153,-8
-1,-153,-7
-1,-153,-6
-4,-153,-4
-4,-153,-3
-1,-153,-1
-14,-153,0
-5,-153,4
1,-153,5
-2,-153,6
-3,-153,7
0,-153,9
1,-153,10
-5,-153,11
1,-153,12
-4,-153,13
-5,-153,15
-3,-153,17
-2,-153,19
-2,-153,21
-3,-153,23
-2,-153,26
-1,-153,28
-2,-153,30
0,-153,31
-2,-153,32
-2,-153,34
-1,-153,35
-3,-153,36
1,-153,37
-1,-153,38
-1,-153,39
-1,-153,40
-2,-153,41
-2,-153,42
-2,-153,43
1,-153,44
-1,-153,45
-1,-153,46
-3,-153,47
0,-153,49
-2,-153,51
-3,-153,53
-2,-153,54
-1,-153,56
-1,-153,57
0,-153,58
-1,-153,59
-1,-153,60
-3,-153,61
-1,-153,62
-4,-153,63
-1,-153,66
-2,-153,70
-3,-153,71
-2,-153,74
-1,-153,75
-1,-153,76
-1,-153,77
-1,-153,78
-1,-153,79
-3,-153,80
-2,-153,81
-1,-153,82
-1,-153,84
-1,-153,85
-1,-153,86
-2,-153,87
-4,-153,91
-1,-153,92
-3,-153,93
-2,-153,95
1,-153,96
-5,-153,97
-1,-153,100
-3,-153,101
-1,-153,102
-2,-153,104
-1,-153,106
-1,-153,107
-1,-153,108
-2,-153,109
-4,-153,110
-2,-153,112
-4,-153,114
-1,-153,116
-2,-153,118
1,-153,120
0,-153,121
-3,-153,122
-3,-153,125
-2,-153,127
-1,-153,129
-1,-153,130
-1,-153,132
-1,-153,133
-2,-153,135
-1,-153,137
-1,-153,138
-1,-153,141
-2,-153,144
-1,-153,146
-1,-153,150
-1,-153,151
-2,-153,156
0,-153,158
1,-153,159
-1,-153,161
-4,-153,163
-2,-153,169
-2,-153,171
-2,-153,173
-1,-153,175
-3,-153,181
-2,-153,184
-2,-153,186
1,-153,187
-1,-153,188
0,-153,189
-1,-153,190
-2,-153,191
-3,-153,192
-1,-153,194
2,-153,195
-5,-153,196
-1,-153,197
-1,-153,198
-2,-153,199
7,-153,200
3,-153,201
4,-153,202
-4,-153,203
1,-153,204
0,-153,205
5,-153,206
-3,-153,207
1,-153,208
-1,-153,209
3,-153,210
4,-153,211
2,-153,212
-2,-153,213
3,-153,215
3,-153,216
3,-153,217
2,-153,218
0,-153,219
3,-153,220
3,-153,221
1,-153,222
1,-153,223
-1,-153,225
0,-153,226
3,-153,227
1,-153,228
1,-153,229
1,-153,230
1,-153,231
2,-153,232
1,-153,233
1,-153,235
1,-153,236
1,-153,237
3,-153,242
2,-153,247
0,-153,249
1,-153,251
1,-153,256
1,-153,260
1,-153,262
1,-153,301
-1,-153,418
-1,-153,812
-1,-152,-17
1,-152,-6
1,-152,-1
1,-152,1
1,-152,3
2,-152,6
1,-152,8
1,-152,11
1,-152,13
1,-152,17
1,-152,24
2,-152,25
1,-152,33
1,-152,46
1,-152,50
1,-152,53
1,-152,57
-1,-152,63
1,-152,69
2,-152,88
1,-152,98
1,-152,110
1,-152,127
1,-152,131
1,-152,143
1,-152,160
1,-152,167
1,-152,172
1,-152,190
1,-152,194
1,-152,195
1,-152,197
2,-152,198
1,-152,199
3,-152,200
4,-152,201
3,-152,202
3,-152,203
3,-152,204
1,-152,206
2,-152,207
2,-152,208
5,-152,209
2,-152,210
4,-152,211
2,-152,212
2,-152,213
3,-152,214
8,-152,215
1,-152,216
1,-152,217
4,-152,218
2,-152,219
4,-152,220
1,-152,221
5,-152,222
1,-152,223
2,-152,224
1,-152,225
5,-152,226
4,-152,227
2,-152,228
3,-152,230
3,-152,231
2,-152,234
2,-152,236
1,-152,237
1,-152,239
1,-152,241
1,-152,243
1,-152,246
1,-152,249
1,-152,257
1,-152,258
1,-152,262
1,-152,273
1,-152,275
1,-152,461
-1,-151,-38
-1,-151,-29
-1,-151,-28
-1,-151,-27
-5,-151,-21
-1,-151,-18
-1,-151,-17
-3,-151,-16
-1,-151,-15
-3,-151,-14
-2,-151,-13
-2,-151,-11
-1,-151,-10
-1,-151,-9
-3,-151,-8
-3,-151,-6
-3,-151,-5
-1,-151,-4
-3,-151,-3
-2,-151,-2
-4,-151,-1
-9,-151,0
-1,-151,2
-3,-151,3
-6,-151,4
-2,-151,5
-1,-151,6
-1,-151,7
-3,-151,8
-3,-151,10
-4,-151,11
-2,-151,12
-3,-151,14
-3,-151,15
-1,-151,16
-1,-151,17
-4,-151,18
-1,-151,19
-1,-151,20
-4,-151,21
-1,-151,23
-1,-151,25
-2,-151,26
-1,-151,27
-1,-151,28
-1,-151,29
-1,-151,30
-3,-151,31
-4,-151,33
-2,-151,34
-1,-151,36
-1,-151,40
-4,-151,42
-1,-151,43
-3,-151,44
-1,-151,46
-2,-151,47
-3,-151,48
-1,-151,49
-1,-151,51
-2,-151,54
-1,-151,55
-3,-151,56
-1,-151,57
-3,-151,58
-3,-151,59
-5,-151,61
-1,-151,66
1,-151,67
-1,-151,68
-2,-151,69
-1,-151,70
-2,-151,71
-5,-151,72
-2,-151,74
-1,-151,75
-3,-151,76
-1,-151,77
-4,-151,78
-1,-151,79
-3,-151,80
-1,-151,82
-2,-151,83
-1,-151,84
-1,-151,85
-2,-151,86
-4,-151,87
-1,-151,88
-2,-151,89
-2,-151,91
-2,-151,93
-1,-151,94
-3,-151,95
-2,-151,96
-1,-151,98
-1,-151,99
-1,-151,100
-3,-151,101
-1,-151,102
-2,-151,103
-1,-151,104
-1,-151,105
-2,-151,106
-2,-151,109
-3,-151,110
-3,-151,112
-2,-151,114
-1,-151,115
-1,-151,116
-4,-151,118
-1,-151,119
-1,-151,120
-2,-151,122
-2,-151,123
-1,-151,124
-1,-151,125
-2,-151,127
-4,-151,130
-3,-151,131
-1,-151,132
-2,-151,133
-1,-151,135
-1,-151,138
-2,-151,140
-1,-151,141
-1,-151,142
-1,-151,146
-1,-151,150
-3,-151,154
-1,-151,156
-1,-151,158
-3,-151,160
-2,-151,163
-1,-151,169
-3,-151,173
-1,-151,178
-1,-151,179
-2,-151,181
-4,-151,184
-4,-151,186
-1,-151,187
-3,-151,188
-1,-151,190
-1,-151,191
-2,-151,192
-2,-151,194
-3,-151,196
-1,-151,197
-4,-151,198
-3,-151,199
0,-151,200
0,-151,201
1,-151,202
0,-151,203
2,-151,204
-1,-151,205
4,-151,206
-1,-151,207
-2,-151,209
3,-151,210
3,-151,211
2,-151,212
1,-151,214
-1,-151,215
2,-151,216
0,-151,217
8,-151,218
0,-151,219
3,-151,220
2,-151,221
1,-151,222
2,-151,224
1,-151,225
4,-151,226
0,-151,227
1,-151,228
-1,-151,229
2,-151,230
1,-151,231
1,-151,232
1,-151,239
1,-151,241
1,-151,242
1,-151,243
1,-151,244
1,-151,255
1,-151,268
-1,-151,300
-1,-151,353
1,-151,395
-1,-151,634
1,-150,-18
1,-150,2
1,-150,6
1,-150,7
-1,-150,9
1,-150,10
1,-150,13
1,-150,15
1,-150,17
1,-150,20
1,-150,36
1,-150,43
1,-150,48
-1,-150,58
1,-150,72
1,-150,84
1,-150,88
1,-150,97
1,-150,110
1,-150,121
1,-150,123
1,-150,160
1,-150,164
1,-150,167
1,-150,169
1,-150,178
1,-150,188
1,-150,189
1,-150,192
2,-150,194
1,-150,195
2,-150,197
1,-150,199
1,-150,201
1,-150,202
2,-150,203
0,-150,204
1,-150,205
1,-150,206
1,-150,207
1,-150,208
7,-150,209
3,-150,210
3,-150,211
1,-150,212
1,-150,213
2,-150,214
2,-150,215
4,-150,216
1,-150,217
8,-150,218
1,-150,219
4,-150,220
2,-150,221
1,-150,222
2,-150,225
2,-150,226
4,-150,227
1,-150,229
3,-150,230
3,-150,232
4,-150,233
2,-150,235
1,-150,236
1,-150,238
1,-150,239
1,-150,242
1,-150,243
1,-150,247
1,-150,252
1,-150,253
1,-150,259
1,-150,263
1,-150,272
1,-150,277
1,-150,390
1,-150,436
-1,-150,466
-1,-150,525
-1,-149,-33
-1,-149,-27
-3,-149,-23
-1,-149,-19
-1,-149,-18
-2,-149,-16
-2,-149,-15
-2,-149,-14
-1,-149,-13
-3,-149,-12
-6,-149,-10
-1,-149,-9
-4,-149,-8
-2,-149,-6
-1,-149,-5
-5,-149,-3
-1,-149,-2
-2,-149,-1
-6,-149,0
-9,-149,1
-5,-149,2
-3,-149,3
-4,-149,5
-4,-149,7
-2,-149,8
-1,-149,9
-3,-149,10
-5,-149,12
-2,-149,13
-1,-149,14
-1,-149,16
-2,-149,17
-4,-149,18
-3,-149,19
-6,-149,23
-1,-149,25
-5,-149,26
-1,-149,27
-2,-149,28
0,-149,29
-2,-149,30
0,-149,31
-5,-149,33
-1,-149,34
-2,-149,35
-2,-149,36
-3,-149,38
-3,-149,40
-1,-149,41
-2,-149,42
-1,-149,44
1,-149,45
-6,-149,46
-1,-149,48
-1,-149,49
-2,-149,51
-4,-149,53
-2,-149,55
-4,-149,57
-4,-149,61
-3,-149,63
-2,-149,68
-1,-149,69
-3,-149,70
-3,-149,74
-5,-149,76
-1,-149,78
-2,-149,79
0,-149,80
-4,-149,81
-4,-149,82
-3,-149,85
-2,-149,86
-3,-149,87
-6,-149,89
-5,-149,91
-4,-149,93
-2,-149,96
-2,-149,98
-8,-149,100
1,-149,101
-1,-149,102
-2,-149,104
-2,-149,105
-5,-149,111
-2,-149,112
-2,-149,115
-2,-149,116
-1,-149,117
-1,-149,118
-1,-149,119
-1,-149,121
-1,-149,122
-1,-149,123
-2,-149,125
-1,-149,126
0,-149,127
-1,-149,128
-3,-149,132
-2,-149,133
-2,-149,135
-1,-149,136
-3,-149,137
-3,-149,139
-2,-149,141
-1,-149,143
-1,-149,144
-1,-149,145
-2,-149,147
-2,-149,148
-2,-149,149
1,-149,151
-1,-149,153
-1,-149,154
-2,-149,155
-1,-149,156
-1,-149,158
-3,-149,160
-2,-149,166
-1,-149,167
-1,-149,169
-2,-149,173
-1,-149,179
-1,-149,181
-1,-149,188
-1,-149,189
-1,-149,191
-4,-149,192
-2,-149,194
-2,-149,196
1,-149,197
-3,-149,198
-3,-149,199
-1,-149,200
0,-149,201
-2,-149,202
-6,-149,203
0,-149,204
-4,-149,205
-4,-149,207
-3,-149,209
2,-149,210
1,-149,212
-1,-149,213
-1,-149,214
-1,-149,215
1,-149,216
-1,-149,218
-4,-149,219
-1,-149,220
-2,-149,222
-4,-149,224
1,-149,225
-3,-149,226
-1,-149,229
0,-149,230
2,-149,231
-1,-149,233
-1,-149,234
1,-149,235
-1,-149,236
1,-149,237
-1,-149,238
-2,-149,247
1,-148,-24
-1,-148,-18
-1,-148,-13
1,-148,-10
-2,-148,-9
-1,-148,-6
-1,-148,-5
-2,-148,-1
-4,-148,0
-3,-148,2
-1,-148,3
-1,-148,4
-2,-148,5
0,-148,8
-3,-148,10
1,-148,11
1,-148,12
-1,-148,13
-2,-148,15
-3,-148,17
-1,-148,21
-1,-148,23
0,-148,27
-1,-148,28
-1,-148,32
-2,-148,35
0,-148,41
-1,-148,46
1,-148,51
-2,-148,53
-4,-148,54
-2,-148,56
0,-148,60
-2,-148,61
0,-148,62
1,-148,63
1,-148,64
-1,-148,65
-1,-148,66
-1,-148,68
-1,-148,69
-2,-148,71
-1,-148,72
1,-148,74
-1,-148,77
-1,-148,78
-1,-148,79
-1,-148,80
-1,-148,81
-1,-148,88
1,-148,89
-1,-148,92
-1,-148,93
0,-148,95
1,-148,96
-3,-148,97
1,-148,100
-1,-148,104
0,-148,105
-1,-148,109
-2,-148,112
-1,-148,115
-1,-148,116
-1,-148,118
-1,-148,119
-1,-148,120
1,-148,125
-1,-148,127
0,-148,132
1,-148,136
-2,-148,138
-1,-148,140
1,-148,147
-2,-148,148
-1,-148,149
1,-148,155
-2,-148,156
-1,-148,158
-1,-148,159
-1,-148,160
-1,-148,161
-2,-148,171
-1,-148,174
-1,-148,175
-2,-148,179
-1,-148,181
-1,-148,184
-4,-148,186
-1,-148,187
-1,-148,188
-1,-148,191
1,-148,192
2,-148,193
1,-148,195
-1,-148,196
1,-148,199
1,-148,200
-2,-148,201
-1,-148,202
1,-148,203
1,-148,204
2,-148,205
0,-148,206
0,-148,207
1,-148,208
1,-148,209
5,-148,210
3,-148,211
2,-148,212
2,-148,214
4,-148,215
1,-148,216
1,-148,217
3,-148,218
2,-148,219
4,-148,220
3,-148,221
5,-148,222
2,-148,223
0,-148,224
0,-148,225
5,-148,226
2,-148,227
2,-148,228
2,-148,229
2,-148,230
2,-148,231
2,-148,232
1,-148,233
1,-148,236
2,-148,238
2,-148,239
1,-148,241
1,-148,243
2,-148,244
1,-148,245
1,-148,249
1,-148,257
1,-148,281
-1,-148,301
-1,-147,-38
-2,-147,-29
-1,-147,-27
-1,-147,-25
-1,-147,-23
-2,-147,-21
-1,-147,-19
-1,-147,-18
-3,-147,-16
-3,-147,-15
-2,-147,-14
-1,-147,-13
-2,-147,-12
-3,-147,-11
-6,-147,-10
-6,-147,-8
0,-147,-6
-3,-147,-5
-8,-147,-4
-3,-147,-3
-2,-147,-1
-12,-147,0
-7,-147,3
-5,-147,4
-4,-147,5
1,-147,7
1,-147,8
-1,-147,9
-6,-147,10
-4,-147,11
-6,-147,12
-2,-147,13
-5,-147,14
-3,-147,15
1,-147,16
-1,-147,17
-2,-147,18
-1,-147,19
-7,-147,21
-6,-147,23
0,-147,25
-2,-147,26
1,-147,27
-1,-147,28
-1,-147,29
-3,-147,30
-3,-147,31
-2,-147,32
-4,-147,33
0,-147,34
-4,-147,36
1,-147,37
-8,-147,38
-5,-147,42
-1,-147,44
-2,-147,45
-1,-147,46
1,-147,47
-4,-147,48
-2,-147,49
-5,-147,51
-4,-147,53
-2,-147,55
-5,-147,57
-3,-147,59
-5,-147,61
-4,-147,63
-1,-147,68
-2,-147,70
-2,-147,72
-1,-147,74
-6,-147,76
-2,-147,78
-2,-147,80
-1,-147,81
-1,-147,82
-2,-147,83
-6,-147,85
1,-147,86
-4,-147,87
-4,-147,89
-4,-147,91
1,-147,92
-3,-147,93
1,-147,94
-2,-147,96
-2,-147,97
-2,-147,99
-3,-147,100
0,-147,102
-3,-147,104
-3,-147,106
-1,-147,108
-2,-147,109
0,-147,110
-2,-147,112
-2,-147,114
-2,-147,115
-1,-147,116
-2,-147,117
-1,-147,118
-1,-147,119
-1,-147,120
0,-147,121
1,-147,123
1,-147,124
-1,-147,125
-1,-147,127
-2,-147,128
-2,-147,129
-1,-147,130
-1,-147,132
-2,-147,133
-2,-147,134
-3,-147,135
-2,-147,136
-1,-147,137
1,-147,138
-2,-147,141
2,-147,142
-1,-147,143
-1,-147,144
-2,-147,145
-2,-147,147
1,-147,148
-2,-147,149
-2,-147,150
-2,-147,151
-1,-147,154
-1,-147,156
-2,-147,158
-1,-147,160
-1,-147,162
-1,-147,163
-1,-147,164
-1,-147,167
1,-147,168
-2,-147,169
-1,-147,173
-1,-147,179
1,-147,184
-1,-147,186
1,-147,190
-2,-147,192
-2,-147,194
3,-147,195
-3,-147,196
-2,-147,198
-2,-147,199
1,-147,200
1,-147,202
-3,-147,203
3,-147,204
-1,-147,205
3,-147,206
-8,-147,207
2,-147,208
-2,-147,209
4,-147,210
5,-147,211
4,-147,212
-1,-147,213
1,-147,214
8,-147,215
3,-147,216
-1,-147,217
-1,-147,218
-2,-147,219
3,-147,220
4,-147,221
2,-147,222
2,-147,223
-1,-147,224
2,-147,225
5,-147,226
1,-147,227
0,-147,228
2,-147,230
1,-147,231
0,-147,232
0,-147,233
1,-147,235
1,-147,236
2,-147,237
1,-147,238
1,-147,239
-1,-147,242
1,-147,247
1,-147,251
1,-147,253
1,-147,256
1,-147,257
1,-147,262
1,-147,270
2,-147,272
-1,-147,276
1,-147,309
1,-147,473
-1,-146,-20
-1,-146,-18
-1,-146,-14
-2,-146,-9
-2,-146,-6
-1,-146,-3
-2,-146,-1
-1,-146,0
-2,-146,2
-1,-146,5
1,-146,6
-3,-146,7
0,-146,8
1,-146,9
-1,-146,10
-2,-146,12
-3,-146,13
-2,-146,15
1,-146,17
1,-146,22
-1,-146,23
1,-146,24
1,-146,25
0,-146,30
1,-146,31
1,-146,32
1,-146,34
-2,-146,35
-3,-146,36
2,-146,38
-1,-146,41
-2,-146,45
-1,-146,46
-1,-146,49
-1,-146,52
1,-146,54
0,-146,58
-1,-146,59
-1,-146,61
1,-146,64
-1,-146,65
-1,-146,66
-2,-146,71
-1,-146,72
-1,-146,75
-3,-146,79
-1,-146,80
-1,-146,81
-3,-146,82
1,-146,83
-1,-146,84
-3,-146,86
-1,-146,90
-1,-146,91
-1,-146,93
0,-146,95
-1,-146,103
1,-146,105
0,-146,106
-3,-146,108
-2,-146,109
-1,-146,110
-1,-146,116
-1,-146,119
1,-146,120
1,-146,121
-1,-146,122
-1,-146,123
1,-146,127
-1,-146,128
-1,-146,130
2,-146,132
-1,-146,135
-1,-146,140
1,-146,148
-1,-146,150
-3,-146,151
-1,-146,153
-1,-146,155
1,-146,156
-1,-146,158
1,-146,159
-1,-146,160
1,-146,163
-1,-146,173
-1,-146,175
-2,-146,177
1,-146,178
-2,-146,179
-2,-146,181
-1,-146,184
-1,-146,188
-1,-146,189
-2,-146,190
-1,-146,192
-1,-146,194
-2,-146,196
-1,-146,197
2,-146,198
1,-146,199
1,-146,200
3,-146,201
1,-146,202
-1,-146,204
3,-146,205
3,-146,206
1,-146,207
1,-146,208
2,-146,209
4,-146,210
4,-146,211
4,-146,212
1,-146,213
0,-146,214
1,-146,215
3,-146,216
2,-146,217
1,-146,218
0,-146,219
2,-146,220
2,-146,221
3,-146,222
1,-146,224
3,-146,225
1,-146,226
2,-146,227
1,-146,228
2,-146,230
2,-146,232
1,-146,233
1,-146,234
1,-146,235
1,-146,236
1,-146,237
1,-146,239
1,-146,241
1,-146,244
1,-146,256
1,-146,270
1,-146,458
1,-146,625
-1,-145,-44
-1,-145,-34
-1,-145,-33
-1,-145,-29
-1,-145,-25
-1,-145,-23
1,-145,-21
-1,-145,-19
-2,-145,-18
-1,-145,-17
-2,-145,-14
-1,-145,-13
-1,-145,-11
-1,-145,-10
-3,-145,-8
-2,-145,-6
-3,-145,-5
1,-145,-2
-3,-145,-1
-5,-145,0
0,-145,2
-2,-145,3
1,-145,4
-1,-145,5
-3,-145,7
0,-145,8
-1,-145,9
-3,-145,10
-3,-145,11
-2,-145,12
-1,-145,13
0,-145,14
-2,-145,15
-1,-145,18
-2,-145,21
1,-145,22
-2,-145,23
-1,-145,26
-1,-145,28
0,-145,29
-1,-145,30
-1,-145,31
1,-145,33
1,-145,34
-1,-145,35
-1,-145,36
-2,-145,38
1,-145,39
-2,-145,40
-1,-145,42
-1,-145,44
-3,-145,48
-1,-145,49
-2,-145,51
1,-145,52
-4,-145,53
-1,-145,54
-1,-145,55
-1,-145,56
0,-145,57
-4,-145,59
-2,-145,61
-2,-145,63
-1,-145,64
1,-145,65
-2,-145,66
-1,-145,68
-1,-145,70
1,-145,71
-2,-145,72
-1,-145,76
-2,-145,81
-1,-145,83
1,-145,84
-2,-145,87
0,-145,89
1,-145,92
-1,-145,93
-1,-145,94
-2,-145,97
-1,-145,98
-1,-145,99
-1,-145,100
-1,-145,102
-2,-145,105
-2,-145,106
-1,-145,107
-1,-145,108
-1,-145,112
1,-145,113
-1,-145,114
-1,-145,115
-1,-145,116
-1,-145,117
-2,-145,118
-2,-145,119
-3,-145,120
-2,-145,121
-1,-145,123
-1,-145,127
0,-145,129
-1,-145,130
-1,-145,132
-1,-145,134
1,-145,136
1,-145,137
-2,-145,143
-1,-145,145
-1,-145,146
-1,-145,147
-1,-145,148
-1,-145,150
-2,-145,151
-1,-145,152
1,-145,154
-1,-145,155
-2,-145,156
1,-145,161
-1,-145,163
-1,-145,164
-1,-145,165
1,-145,167
-1,-145,169
-1,-145,171
1,-145,179
-1,-145,184
-1,-145,192
-1,-145,194
-1,-145,196
2,-145,197
-1,-145,198
-2,-145,199
1,-145,200
2,-145,201
-1,-145,202
0,-145,203
-1,-145,204
1,-145,205
2,-145,206
-4,-145,207
2,-145,208
1,-145,209
2,-145,210
3,-145,211
2,-145,212
2,-145,213
5,-145,214
6,-145,215
2,-145,216
3,-145,217
3,-145,218
0,-145,219
2,-145,220
1,-145,221
2,-145,222
0,-145,224
4,-145,225
4,-145,226
2,-145,227
0,-145,228
3,-145,229
1,-145,230
3,-145,231
1,-145,232
1,-145,233
1,-145,235
3,-145,236
1,-145,238
1,-145,239
4,-145,241
0,-145,243
1,-145,244
-1,-145,245
1,-145,248
2,-145,249
1,-145,252
1,-145,253
1,-145,258
2,-145,259
-1,-145,260
1,-145,264
1,-145,269
1,-145,280
1,-145,311
1,-145,480
-1,-145,588
-1,-145,695
-1,-144,-16
-2,-144,-14
-1,-144,-9
-1,-144,-3
-1,-144,0
-2,-144,2
1,-144,7
-1,-144,8
-1,-144,10
-1,-144,13
1,-144,14
-3,-144,19
-1,-144,21
-2,-144,23
1,-144,26
-1,-144,32
1,-144,34
-2,-144,39
-2,-144,41
1,-144,46
-1,-144,58
1,-144,61
0,-144,65
-2,-144,69
1,-144,79
-1,-144,80
0,-144,84
1,-144,91
-1,-144,103
1,-144,105
-1,-144,106
-1,-144,110
-1,-144,114
-1,-144,121
-1,-144,125
-2,-144,132
-1,-144,140
-1,-144,142
-1,-144,160
1,-144,161
-1,-144,173
-1,-144,177
-1,-144,179
-4,-144,184
-2,-144,186
-3,-144,188
-4,-144,190
-1,-144,192
-1,-144,194
-1,-144,203
2,-144,205
2,-144,206
-1,-144,210
-1,-144,212
1,-144,214
1,-144,218
1,-144,223
1,-144,225
1,-144,226
1,-144,227
1,-144,230
2,-144,232
1,-144,237
2,-144,238
1,-144,260
-1,-144,272
1,-144,281
-2,-143,-40
-1,-143,-36
-1,-143,-31
-2,-143,-29
-1,-143,-28
-1,-143,-25
-1,-143,-24
-2,-143,-23
0,-143,-21
-1,-143,-19
-3,-143,-18
-3,-143,-16
-3,-143,-14
-1,-143,-13
-7,-143,-10
-1,-143,-8
-3,-143,-5
-2,-143,-3
-4,-143,-1
-7,-143,0
-1,-143,1
-1,-143,2
-5,-143,3
-5,-143,5
-1,-143,7
-4,-143,8
-1,-143,9
-6,-143,10
-3,-143,12
-1,-143,13
-3,-143,14
1,-143,15
-2,-143,16
1,-143,17
0,-143,18
1,-143,19
-1,-143,20
-3,-143,21
-2,-143,23
-4,-143,25
-1,-143,26
0,-143,27
1,-143,28
1,-143,30
-2,-143,31
-1,-143,32
-4,-143,33
-2,-143,35
0,-143,36
1,-143,37
-1,-143,38
-4,-143,40
-1,-143,43
0,-143,44
-2,-143,46
1,-143,47
-1,-143,48
-2,-143,49
-4,-143,51
-3,-143,53
-2,-143,55
-3,-143,57
-1,-143,58
-1,-143,59
1,-143,60
-3,-143,61
-1,-143,63
1,-143,64
-1,-143,66
-3,-143,68
0,-143,71
-1,-143,74
-2,-143,76
-3,-143,78
-2,-143,82
-3,-143,85
-3,-143,86
-3,-143,87
1,-143,88
-1,-143,91
-1,-143,95
-2,-143,98
-1,-143,100
1,-143,101
-2,-143,102
-1,-143,103
-1,-143,104
-2,-143,106
-2,-143,107
-1,-143,109
-2,-143,110
1,-143,111
-4,-143,115
-2,-143,116
0,-143,118
-1,-143,119
-2,-143,120
-3,-143,121
0,-143,122
-2,-143,126
-2,-143,128
-2,-143,130
1,-143,131
-3,-143,132
0,-143,133
-1,-143,136
-1,-143,137
-1,-143,138
-1,-143,139
-2,-143,141
-3,-143,145
1,-143,146
-1,-143,147
-1,-143,148
-1,-143,149
0,-143,150
-1,-143,153
-1,-143,155
-3,-143,156
1,-143,158
-3,-143,162
-1,-143,163
-1,-143,164
-3,-143,166
-2,-143,169
-2,-143,171
-2,-143,175
-2,-143,179
-1,-143,192
-2,-143,194
-2,-143,196
-2,-143,197
-1,-143,198
1,-143,199
2,-143,200
-5,-143,201
1,-143,202
-2,-143,203
1,-143,204
-2,-143,205
0,-143,206
-1,-143,207
3,-143,208
-1,-143,209
5,-143,210
2,-143,211
3,-143,212
2,-143,213
-3,-143,214
5,-143,215
5,-143,216
2,-143,218
0,-143,219
-1,-143,220
4,-143,221
4,-143,222
2,-143,223
-2,-143,224
4,-143,225
3,-143,226
4,-143,227
4,-143,228
0,-143,229
1,-143,230
1,-143,231
2,-143,232
3,-143,233
1,-143,234
2,-143,235
3,-143,236
3,-143,237
3,-143,238
1,-143,240
1,-143,241
3,-143,242
1,-143,243
2,-143,244
2,-143,245
1,-143,246
1,-143,247
1,-143,253
2,-143,256
1,-143,257
-1,-143,259
1,-143,260
1,-143,262
1,-143,276
1,-143,290
1,-143,303
-1,-143,368
-1,-143,383
-1,-143,528
-2,-142,-7
-1,-142,-3
-1,-142,0
-2,-142,2
-1,-142,4
-1,-142,6
1,-142,7
-1,-142,8
-2,-142,10
1,-142,11
1,-142,13
0,-142,15
-2,-142,17
1,-142,20
-1,-142,21
1,-142,26
-1,-142,28
-1,-142,30
-2,-142,32
1,-142,33
1,-142,35
1,-142,37
-1,-142,49
1,-142,50
-1,-142,52
-1,-142,54
-1,-142,58
-1,-142,62
-1,-142,67
1,-142,68
-1,-142,69
1,-142,71
0,-142,73
-1,-142,75
-1,-142,78
1,-142,79
-1,-142,80
-1,-142,82
0,-142,84
-2,-142,90
1,-142,94
1,-142,95
1,-142,96
-1,-142,97
1,-142,98
0,-142,103
1,-142,107
-1,-142,108
1,-142,109
-2,-142,110
1,-142,112
-1,-142,114
-1,-142,116
1,-142,120
-1,-142,121
-1,-142,125
-2,-142,129
1,-142,130
1,-142,134
1,-142,140
1,-142,141
1,-142,143
1,-142,146
0,-142,169
-1,-142,175
-2,-142,179
-1,-142,181
-2,-142,186
-1,-142,188
-1,-142,190
-3,-142,192
-1,-142,194
0,-142,197
1,-142,198
4,-142,201
-1,-142,203
3,-142,205
1,-142,207
2,-142,208
1,-142,209
1,-142,210
4,-142,211
1,-142,212
1,-142,213
1,-142,214
3,-142,215
4,-142,216
3,-142,217
4,-142,218
3,-142,219
6,-142,220
3,-142,221
4,-142,222
2,-142,223
2,-142,225
2,-142,226
2,-142,227
2,-142,228
1,-142,230
2,-142,231
1,-142,232
1,-142,234
1,-142,236
1,-142,237
2,-142,238
1,-142,241
1,-142,243
1,-142,245
2,-142,246
1,-142,251
1,-142,253
1,-142,256
1,-142,258
1,-142,262
1,-142,264
1,-142,273
1,-142,278
2,-142,291
1,-142,368
-1,-142,379
1,-142,470
-1,-141,-28
-1,-141,-27
-1,-141,-23
-2,-141,-21
-2,-141,-19
-2,-141,-18
-1,-141,-17
-1,-141,-16
-2,-141,-15
-4,-141,-14
-3,-141,-11
-1,-141,-10
-6,-141,-8
-2,-141,-6
-1,-141,-5
-3,-141,-3
-2,-141,-2
-6,-141,-1
-8,-141,0
-5,-141,1
-1,-141,2
-2,-141,3
-2,-141,4
-5,-141,5
2,-141,6
-3,-141,7
0,-141,9
-1,-141,10
-4,-141,11
-5,-141,12
-2,-141,13
1,-141,14
-3,-141,15
0,-141,17
-2,-141,18
1,-141,20
-8,-141,21
-1,-141,22
-3,-141,23
-1,-141,25
-5,-141,26
-1,-141,27
-3,-141,28
-1,-141,29
-2,-141,30
-5,-141,31
0,-141,32
-2,-141,33
-2,-141,35
-5,-141,36
-5,-141,38
-1,-141,39
-9,-141,40
1,-141,41
-3,-141,42
-1,-141,43
-3,-141,46
0,-141,47
-1,-141,48
2,-141,49
-1,-141,51
-3,-141,53
1,-141,55
-2,-141,57
-1,-141,58
-3,-141,59
-4,-141,61
-5,-141,63
-1,-141,64
-2,-141,66
-1,-141,67
-2,-141,68
-9,-141,70
-2,-141,72
-7,-141,76
-4,-141,78
0,-141,81
-1,-141,82
-1,-141,83
-3,-141,85
-5,-141,87
-1,-141,89
-5,-141,91
1,-141,92
-2,-141,93
1,-141,96
-2,-141,97
-1,-141,98
0,-141,99
-3,-141,100
-2,-141,101
1,-141,102
-4,-141,104
0,-141,105
-1,-141,109
-1,-141,110
-1,-141,111
0,-141,112
-3,-141,113
-4,-141,114
-3,-141,116
-1,-141,117
-3,-141,118
-1,-141,119
1,-141,120
-1,-141,121
-1,-141,124
-3,-141,125
-2,-141,127
-2,-141,128
-1,-141,129
-1,-141,130
0,-141,131
-1,-141,132
1,-141,133
-2,-141,135
0,-141,137
-3,-141,141
-1,-141,143
-1,-141,144
-1,-141,147
-1,-141,149
-2,-141,150
-3,-141,151
-1,-141,154
-1,-141,155
-3,-141,156
-2,-141,158
1,-141,159
-3,-141,160
-2,-141,162
-1,-141,163
1,-141,164
1,-141,165
-1,-141,169
-2,-141,173
-1,-141,174
-2,-141,175
-2,-141,181
-1,-141,186
-1,-141,192
-1,-141,194
-2,-141,196
-2,-141,197
-1,-141,199
-1,-141,200
-1,-141,201
-2,-141,202
-1,-141,203
1,-141,204
-3,-141,205
3,-141,206
-4,-141,207
2,-141,208
2,-141,209
1,-141,210
3,-141,211
0,-141,212
-2,-141,213
1,-141,214
-1,-141,215
3,-141,216
-3,-141,217
3,-141,218
-4,-141,219
2,-141,220
4,-141,221
0,-141,222
1,-141,223
-5,-141,224
5,-141,225
0,-141,226
1,-141,227
1,-141,228
1,-141,229
0,-141,230
2,-141,231
-1,-141,232
1,-141,235
2,-141,236
1,-141,237
-1,-141,238
1,-141,240
1,-141,241
-1,-141,242
0,-141,243
1,-141,244
1,-141,247
2,-141,252
1,-141,256
1,-141,269
-1,-141,274
1,-141,280
-1,-141,291
-1,-141,321
-1,-141,492
-1,-141,647
-1,-140,-26
-1,-140,-23
-1,-140,-22
1,-140,-18
-1,-140,-16
-1,-140,-14
-1,-140,-13
1,-140,-11
-1,-140,-8
-1,-140,-7
-2,-140,-3
0,-140,0
-3,-140,2
-1,-140,3
-1,-140,5
1,-140,6
2,-140,7
-2,-140,8
-1,-140,12
-3,-140,15
1,-140,16
-2,-140,17
-2,-140,21
-1,-140,22
1,-140,23
0,-140,25
-1,-140,28
1,-140,29
-2,-140,30
-1,-140,34
-1,-140,35
1,-140,38
-1,-140,39
-1,-140,41
0,-140,43
-1,-140,45
-1,-140,46
0,-140,47
-2,-140,48
1,-140,50
-1,-140,54
-2,-140,56
-1,-140,58
2,-140,61
-1,-140,65
-1,-140,66
-1,-140,68
-2,-140,69
-1,-140,71
-1,-140,73
1,-140,79
-1,-140,81
0,-140,82
-1,-140,86
-1,-140,87
-1,-140,88
-1,-140,92
-1,-140,100
-1,-140,101
-1,-140,106
-1,-140,107
2,-140,110
-2,-140,114
-1,-140,115
-1,-140,116
-1,-140,118
-2,-140,120
-1,-140,122
-1,-140,123
-2,-140,125
-1,-140,127
-1,-140,128
1,-140,130
0,-140,132
-1,-140,133
1,-140,134
-1,-140,135
-1,-140,138
-4,-140,140
-1,-140,143
1,-140,145
-2,-140,149
-1,-140,150
-1,-140,153
-2,-140,155
-1,-140,158
1,-140,164
-1,-140,166
-1,-140,173
-2,-140,179
-2,-140,181
1,-140,182
-4,-140,190
-3,-140,194
1,-140,195
-4,-140,197
-3,-140,199
1,-140,201
-2,-140,202
-1,-140,203
1,-140,204
2,-140,206
0,-140,207
3,-140,208
-2,-140,209
-1,-140,210
2,-140,211
-2,-140,212
2,-140,214
-1,-140,215
3,-140,216
4,-140,218
2,-140,219
2,-140,220
7,-140,221
4,-140,222
2,-140,223
-1,-140,224
1,-140,225
3,-140,226
5,-140,227
2,-140,228
1,-140,229
2,-140,230
4,-140,231
1,-140,232
1,-140,233
2,-140,234
1,-140,235
1,-140,236
3,-140,237
1,-140,238
1,-140,239
1,-140,241
1,-140,243
1,-140,246
1,-140,247
1,-140,252
1,-140,256
-1,-140,259
1,-140,264
1,-140,266
1,-140,269
1,-140,275
1,-140,277
1,-140,294
1,-140,336
1,-140,379
-1,-139,-18
-1,-139,-16
-1,-139,-14
-4,-139,-10
-1,-139,-8
-1,-139,-5
-2,-139,-3
-1,-139,0
-1,-139,1
-4,-139,3
-2,-139,5
1,-139,9
-1,-139,10
-2,-139,12
-1,-139,16
-3,-139,21
-1,-139,23
-2,-139,25
-3,-139,27
-1,-139,29
-1,-139,33
1,-139,35
-1,-139,36
-1,-139,38
-2,-139,40
1,-139,41
-1,-139,42
-3,-139,44
-1,-139,46
-4,-139,48
1,-139,50
1,-139,54
-1,-139,55
-3,-139,57
-1,-139,59
-2,-139,61
1,-139,62
-2,-139,68
-1,-139,70
-2,-139,72
-1,-139,76
-1,-139,81
-1,-139,83
1,-139,84
-1,-139,87
-1,-139,89
-1,-139,93
-1,-139,96
-2,-139,100
-1,-139,113
1,-139,117
-1,-139,119
-3,-139,130
0,-139,132
-1,-139,134
-3,-139,136
1,-139,141
1,-139,142
-1,-139,143
-3,-139,145
-2,-139,147
-1,-139,149
-1,-139,156
1,-139,159
-1,-139,162
1,-139,165
-2,-139,173
1,-139,174
-1,-139,186
-1,-139,199
-3,-139,201
1,-139,202
-3,-139,203
1,-139,204
-2,-139,205
2,-139,206
-1,-139,207
-1,-139,209
4,-139,210
1,-139,211
1,-139,212
1,-139,213
1,-139,214
1,-139,215
2,-139,216
1,-139,217
1,-139,218
2,-139,221
2,-139,222
3,-139,223
1,-139,224
3,-139,225
2,-139,226
1,-139,227
1,-139,230
1,-139,231
0,-139,235
1,-139,242
1,-139,246
1,-139,248
1,-139,258
-1,-139,548
-1,-138,-34
-1,-138,-32
-1,-138,-28
-1,-138,-16
-1,-138,-15
-4,-138,-14
-1,-138,-13
-1,-138,-8
-1,-138,-7
0,-138,-6
-1,-138,-5
-2,-138,-3
-1,-138,-1
-6,-138,0
1,-138,1
-4,-138,2
1,-138,3
-3,-138,4
0,-138,6
-4,-138,9
-2,-138,10
1,-138,11
-1,-138,12
-5,-138,13
-3,-138,15
3,-138,16
-1,-138,17
-4,-138,21
-1,-138,22
-1,-138,23
-1,-138,25
-2,-138,26
-1,-138,28
2,-138,29
-1,-138,30
2,-138,31
-1,-138,33
-2,-138,36
2,-138,37
-2,-138,38
-3,-138,41
1,-138,42
1,-138,43
-1,-138,45
-1,-138,46
-1,-138,47
-1,-138,49
-2,-138,51
-2,-138,52
0,-138,53
-1,-138,54
-1,-138,55
-2,-138,56
-1,-138,57
1,-138,59
-2,-138,61
-2,-138,68
-1,-138,71
-2,-138,72
-1,-138,73
-1,-138,74
-1,-138,76
-1,-138,80
1,-138,84
-1,-138,89
-1,-138,92
-2,-138,93
2,-138,94
1,-138,95
-1,-138,97
-3,-138,99
0,-138,100
-1,-138,101
-1,-138,103
1,-138,105
-1,-138,106
-1,-138,107
-3,-138,108
-3,-138,110
-1,-138,112
-3,-138,114
-2,-138,116
-2,-138,118
-1,-138,120
-2,-138,122
-1,-138,123
-1,-138,125
-5,-138,127
-1,-138,128
-1,-138,129
-1,-138,130
-1,-138,132
-2,-138,133
1,-138,134
-1,-138,135
1,-138,136
-1,-138,138
-2,-138,140
0,-138,144
-1,-138,147
1,-138,149
-3,-138,150
-1,-138,151
-3,-138,156
-2,-138,160
-1,-138,161
-1,-138,163
-1,-138,165
0,-138,167
-2,-138,168
-2,-138,171
-1,-138,175
-3,-138,184
-1,-138,186
-2,-138,188
-4,-138,192
-1,-138,194
1,-138,195
-1,-138,197
-1,-138,198
-2,-138,199
-1,-138,200
1,-138,201
-1,-138,202
-2,-138,204
-2,-138,205
1,-138,206
-2,-138,207
3,-138,208
6,-138,209
2,-138,210
2,-138,211
-2,-138,212
-1,-138,213
3,-138,214
1,-138,215
4,-138,216
1,-138,217
6,-138,218
-2,-138,219
3,-138,220
5,-138,221
1,-138,222
2,-138,223
1,-138,224
2,-138,225
0,-138,226
6,-138,227
1,-138,228
1,-138,229
2,-138,230
2,-138,231
3,-138,232
1,-138,233
1,-138,234
4,-138,235
2,-138,236
3,-138,237
5,-138,239
1,-138,242
4,-138,243
1,-138,244
1,-138,246
1,-138,247
1,-138,253
1,-138,263
1,-138,280
1,-138,281
1,-138,304
1,-137,-27
1,-137,-25
1,-137,-11
1,-137,-9
1,-137,-2
2,-137,5
1,-137,10
1,-137,11
1,-137,18
1,-137,21
1,-137,23
1,-137,24
1,-137,25
1,-137,27
1,-137,38
1,-137,45
1,-137,50
1,-137,56
1,-137,74
1,-137,80
1,-137,97
1,-137,99
1,-137,110
1,-137,126
1,-137,127
2,-137,128
1,-137,132
1,-137,139
1,-137,145
1,-137,147
1,-137,154
1,-137,158
1,-137,164
1,-137,168
1,-137,175
1,-137,202
3,-137,208
1,-137,209
2,-137,215
5,-137,216
3,-137,217
4,-137,218
1,-137,219
3,-137,220
2,-137,221
3,-137,222
2,-137,223
1,-137,224
7,-137,225
4,-137,226
3,-137,227
2,-137,229
5,-137,230
1,-137,232
1,-137,233
2,-137,234
4,-137,235
2,-137,236
1,-137,237
1,-137,238
1,-137,241
2,-137,242
1,-137,243
1,-137,246
1,-137,247
2,-137,251
1,-137,254
1,-137,257
1,-137,262
1,-137,265
1,-137,275
1,-137,288
1,-137,299
1,-137,562
-1,-136,-40
-2,-136,-36
-1,-136,-31
-1,-136,-27
-2,-136,-25
-1,-136,-23
-1,-136,-21
-4,-136,-19
-2,-136,-16
-2,-136,-14
-1,-136,-13
-4,-136,-12
-1,-136,-11
-2,-136,-10
-1,-136,-8
-2,-136,-6
-5,-136,-5
-2,-136,-4
-2,-136,-3
-2,-136,-2
-5,-136,-1
-12,-136,0
-2,-136,2
-1,-136,3
-4,-136,4
-3,-136,5
1,-136,6
0,-136,7
-5,-136,10
-1,-136,11
-3,-136,12
-2,-136,13
-4,-136,14
0,-136,15
-1,-136,16
2,-136,17
-2,-136,18
-2,-136,19
-1,-136,21
0,-136,23
-2,-136,25
-1,-136,26
-1,-136,29
1,-136,30
-1,-136,31
-2,-136,33
0,-136,34
-2,-136,36
1,-136,37
-2,-136,38
1,-136,39
-4,-136,40
1,-136,41
0,-136,42
-3,-136,45
1,-136,46
-2,-136,47
-2,-136,48
0,-136,49
1,-136,51
-4,-136,53
-1,-136,55
-1,-136,57
-4,-136,59
1,-136,60
-3,-136,61
-3,-136,63
-2,-136,68
-3,-136,69
-1,-136,70
-1,-136,71
-1,-136,72
2,-136,73
-1,-136,74
-3,-136,76
-4,-136,78
-1,-136,81
-1,-136,82
-2,-136,83
-2,-136,84
-1,-136,85
-1,-136,87
-3,-136,89
1,-136,90
0,-136,91
1,-136,95
0,-136,97
-1,-136,98
-3,-136,99
-3,-136,100
-1,-136,102
-5,-136,104
-1,-136,108
-1,-136,110
-2,-136,111
-1,-136,112
0,-136,113
-2,-136,114
-3,-136,115
-2,-136,116
-2,-136,117
-1,-136,118
-1,-136,119
-2,-136,120
1,-136,121
-1,-136,124
-2,-136,127
-1,-136,128
-1,-136,130
-1,-136,131
-1,-136,133
-1,-136,135
0,-136,136
-1,-136,138
-1,-136,140
2,-136,141
1,-136,142
-3,-136,143
-2,-136,144
-1,-136,145
0,-136,148
-1,-136,150
-2,-136,151
-2,-136,152
-3,-136,154
-1,-136,155
-5,-136,156
0,-136,157
-4,-136,158
-1,-136,160
-2,-136,162
-1,-136,163
-1,-136,166
-1,-136,167
-2,-136,171
-2,-136,173
-1,-136,178
-1,-136,179
-1,-136,184
-1,-136,186
-1,-136,188
-1,-136,196
-2,-136,199
-2,-136,201
-1,-136,203
0,-136,204
-2,-136,205
-1,-136,206
-4,-136,207
1,-136,208
0,-136,209
1,-136,210
2,-136,211
3,-136,212
2,-136,213
2,-136,214
5,-136,215
3,-136,216
2,-136,217
2,-136,218
0,-136,219
7,-136,220
3,-136,221
1,-136,222
3,-136,223
2,-136,224
3,-136,225
7,-136,226
1,-136,227
2,-136,228
0,-136,229
1,-136,230
4,-136,231
6,-136,232
2,-136,233
-1,-136,234
2,-136,235
-1,-136,236
4,-136,237
2,-136,242
2,-136,243
-1,-136,244
1,-136,248
1,-136,249
3,-136,253
1,-136,263
1,-136,275
-1,-136,280
1,-136,281
-1,-136,400
1,-136,483
-1,-136,528
-1,-136,552
1,-136,577
-1,-135,-39
-1,-135,-18
0,-135,-13
-1,-135,-9
-1,-135,-8
-1,-135,-7
-1,-135,-6
-1,-135,-5
1,-135,-3
-2,-135,-1
-1,-135,0
-1,-135,2
1,-135,4
1,-135,5
-4,-135,10
1,-135,11
0,-135,15
3,-135,17
1,-135,20
-1,-135,22
1,-135,25
2,-135,26
-2,-135,28
1,-135,29
2,-135,32
1,-135,33
0,-135,39
-1,-135,49
1,-135,50
0,-135,51
-1,-135,52
-2,-135,54
-1,-135,56
-2,-135,58
-2,-135,61
-2,-135,62
-1,-135,63
-1,-135,65
-1,-135,66
1,-135,67
-1,-135,68
1,-135,69
0,-135,71
-2,-135,75
1,-135,76
-2,-135,77
-1,-135,78
1,-135,81
-1,-135,82
-1,-135,84
1,-135,85
-4,-135,86
2,-135,87
-1,-135,88
-1,-135,89
-1,-135,91
-1,-135,95
1,-135,96
-2,-135,97
-1,-135,100
-2,-135,101
-1,-135,104
-2,-135,105
0,-135,109
1,-135,111
-1,-135,114
-2,-135,117
-2,-135,119
-2,-135,120
-2,-135,122
-3,-135,125
-1,-135,127
1,-135,128
0,-135,130
-1,-135,133
1,-135,134
-1,-135,136
-1,-135,138
1,-135,140
-1,-135,141
-2,-135,143
-1,-135,145
1,-135,147
-1,-135,150
2,-135,154
-1,-135,156
-1,-135,160
-1,-135,161
-1,-135,163
-1,-135,166
-1,-135,168
-1,-135,171
1,-135,176
-1,-135,184
-1,-135,186
-2,-135,188
-1,-135,190
-1,-135,192
-3,-135,194
-2,-135,197
-1,-135,199
1,-135,200
-2,-135,202
2,-135,203
-2,-135,204
2,-135,205
-1,-135,206
-2,-135,207
1,-135,208
2,-135,209
2,-135,210
4,-135,211
-3,-135,212
3,-135,213
-1,-135,214
3,-135,215
2,-135,216
-1,-135,217
4,-135,218
0,-135,219
0,-135,220
3,-135,221
3,-135,222
4,-135,225
2,-135,226
3,-135,227
2,-135,228
1,-135,229
4,-135,230
3,-135,231
2,-135,232
1,-135,235
1,-135,236
1,-135,238
2,-135,239
1,-135,240
2,-135,241
2,-135,243
2,-135,244
1,-135,246
1,-135,248
1,-135,249
1,-135,254
1,-135,263
1,-135,264
1,-135,277
-1,-135,462
1,-135,503
-1,-134,-33
-2,-134,-27
-1,-134,-17
-2,-134,-16
-1,-134,-13
-1,-134,-12
1,-134,-11
-4,-134,-10
-1,-134,-8
-1,-134,-7
-1,-134,-6
-1,-134,-5
1,-134,-4
-2,-134,-3
-1,-134,-2
-1,-134,-1
-2,-134,0
-8,-134,1
-3,-134,3
-1,-134,4
-1,-134,5
-3,-134,7
-1,-134,8
-1,-134,9
-1,-134,10
0,-134,11
-5,-134,12
0,-134,13
-2,-134,14
-1,-134,15
-1,-134,16
-3,-134,18
-4,-134,19
-1,-134,21
0,-134,23
-1,-134,25
0,-134,26
1,-134,27
-1,-134,28
-2,-134,29
2,-134,32
-3,-134,33
-1,-134,34
-3,-134,36
-3,-134,40
-1,-134,42
0,-134,44
1,-134,45
-1,-134,46
1,-134,47
0,-134,48
-1,-134,49
-2,-134,51
-5,-134,53
-2,-134,55
-5,-134,57
-1,-134,59
-4,-134,61
-4,-134,63
-3,-134,68
2,-134,69
-3,-134,70
-1,-134,74
-2,-134,76
-4,-134,78
-1,-134,80
0,-134,81
-1,-134,82
-1,-134,85
-2,-134,87
-3,-134,93
-1,-134,96
-2,-134,98
-2,-134,99
-1,-134,100
1,-134,101
0,-134,102
-4,-134,104
-1,-134,108
0,-134,109
-1,-134,111
-2,-134,112
1,-134,113
-2,-134,114
-1,-134,115
-1,-134,116
-1,-134,117
-2,-134,118
-1,-134,119
-1,-134,120
-3,-134,121
-1,-134,122
-1,-134,125
-1,-134,127
-1,-134,128
-2,-134,129
1,-134,131
-1,-134,132
-2,-134,135
1,-134,136
-1,-134,137
1,-134,139
0,-134,141
0,-134,143
-3,-134,144
1,-134,146
-2,-134,147
-1,-134,148
-1,-134,149
-3,-134,150
-1,-134,151
1,-134,152
1,-134,153
-2,-134,154
-2,-134,156
-3,-134,158
1,-134,160
-1,-134,162
-1,-134,163
-1,-134,165
-1,-134,166
-2,-134,167
-1,-134,169
-1,-134,171
-2,-134,173
-1,-134,177
1,-134,178
0,-134,186
-1,-134,188
1,-134,198
-1,-134,200
0,-134,203
0,-134,205
1,-134,206
-2,-134,207
-1,-134,209
2,-134,210
1,-134,211
1,-134,212
3,-134,213
2,-134,214
-1,-134,215
0,-134,216
2,-134,217
0,-134,218
3,-134,220
4,-134,221
1,-134,222
0,-134,224
3,-134,225
5,-134,226
3,-134,227
-1,-134,229
1,-134,230
1,-134,231
-1,-134,232
2,-134,233
6,-134,235
3,-134,236
2,-134,237
0,-134,238
2,-134,239
3,-134,240
0,-134,241
2,-134,242
1,-134,244
1,-134,246
3,-134,248
2,-134,249
1,-134,252
1,-134,254
-1,-134,259
1,-134,263
1,-134,265
1,-134,268
1,-134,298
1,-134,521
-1,-134,600
-1,-134,877
-1,-133,-21
-1,-133,-18
-1,-133,-16
-1,-133,-14
1,-133,-13
-1,-133,-12
-1,-133,-8
-1,-133,-7
-1,-133,-6
-1,-133,-5
-2,-133,-1
-2,-133,0
-1,-133,2
-1,-133,5
0,-133,6
-1,-133,8
-2,-133,10
-1,-133,12
-5,-133,13
-3,-133,15
-1,-133,18
-2,-133,19
-1,-133,22
-1,-133,23
0,-133,26
-1,-133,27
-1,-133,30
-1,-133,31
-1,-133,32
-2,-133,34
-1,-133,40
-1,-133,43
-1,-133,45
-1,-133,46
-1,-133,47
-1,-133,49
-1,-133,51
-2,-133,53
-2,-133,54
-1,-133,56
-1,-133,58
-1,-133,60
-1,-133,66
-3,-133,69
-2,-133,72
-2,-133,75
-2,-133,80
-1,-133,81
-1,-133,82
-1,-133,84
-1,-133,91
0,-133,93
-1,-133,99
-1,-133,101
1,-133,104
-1,-133,105
-1,-133,106
1,-133,107
-1,-133,108
-1,-133,110
-2,-133,112
-1,-133,114
-1,-133,117
-2,-133,118
-2,-133,120
-4,-133,125
-1,-133,127
-2,-133,128
-1,-133,134
0,-133,137
-1,-133,138
-1,-133,140
-1,-133,141
-2,-133,145
-1,-133,146
1,-133,148
-2,-133,150
-1,-133,151
-2,-133,153
-2,-133,155
-1,-133,156
-1,-133,158
-1,-133,161
-1,-133,166
-1,-133,168
-1,-133,173
0,-133,174
-2,-133,188
-1,-133,190
-1,-133,192
-3,-133,194
-1,-133,201
-1,-133,202
-2,-133,204
-1,-133,207
-1,-133,209
-3,-133,210
1,-133,211
-1,-133,212
1,-133,213
1,-133,214
-2,-133,215
-1,-133,216
-1,-133,217
0,-133,218
-1,-133,219
1,-133,220
-1,-133,222
1,-133,224
-1,-133,225
2,-133,226
0,-133,227
1,-133,228
2,-133,229
3,-133,230
0,-133,235
1,-133,243
1,-133,255
0,-133,272
1,-133,278
1,-133,330
-1,-133,407
-2,-132,-36
-1,-132,-29
-3,-132,-23
1,-132,-22
-1,-132,-18
-1,-132,-16
-1,-132,-14
-1,-132,-13
-1,-132,-12
-3,-132,-11
-1,-132,-10
0,-132,-8
-2,-132,-5
-1,-132,-4
-2,-132,-3
-1,-132,-2
-7,-132,0
-1,-132,1
-1,-132,2
-1,-132,3
-5,-132,4
-1,-132,5
1,-132,6
0,-132,7
0,-132,8
-2,-132,9
-5,-132,10
-3,-132,11
-3,-132,12
-2,-132,13
-5,-132,15
-2,-132,16
1,-132,17
-1,-132,19
-1,-132,21
0,-132,23
-3,-132,26
-3,-132,27
1,-132,28
1,-132,29
-1,-132,30
-3,-132,31
0,-132,33
1,-132,34
0,-132,36
1,-132,37
-4,-132,38
-1,-132,40
-2,-132,42
1,-132,43
-1,-132,44
0,-132,45
-1,-132,47
-1,-132,48
-1,-132,49
-1,-132,51
-1,-132,53
-4,-132,57
0,-132,59
-3,-132,61
-4,-132,63
1,-132,65
-2,-132,66
-3,-132,68
-4,-132,70
1,-132,71
-2,-132,72
-1,-132,74
-2,-132,76
-3,-132,78
1,-132,80
-1,-132,81
1,-132,84
-4,-132,85
-2,-132,87
1,-132,89
1,-132,90
-4,-132,91
-3,-132,93
-3,-132,97
-2,-132,98
-2,-132,99
-1,-132,100
-3,-132,101
-1,-132,104
-4,-132,108
-1,-132,109
-1,-132,111
2,-132,112
-3,-132,114
-2,-132,115
-2,-132,116
-1,-132,117
1,-132,118
1,-132,121
-2,-132,122
-1,-132,124
-2,-132,126
-2,-132,127
1,-132,128
1,-132,129
-1,-132,130
-1,-132,131
-5,-132,133
-2,-132,134
0,-132,135
-2,-132,136
-1,-132,137
-1,-132,148
-1,-132,149
-1,-132,150
-2,-132,152
-2,-132,154
1,-132,155
-1,-132,156
-2,-132,158
1,-132,159
-1,-132,160
-2,-132,162
1,-132,163
1,-132,168
-1,-132,169
1,-132,172
-2,-132,173
-2,-132,175
-2,-132,181
-1,-132,184
-1,-132,186
1,-132,187
-1,-132,192
-1,-132,199
2,-132,204
1,-132,206
-2,-132,207
1,-132,208
-4,-132,209
2,-132,210
1,-132,211
-3,-132,212
0,-132,213
2,-132,214
1,-132,215
1,-132,216
1,-132,217
1,-132,218
-2,-132,219
5,-132,220
3,-132,222
2,-132,223
0,-132,224
3,-132,225
0,-132,226
2,-132,227
-1,-132,229
-1,-132,230
3,-132,231
3,-132,232
3,-132,233
-1,-132,234
1,-132,235
-1,-132,236
1,-132,237
2,-132,238
1,-132,239
2,-132,241
1,-132,242
3,-132,243
1,-132,244
1,-132,246
1,-132,248
1,-132,251
1,-132,252
-1,-132,253
1,-132,260
1,-132,277
-1,-131,-34
-1,-131,-27
1,-131,-24
-1,-131,-23
-1,-131,-20
-1,-131,-18
1,-131,-17
1,-131,-15
1,-131,-10
-3,-131,-9
-1,-131,-6
-4,-131,-3
-3,-131,-1
-2,-131,0
-1,-131,3
1,-131,6
-1,-131,7
-1,-131,10
1,-131,11
-1,-131,12
1,-131,13
0,-131,15
-1,-131,17
1,-131,18
1,-131,19
-1,-131,23
-1,-131,25
1,-131,26
2,-131,27
1,-131,28
1,-131,30
1,-131,32
1,-131,33
-1,-131,34
1,-131,35
-4,-131,36
-1,-131,38
1,-131,39
1,-131,50
2,-131,53
-1,-131,54
1,-131,55
-1,-131,56
-1,-131,58
-1,-131,59
-2,-131,60
-1,-131,61
0,-131,62
-1,-131,63
-2,-131,65
-2,-131,66
-1,-131,67
1,-131,68
-2,-131,71
0,-131,72
2,-131,74
0,-131,75
-1,-131,77
1,-131,80
-2,-131,82
1,-131,84
-2,-131,86
0,-131,87
0,-131,88
-1,-131,90
-1,-131,91
-1,-131,92
-1,-131,94
-1,-131,95
-1,-131,97
-2,-131,99
1,-131,100
-1,-131,101
1,-131,103
1,-131,104
-1,-131,106
-2,-131,108
-1,-131,109
-1,-131,112
-1,-131,116
1,-131,119
0,-131,123
-1,-131,125
1,-131,128
-1,-131,129
-2,-131,130
-2,-131,135
-1,-131,137
-1,-131,138
-1,-131,141
1,-131,143
-1,-131,146
-1,-131,151
1,-131,153
-1,-131,161
0,-131,164
-1,-131,166
-1,-131,171
1,-131,173
1,-131,179
1,-131,180
-1,-131,188
-1,-131,190
-1,-131,192
-3,-131,194
-1,-131,197
-2,-131,201
-2,-131,202
1,-131,203
-2,-131,206
-1,-131,207
-1,-131,209
1,-131,210
1,-131,211
-3,-131,212
1,-131,213
0,-131,214
1,-131,215
-1,-131,217
2,-131,218
2,-131,219
2,-131,220
2,-131,221
4,-131,222
1,-131,223
-2,-131,224
4,-131,225
6,-131,227
4,-131,228
5,-131,230
4,-131,231
4,-131,232
1,-131,233
3,-131,235
1,-131,236
3,-131,237
1,-131,241
1,-131,242
2,-131,243
1,-131,247
1,-131,251
1,-131,252
1,-131,256
1,-131,257
1,-131,260
1,-131,262
3,-131,263
1,-131,266
1,-131,269
1,-131,279
1,-131,284
-1,-131,628
-1,-130,-40
-1,-130,-38
-2,-130,-29
-2,-130,-21
-1,-130,-19
-1,-130,-18
-3,-130,-16
-1,-130,-15
-5,-130,-14
-1,-130,-13
-2,-130,-12
-3,-130,-10
-1,-130,-9
-1,-130,-6
-4,-130,-5
-4,-130,-3
-2,-130,-2
-3,-130,-1
-4,-130,0
0,-130,1
-1,-130,2
-3,-130,3
1,-130,7
0,-130,8
0,-130,10
-3,-130,12
0,-130,13
-1,-130,14
-1,-130,15
-2,-130,17
-1,-130,18
1,-130,19
1,-130,20
-1,-130,21
-1,-130,23
-4,-130,25
0,-130,26
-2,-130,27
-1,-130,29
-1,-130,30
-1,-130,33
-1,-130,34
-1,-130,35
-1,-130,38
-5,-130,40
2,-130,43
-1,-130,44
-3,-130,45
1,-130,46
-1,-130,48
-3,-130,49
1,-130,50
-1,-130,51
0,-130,53
-1,-130,54
-1,-130,59
-1,-130,61
-1,-130,63
-3,-130,66
1,-130,67
-3,-130,68
0,-130,69
-1,-130,70
-2,-130,72
-2,-130,74
-1,-130,76
-4,-130,78
-1,-130,84
-1,-130,86
-1,-130,87
-3,-130,89
-2,-130,91
1,-130,93
-1,-130,94
-1,-130,97
-1,-130,98
-2,-130,99
-1,-130,100
-1,-130,102
0,-130,103
-1,-130,104
-1,-130,105
-1,-130,106
-3,-130,108
-1,-130,109
-2,-130,110
-1,-130,112
0,-130,113
-1,-130,115
-1,-130,116
1,-130,119
-1,-130,123
-1,-130,127
-1,-130,128
-1,-130,131
-1,-130,132
1,-130,133
-1,-130,134
-1,-130,136
-1,-130,137
-2,-130,138
-2,-130,139
-4,-130,141
-1,-130,143
1,-130,144
-2,-130,145
0,-130,147
0,-130,148
-1,-130,149
1,-130,150
-1,-130,151
-2,-130,154
-1,-130,155
-2,-130,156
-1,-130,160
-2,-130,162
1,-130,163
-2,-130,169
-2,-130,171
-1,-130,174
1,-130,176
-2,-130,177
-1,-130,178
-1,-130,179
-1,-130,183
-1,-130,184
-1,-130,186
-1,-130,188
-2,-130,201
-4,-130,205
-2,-130,207
1,-130,208
-5,-130,209
1,-130,210
3,-130,211
-6,-130,212
0,-130,213
0,-130,215
3,-130,216
3,-130,217
2,-130,218
-4,-130,219
2,-130,220
3,-130,221
2,-130,222
1,-130,224
0,-130,225
1,-130,226
4,-130,227
-2,-130,228
0,-130,229
3,-130,230
1,-130,231
5,-130,232
-2,-130,233
3,-130,236
3,-130,237
3,-130,238
3,-130,239
1,-130,240
0,-130,241
2,-130,242
3,-130,243
1,-130,244
1,-130,248
1,-130,250
1,-130,251
-1,-130,253
1,-130,256
1,-130,257
1,-130,258
1,-130,260
2,-130,263
1,-130,283
1,-130,284
0,-130,285
1,-130,307
-1,-130,390
-1,-130,579
1,-129,-15
1,-129,-11
-1,-129,-9
-2,-129,-5
0,-129,-1
-2,-129,0
-1,-129,2
1,-129,11
-1,-129,15
1,-129,17
1,-129,18
0,-129,19
1,-129,21
1,-129,23
1,-129,25
-1,-129,32
1,-129,34
1,-129,37
-1,-129,39
-1,-129,41
-1,-129,43
1,-129,44
1,-129,46
-1,-129,47
-1,-129,52
1,-129,71
1,-129,72
-1,-129,75
-4,-129,82
0,-129,84
1,-129,88
1,-129,91
-1,-129,97
1,-129,99
1,-129,102
-1,-129,108
-1,-129,112
0,-129,116
1,-129,120
1,-129,121
0,-129,123
1,-129,136
1,-129,150
1,-129,157
1,-129,165
-1,-129,186
-1,-129,192
-2,-129,194
-1,-129,197
-2,-129,199
0,-129,203
-1,-129,207
1,-129,208
1,-129,209
1,-129,210
2,-129,213
1,-129,214
3,-129,215
2,-129,216
1,-129,217
4,-129,218
1,-129,219
4,-129,220
3,-129,221
2,-129,222
-1,-129,223
2,-129,224
4,-129,225
3,-129,226
1,-129,227
1,-129,228
1,-129,230
3,-129,231
1,-129,233
4,-129,235
2,-129,236
3,-129,237
1,-129,238
2,-129,239
2,-129,241
1,-129,242
2,-129,243
2,-129,245
1,-129,246
1,-129,247
1,-129,248
1,-129,249
2,-129,252
1,-129,253
1,-129,281
1,-129,284
1,-129,295
1,-129,332
1,-129,494
-1,-128,-23
-1,-128,-21
-2,-128,-18
-1,-128,-17
-2,-128,-16
-1,-128,-15
-1,-128,-14
-1,-128,-10
-1,-128,-9
-2,-128,-8
-5,-128,-5
-2,-128,-4
-1,-128,-3
-2,-128,-2
-4,-128,-1
-2,-128,0
-1,-128,2
-2,-128,3
-2,-128,4
-3,-128,5
-1,-128,7
-2,-128,8
-2,-128,10
-1,-128,11
-4,-128,12
-1,-128,13
-1,-128,14
-1,-128,15
-2,-128,16
1,-128,17
-2,-128,18
-1,-128,19
0,-128,20
0,-128,21
-1,-128,22
-3,-128,25
-2,-128,26
-1,-128,27
-1,-128,28
1,-128,32
-3,-128,33
1,-128,34
-1,-128,38
-1,-128,42
-1,-128,44
-1,-128,45
-1,-128,46
-1,-128,47
-1,-128,51
1,-128,52
-2,-128,53
-2,-128,54
-1,-128,55
-3,-128,57
-2,-128,58
-2,-128,59
-3,-128,61
-1,-128,63
-1,-128,64
-2,-128,66
-2,-128,68
-1,-128,70
-2,-128,71
-2,-128,74
-4,-128,76
-1,-128,79
-2,-128,81
-2,-128,82
-2,-128,85
-1,-128,87
-3,-128,89
-1,-128,91
-1,-128,93
-2,-128,97
-2,-128,99
-2,-128,104
-1,-128,105
-2,-128,106
1,-128,107
-2,-128,108
-2,-128,109
-1,-128,110
-1,-128,111
-3,-128,112
-2,-128,113
-2,-128,114
-3,-128,115
-1,-128,117
-2,-128,118
-2,-128,119
-1,-128,121
-1,-128,123
-1,-128,125
-2,-128,126
-1,-128,127
-2,-128,128
-1,-128,129
-3,-128,130
1,-128,132
-1,-128,134
-3,-128,135
1,-128,136
-3,-128,137
-3,-128,138
-1,-128,140
-2,-128,143
-1,-128,144
-1,-128,145
-2,-128,146
-2,-128,149
-2,-128,150
-1,-128,151
-3,-128,152
-1,-128,154
-1,-128,155
-6,-128,156
-5,-128,158
-1,-128,160
-2,-128,161
-4,-128,162
-1,-128,163
-2,-128,166
-1,-128,169
-1,-128,171
-5,-128,173
-1,-128,176
-1,-128,177
-1,-128,179
1,-128,180
-1,-128,181
1,-128,182
-1,-128,183
-1,-128,184
-1,-128,186
-2,-128,188
-1,-128,189
-2,-128,194
-1,-128,201
-1,-128,204
-3,-128,205
-1,-128,207
-4,-128,209
-2,-128,210
-1,-128,212
1,-128,213
1,-128,215
-2,-128,216
-2,-128,218
-2,-128,219
-1,-128,220
1,-128,221
-2,-128,222
-2,-128,224
1,-128,227
-2,-128,229
1,-128,230
1,-128,232
-1,-128,233
-1,-128,234
-1,-128,235
0,-128,236
-1,-128,238
1,-128,242
0,-128,243
1,-128,244
-1,-128,249
1,-128,252
1,-128,272
1,-128,284
-1,-127,-38
1,-127,-22
-2,-127,-9
2,-127,-2
-1,-127,0
-1,-127,4
1,-127,5
2,-127,6
-1,-127,8
1,-127,14
-1,-127,15
1,-127,18
-1,-127,19
-1,-127,20
-1,-127,21
1,-127,22
1,-127,25
-1,-127,26
-1,-127,32
1,-127,35
1,-127,38
-1,-127,39
-1,-127,41
-1,-127,47
1,-127,51
0,-127,52
-1,-127,54
1,-127,56
2,-127,57
-1,-127,60
1,-127,62
-1,-127,65
1,-127,68
-1,-127,69
0,-127,71
1,-127,72
-1,-127,73
1,-127,74
-1,-127,75
-1,-127,78
-1,-127,80
-1,-127,82
1,-127,83
-1,-127,84
1,-127,85
-2,-127,95
1,-127,96
-1,-127,97
1,-127,103
-2,-127,106
-2,-127,108
1,-127,115
1,-127,120
-3,-127,123
-1,-127,125
-1,-127,127
-1,-127,129
1,-127,131
-1,-127,132
-2,-127,134
-1,-127,136
1,-127,137
1,-127,138
1,-127,139
-1,-127,140
1,-127,145
1,-127,146
2,-127,147
-1,-127,153
1,-127,155
2,-127,159
1,-127,165
1,-127,169
1,-127,174
1,-127,184
-1,-127,186
-1,-127,188
-2,-127,192
-1,-127,201
-1,-127,205
1,-127,213
0,-127,214
2,-127,215
1,-127,216
1,-127,218
6,-127,219
4,-127,220
1,-127,221
2,-127,222
1,-127,223
3,-127,224
2,-127,225
5,-127,226
1,-127,227
3,-127,228
1,-127,229
5,-127,230
6,-127,231
2,-127,232
1,-127,233
3,-127,234
2,-127,235
5,-127,236
5,-127,237
2,-127,239
1,-127,242
1,-127,245
3,-127,246
1,-127,247
1,-127,248
3,-127,251
1,-127,252
3,-127,253
1,-127,256
1,-127,259
2,-127,260
1,-127,272
1,-127,273
1,-127,274
1,-127,319
1,-127,335
1,-127,399
-1,-126,-36
-1,-126,-31
-3,-126,-29
-1,-126,-26
-1,-126,-25
-1,-126,-21
-1,-126,-16
-4,-126,-15
1,-126,-13
-3,-126,-12
-1,-126,-11
-4,-126,-10
-1,-126,-9
-5,-126,-8
-4,-126,-5
-2,-126,-4
-8,-126,-3
-3,-126,-2
-7,-126,-1
-8,-126,0
-7,-126,1
-2,-126,3
-2,-126,4
-11,-126,5
-1,-126,7
-2,-126,8
2,-126,9
-2,-126,10
-4,-126,12
-2,-126,13
0,-126,14
-4,-126,15
-2,-126,16
1,-126,17
-2,-126,18
1,-126,20
-2,-126,21
1,-126,22
-4,-126,23
-2,-126,25
-1,-126,26
-2,-126,27
-2,-126,29
1,-126,30
-5,-126,31
-6,-126,33
-1,-126,35
-2,-126,36
-4,-126,40
-1,-126,41
0,-126,42
1,-126,43
-4,-126,44
-1,-126,45
-1,-126,46
-2,-126,48
1,-126,49
-2,-126,51
-5,-126,53
-4,-126,55
-1,-126,56
-4,-126,57
1,-126,58
-1,-126,59
1,-126,62
-1,-126,63
1,-126,64
-2,-126,66
-1,-126,68
-2,-126,70
-2,-126,72
1,-126,75
-3,-126,76
0,-126,78
-1,-126,79
-1,-126,80
-3,-126,81
-3,-126,82
1,-126,83
-3,-126,85
1,-126,88
-2,-126,89
-1,-126,93
-1,-126,95
-2,-126,96
-1,-126,98
-2,-126,100
-1,-126,101
1,-126,103
-6,-126,104
-1,-126,105
-2,-126,106
-2,-126,108
-2,-126,109
1,-126,110
-4,-126,111
-2,-126,112
-2,-126,113
-2,-126,115
-1,-126,116
-3,-126,117
1,-126,118
-2,-126,119
-4,-126,121
-1,-126,122
-1,-126,125
1,-126,126
-1,-126,127
-1,-126,129
1,-126,130
-1,-126,131
-2,-126,132
-1,-126,133
-1,-126,134
-4,-126,135
0,-126,137
0,-126,139
-1,-126,140
-1,-126,141
1,-126,142
-2,-126,143
-1,-126,145
-2,-126,146
-1,-126,149
-1,-126,150
-3,-126,151
-2,-126,153
-2,-126,154
-1,-126,155
-3,-126,156
-1,-126,160
0,-126,162
-1,-126,169
-2,-126,171
-1,-126,174
-1,-126,177
-2,-126,178
-1,-126,179
-2,-126,181
-1,-126,184
-1,-126,192
-1,-126,203
-3,-126,205
0,-126,206
-1,-126,207
-4,-126,209
-1,-126,210
1,-126,211
-3,-126,212
1,-126,213
-6,-126,214
-2,-126,215
-1,-126,216
-1,-126,217
-2,-126,218
-1,-126,219
-3,-126,220
2,-126,221
-1,-126,222
-1,-126,224
2,-126,225
-4,-126,226
2,-126,227
2,-126,228
0,-126,229
2,-126,230
1,-126,231
1,-126,232
2,-126,235
0,-126,236
1,-126,238
1,-126,239
1,-126,240
0,-126,242
0,-126,243
-1,-126,244
0,-126,246
1,-126,247
2,-126,248
-1,-126,255
2,-126,256
1,-126,257
1,-126,258
2,-126,259
1,-126,263
2,-126,272
1,-126,273
1,-126,278
1,-126,279
1,-126,281
1,-126,309
1,-125,-21
-1,-125,-12
1,-125,-11
1,-125,-10
-1,-125,-9
-1,-125,-7
-2,-125,-5
-2,-125,-3
1,-125,-2
-1,-125,0
1,-125,1
-2,-125,2
-2,-125,5
-1,-125,6
-1,-125,7
1,-125,8
1,-125,13
1,-125,15
-3,-125,19
-1,-125,21
-1,-125,23
1,-125,25
-1,-125,26
1,-125,27
0,-125,31
-2,-125,34
-1,-125,35
-1,-125,36
1,-125,37
-3,-125,41
-1,-125,43
-1,-125,45
-1,-125,48
1,-125,49
0,-125,52
1,-125,55
-1,-125,56
1,-125,57
1,-125,59
-2,-125,60
-1,-125,62
-1,-125,63
-1,-125,64
-1,-125,65
-2,-125,67
1,-125,68
3,-125,69
-1,-125,75
0,-125,82
-1,-125,86
1,-125,87
1,-125,88
-1,-125,89
-1,-125,91
-1,-125,92
-1,-125,93
-3,-125,99
-1,-125,100
-1,-125,102
-2,-125,104
-3,-125,105
0,-125,106
-2,-125,108
1,-125,109
-1,-125,110
-2,-125,112
1,-125,114
-1,-125,118
0,-125,120
-1,-125,121
-1,-125,122
-2,-125,127
1,-125,128
0,-125,130
3,-125,131
1,-125,133
-1,-125,135
0,-125,136
-1,-125,137
1,-125,138
1,-125,139
0,-125,140
0,-125,141
1,-125,142
-3,-125,145
1,-125,146
0,-125,150
-1,-125,151
1,-125,153
-1,-125,155
-1,-125,156
-1,-125,160
-2,-125,161
1,-125,163
-1,-125,164
0,-125,168
1,-125,169
1,-125,174
0,-125,175
-1,-125,176
1,-125,181
1,-125,188
-1,-125,190
-1,-125,192
-2,-125,194
-1,-125,196
-2,-125,199
-1,-125,203
-3,-125,205
1,-125,206
-2,-125,207
1,-125,208
0,-125,209
-1,-125,210
0,-125,211
0,-125,212
-2,-125,214
0,-125,215
2,-125,216
-1,-125,217
1,-125,218
2,-125,219
1,-125,220
6,-125,221
3,-125,222
2,-125,223
3,-125,225
3,-125,226
2,-125,227
-1,-125,229
3,-125,230
2,-125,231
2,-125,232
1,-125,233
1,-125,234
3,-125,235
3,-125,236
1,-125,238
3,-125,239
1,-125,240
1,-125,241
2,-125,242
1,-125,243
2,-125,246
1,-125,248
3,-125,249
1,-125,251
1,-125,252
2,-125,253
0,-125,257
1,-125,262
1,-125,274
1,-125,278
1,-125,279
1,-125,292
1,-125,309
1,-125,466
-1,-124,-51
-1,-124,-40
-1,-124,-32
-1,-124,-27
-1,-124,-25
-1,-124,-23
-2,-124,-16
-1,-124,-13
0,-124,-6
-1,-124,-5
-2,-124,-3
-2,-124,-2
-6,-124,0
-1,-124,1
-1,-124,2
-3,-124,4
-2,-124,5
1,-124,6
-1,-124,7
0,-124,8
1,-124,9
0,-124,10
-1,-124,11
-1,-124,12
-3,-124,13
0,-124,15
1,-124,16
-1,-124,17
-2,-124,19
0,-124,21
-1,-124,23
-3,-124,26
2,-124,27
-2,-124,28
1,-124,29
-5,-124,30
-1,-124,31
1,-124,32
-2,-124,34
0,-124,36
1,-124,37
1,-124,38
-4,-124,42
1,-124,43
0,-124,45
-2,-124,47
-2,-124,49
-2,-124,51
-2,-124,53
1,-124,55
-2,-124,57
-3,-124,63
1,-124,68
1,-124,69
-1,-124,70
-1,-124,72
-1,-124,74
-2,-124,76
0,-124,83
1,-124,84
-2,-124,85
-1,-124,87
2,-124,88
-2,-124,89
-1,-124,91
-2,-124,93
1,-124,94
1,-124,95
-4,-124,97
-3,-124,98
1,-124,99
1,-124,104
1,-124,105
0,-124,106
-3,-124,108
-1,-124,109
-5,-124,112
0,-124,114
-2,-124,116
-2,-124,117
-1,-124,118
-1,-124,119
-4,-124,120
-1,-124,122
-2,-124,125
-1,-124,126
-1,-124,127
-1,-124,128
-2,-124,129
0,-124,131
-1,-124,133
-2,-124,135
-1,-124,136
-1,-124,137
-1,-124,139
-3,-124,141
0,-124,143
-1,-124,144
-1,-124,145
-4,-124,150
-1,-124,151
1,-124,152
-1,-124,154
-1,-124,156
-1,-124,160
-1,-124,163
1,-124,164
0,-124,166
-1,-124,167
-2,-124,169
-2,-124,171
-2,-124,173
1,-124,174
2,-124,178
-2,-124,181
-1,-124,184
-1,-124,190
-1,-124,192
1,-124,194
-2,-124,207
-1,-124,209
1,-124,210
1,-124,211
-1,-124,213
1,-124,214
-1,-124,215
2,-124,216
-1,-124,218
0,-124,219
1,-124,220
3,-124,221
2,-124,222
1,-124,223
-3,-124,224
2,-124,225
0,-124,226
1,-124,227
-1,-124,228
2,-124,229
-1,-124,230
2,-124,231
1,-124,232
2,-124,233
3,-124,234
3,-124,235
4,-124,236
2,-124,237
1,-124,238
3,-124,239
1,-124,240
1,-124,241
5,-124,242
1,-124,243
1,-124,244
-2,-124,245
2,-124,246
1,-124,252
1,-124,256
-1,-124,257
1,-124,263
1,-124,267
-1,-124,268
1,-124,289
1,-124,301
1,-124,449
-2,-123,-18
0,-123,-6
-1,-123,-3
1,-123,-2
2,-123,-1
-1,-123,0
2,-123,1
0,-123,5
1,-123,6
1,-123,8
3,-123,11
1,-123,17
-1,-123,20
1,-123,22
1,-123,24
1,-123,28
-2,-123,31
1,-123,34
0,-123,35
-1,-123,36
1,-123,37
1,-123,40
0,-123,43
1,-123,44
-1,-123,49
1,-123,55
1,-123,56
1,-123,57
1,-123,58
1,-123,61
2,-123,63
-1,-123,66
-1,-123,72
-1,-123,74
2,-123,78
1,-123,79
-1,-123,84
-1,-123,87
1,-123,88
2,-123,89
-2,-123,94
0,-123,97
-1,-123,100
1,-123,103
-1,-123,104
-1,-123,105
1,-123,109
1,-123,110
-2,-123,117
1,-123,118
1,-123,119
0,-123,120
1,-123,122
-1,-123,123
-2,-123,125
-1,-123,126
-2,-123,128
-1,-123,130
1,-123,132
1,-123,134
1,-123,136
-2,-123,137
-1,-123,138
0,-123,140
1,-123,144
2,-123,146
-1,-123,148
-1,-123,150
-1,-123,151
-1,-123,153
-4,-123,155
-2,-123,156
-1,-123,160
1,-123,163
-1,-123,168
-2,-123,174
1,-123,176
-1,-123,178
-1,-123,184
1,-123,186
1,-123,190
1,-123,199
1,-123,200
1,-123,206
-1,-123,207
0,-123,209
-1,-123,210
-2,-123,212
0,-123,214
0,-123,215
0,-123,217
2,-123,218
0,-123,219
2,-123,220
7,-123,221
1,-123,222
1,-123,223
3,-123,225
3,-123,226
3,-123,227
2,-123,228
1,-123,229
3,-123,230
8,-123,231
3,-123,232
2,-123,233
1,-123,234
2,-123,235
2,-123,236
1,-123,237
1,-123,238
2,-123,239
1,-123,240
2,-123,241
1,-123,242
2,-123,243
1,-123,244
1,-123,245
2,-123,246
1,-123,248
1,-123,249
1,-123,251
3,-123,252
3,-123,256
1,-123,258
2,-123,259
1,-123,262
1,-123,264
1,-123,305
-1,-123,370
-1,-123,395
-1,-122,-27
-1,-122,-26
-1,-122,-22
-1,-122,-21
-1,-122,-19
-1,-122,-16
-1,-122,-14
-1,-122,-13
-1,-122,-12
-1,-122,-9
-1,-122,-8
-1,-122,-6
-3,-122,-5
-2,-122,-4
-1,-122,-3
-1,-122,-2
-3,-122,0
-1,-122,2
-2,-122,4
1,-122,6
-6,-122,7
-1,-122,9
-1,-122,10
-1,-122,11
0,-122,12
-4,-122,13
-1,-122,15
-3,-122,17
-3,-122,21
-2,-122,26
-1,-122,28
1,-122,29
-1,-122,30
-3,-122,31
-2,-122,34
-3,-122,36
-2,-122,40
0,-122,41
0,-122,43
-1,-122,44
-1,-122,45
0,-122,47
-1,-122,52
-1,-122,56
-1,-122,57
-1,-122,62
-1,-122,63
-2,-122,65
-1,-122,67
-3,-122,68
-2,-122,71
-1,-122,72
-1,-122,80
-2,-122,82
-1,-122,85
-2,-122,86
-1,-122,87
-1,-122,88
-1,-122,90
0,-122,95
1,-122,96
-3,-122,97
0,-122,99
-1,-122,100
-1,-122,101
-2,-122,102
-2,-122,108
1,-122,111
-2,-122,112
1,-122,113
-2,-122,116
1,-122,117
-3,-122,118
-2,-122,122
-1,-122,123
-1,-122,127
-1,-122,129
-1,-122,130
-4,-122,133
-1,-122,134
-1,-122,135
-1,-122,137
-3,-122,138
-4,-122,140
-1,-122,141
-1,-122,144
-3,-122,145
0,-122,146
1,-122,147
-2,-122,148
-1,-122,149
-1,-122,150
-1,-122,151
-1,-122,152
-1,-122,154
-1,-122,156
-1,-122,157
-2,-122,158
-1,-122,161
-1,-122,167
0,-122,169
-1,-122,171
-1,-122,173
-1,-122,174
-1,-122,178
-3,-122,179
-1,-122,184
-1,-122,186
-2,-122,192
-1,-122,194
1,-122,196
-1,-122,198
-1,-122,199
-1,-122,201
-2,-122,203
-1,-122,205
-1,-122,206
-1,-122,207
-2,-122,209
-2,-122,212
-1,-122,213
-1,-122,214
-2,-122,215
-1,-122,218
-1,-122,219
-2,-122,220
2,-122,222
1,-122,224
-2,-122,225
0,-122,226
0,-122,228
1,-122,230
0,-122,232
1,-122,234
3,-122,235
-1,-122,236
2,-122,238
1,-122,239
0,-122,243
-1,-122,247
1,-122,259
1,-122,268
1,-122,291
-2,-121,-36
-1,-121,-31
-1,-121,-29
-4,-121,-23
1,-121,-16
-2,-121,-12
-3,-121,-10
0,-121,-8
-1,-121,-5
-1,-121,-3
-1,-121,-1
0,-121,0
0,-121,1
-2,-121,3
-4,-121,5
-2,-121,8
-3,-121,10
1,-121,11
1,-121,13
-3,-121,14
-2,-121,16
2,-121,17
0,-121,21
1,-121,24
1,-121,25
-1,-121,27
1,-121,28
-3,-121,29
1,-121,32
-2,-121,33
-1,-121,36
-1,-121,38
-1,-121,40
1,-121,41
-4,-121,46
-3,-121,48
1,-121,52
-2,-121,55
2,-121,56
-1,-121,59
-1,-121,61
1,-121,62
-1,-121,63
-1,-121,66
1,-121,67
1,-121,71
-1,-121,72
-2,-121,74
-1,-121,78
1,-121,80
-1,-121,82
-2,-121,83
0,-121,85
-3,-121,89
0,-121,91
-1,-121,93
1,-121,94
1,-121,95
0,-121,96
1,-121,98
1,-121,101
-2,-121,104
-1,-121,106
1,-121,108
-1,-121,109
-3,-121,113
0,-121,115
1,-121,117
-2,-121,119
1,-121,120
1,-121,121
1,-121,128
-2,-121,130
-1,-121,132
1,-121,133
-1,-121,136
1,-121,137
-1,-121,141
1,-121,142
-1,-121,145
-1,-121,149
-4,-121,151
1,-121,155
-1,-121,156
1,-121,159
-1,-121,164
-1,-121,166
-3,-121,171
-2,-121,175
-2,-121,177
-1,-121,186
-1,-121,188
-1,-121,196
-3,-121,209
-1,-121,212
0,-121,214
3,-121,215
-2,-121,216
1,-121,217
1,-121,218
1,-121,219
1,-121,220
2,-121,221
3,-121,222
-2,-121,224
2,-121,228
1,-121,229
2,-121,230
3,-121,231
6,-121,232
3,-121,233
4,-121,235
3,-121,236
2,-121,237
4,-121,239
2,-121,240
1,-121,241
0,-121,242
2,-121,243
2,-121,245
1,-121,246
1,-121,247
1,-121,248
2,-121,251
2,-121,253
1,-121,254
1,-121,256
2,-121,265
1,-121,284
1,-121,285
1,-121,298
-1,-120,-29
-1,-120,-9
0,-120,-7
-1,-120,-5
-1,-120,-3
-1,-120,-1
-2,-120,0
-1,-120,2
-2,-120,5
0,-120,6
-2,-120,7
-1,-120,10
-2,-120,13
-3,-120,15
1,-120,16
-1,-120,17
-2,-120,20
1,-120,21
1,-120,23
-1,-120,25
-1,-120,26
1,-120,29
-3,-120,30
1,-120,31
1,-120,32
1,-120,34
-1,-120,35
0,-120,36
1,-120,38
-2,-120,39
-1,-120,41
-1,-120,45
-1,-120,46
-1,-120,49
1,-120,53
1,-120,55
0,-120,56
1,-120,57
-1,-120,58
0,-120,60
-1,-120,62
-1,-120,64
-1,-120,65
-1,-120,66
1,-120,67
1,-120,68
-1,-120,71
-1,-120,72
1,-120,74
1,-120,79
1,-120,80
-1,-120,81
-1,-120,82
-1,-120,84
-1,-120,86
-1,-120,88
-1,-120,89
1,-120,92
-1,-120,93
-3,-120,95
-1,-120,99
1,-120,102
-1,-120,105
1,-120,106
-1,-120,109
1,-120,111
-1,-120,112
-1,-120,114
1,-120,116
-1,-120,117
-1,-120,118
-1,-120,119
-1,-120,120
1,-120,122
1,-120,125
0,-120,127
-2,-120,128
1,-120,132
-1,-120,133
-1,-120,134
-1,-120,135
0,-120,136
-1,-120,138
-3,-120,140
-1,-120,141
-1,-120,142
1,-120,144
2,-120,146
-1,-120,150
-2,-120,151
-1,-120,155
-1,-120,156
-1,-120,158
-1,-120,160
1,-120,161
1,-120,163
1,-120,164
-2,-120,166
-2,-120,173
-1,-120,174
1,-120,183
-1,-120,189
1,-120,190
-1,-120,194
-1,-120,197
-1,-120,199
-1,-120,203
1,-120,206
1,-120,210
1,-120,212
0,-120,214
3,-120,215
-1,-120,216
1,-120,218
0,-120,219
3,-120,220
3,-120,221
2,-120,222
-1,-120,223
3,-120,224
3,-120,225
1,-120,227
2,-120,228
3,-120,229
7,-120,230
0,-120,232
2,-120,233
3,-120,234
3,-120,235
3,-120,237
2,-120,238
2,-120,239
1,-120,240
2,-120,242
3,-120,243
1,-120,245
3,-120,246
1,-120,247
3,-120,248
2,-120,251
1,-120,252
1,-120,253
1,-120,254
1,-120,255
1,-120,262
2,-120,263
1,-120,265
1,-120,269
-1,-120,389
1,-120,632
-1,-119,-36
-1,-119,-23
1,-119,-20
-1,-119,-18
-4,-119,-16
-3,-119,-15
-1,-119,-14
0,-119,-13
-1,-119,-12
-1,-119,-11
-1,-119,-10
1,-119,-8
-2,-119,-5
0,-119,-4
-1,-119,-3
-2,-119,-1
-6,-119,0
-3,-119,1
-3,-119,3
0,-119,4
-6,-119,5
-2,-119,7
-1,-119,10
-5,-119,11
-3,-119,12
1,-119,13
-1,-119,14
-1,-119,15
0,-119,16
-6,-119,18
-2,-119,19
1,-119,20
-4,-119,21
-3,-119,23
-3,-119,25
-4,-119,26
-4,-119,27
-1,-119,28
-2,-119,29
-1,-119,30
-2,-119,32
-6,-119,33
-2,-119,36
0,-119,38
-3,-119,40
-1,-119,42
2,-119,43
-1,-119,44
-1,-119,45
-1,-119,46
-1,-119,47
0,-119,48
-2,-119,49
1,-119,50
-2,-119,51
-5,-119,53
0,-119,55
-4,-119,57
-4,-119,59
-1,-119,61
-3,-119,63
-5,-119,68
0,-119,70
-1,-119,72
-2,-119,74
-5,-119,76
-1,-119,78
-2,-119,80
-3,-119,81
-1,-119,82
-2,-119,85
1,-119,86
-1,-119,87
-1,-119,89
-11,-119,91
-3,-119,93
1,-119,95
-4,-119,97
-1,-119,99
-2,-119,100
1,-119,102
-2,-119,104
-1,-119,106
2,-119,107
-1,-119,110
-1,-119,112
-1,-119,113
-4,-119,114
-3,-119,115
-3,-119,118
1,-119,120
-3,-119,121
2,-119,123
-1,-119,125
-3,-119,126
-6,-119,128
0,-119,130
-2,-119,131
-1,-119,133
-1,-119,135
1,-119,136
-1,-119,139
-1,-119,141
-1,-119,143
-1,-119,144
-3,-119,145
-1,-119,146
1,-119,148
-2,-119,150
0,-119,152
-2,-119,154
-2,-119,156
-2,-119,158
1,-119,159
-2,-119,162
-3,-119,163
1,-119,164
-1,-119,166
1,-119,168
-2,-119,169
-2,-119,173
-1,-119,179
1,-119,182
2,-119,183
-3,-119,186
-3,-119,190
-1,-119,194
-1,-119,201
-1,-119,209
-1,-119,210
-2,-119,212
-2,-119,213
4,-119,218
3,-119,219
1,-119,220
1,-119,222
1,-119,223
2,-119,224
1,-119,225
-3,-119,226
1,-119,227
2,-119,228
2,-119,229
2,-119,230
4,-119,231
-1,-119,232
2,-119,234
1,-119,235
-2,-119,236
-1,-119,237
-1,-119,238
3,-119,239
3,-119,240
2,-119,241
2,-119,242
2,-119,243
2,-119,244
-1,-119,245
2,-119,246
5,-119,247
1,-119,248
2,-119,249
3,-119,251
1,-119,252
0,-119,253
1,-119,254
1,-119,256
2,-119,257
1,-119,258
1,-119,259
1,-119,263
2,-119,267
1,-119,269
1,-119,274
1,-119,275
1,-119,299
1,-119,300
-1,-119,311
-1,-119,316
-1,-119,356
1,-119,371
0,-118,-25
-1,-118,-23
-1,-118,-16
-1,-118,-14
-1,-118,-6
-1,-118,-5
-1,-118,-1
-3,-118,0
-1,-118,2
-1,-118,3
3,-118,4
-3,-118,7
-3,-118,8
-1,-118,10
1,-118,12
1,-118,13
-1,-118,15
-1,-118,18
-2,-118,19
1,-118,20
-1,-118,23
1,-118,25
-2,-118,26
1,-118,31
0,-118,32
-1,-118,35
-2,-118,36
-1,-118,39
1,-118,40
-1,-118,41
-1,-118,43
-2,-118,45
-1,-118,49
-1,-118,51
-2,-118,56
-4,-118,60
-1,-118,69
-1,-118,73
1,-118,74
1,-118,77
-1,-118,78
2,-118,80
-1,-118,82
2,-118,83
-2,-118,87
-1,-118,88
0,-118,90
1,-118,91
1,-118,92
-1,-118,95
-1,-118,100
-2,-118,101
1,-118,102
-1,-118,105
-1,-118,110
-3,-118,112
1,-118,113
-1,-118,116
-1,-118,119
-1,-118,120
1,-118,121
-2,-118,122
-2,-118,123
-2,-118,125
-1,-118,128
0,-118,129
1,-118,130
1,-118,131
-1,-118,132
-1,-118,135
0,-118,138
-1,-118,140
1,-118,141
1,-118,142
-1,-118,143
1,-118,144
-1,-118,146
0,-118,147
0,-118,148
0,-118,151
1,-118,154
-2,-118,155
-1,-118,156
-2,-118,158
1,-118,159
-1,-118,160
-1,-118,161
-1,-118,164
-1,-118,166
1,-118,167
-1,-118,168
-1,-118,169
1,-118,170
-1,-118,173
-1,-118,174
-1,-118,176
1,-118,180
-2,-118,186
-1,-118,194
-2,-118,201
-1,-118,203
-4,-118,205
-2,-118,212
-3,-118,214
0,-118,215
1,-118,218
1,-118,219
2,-118,220
2,-118,221
2,-118,222
1,-118,224
1,-118,225
2,-118,226
2,-118,227
1,-118,228
3,-118,229
2,-118,230
1,-118,231
4,-118,232
1,-118,233
4,-118,234
3,-118,236
1,-118,237
2,-118,238
3,-118,239
1,-118,240
2,-118,242
1,-118,243
3,-118,244
-1,-118,245
3,-118,246
1,-118,247
1,-118,248
2,-118,253
2,-118,256
1,-118,257
1,-118,259
1,-118,278
-1,-118,322
-1,-118,501
-1,-117,-33
-1,-117,-25
-1,-117,-23
-1,-117,-18
-1,-117,-16
-3,-117,-14
-1,-117,-13
-1,-117,-12
-1,-117,-11
-2,-117,-10
-2,-117,-8
-1,-117,-5
-4,-117,-3
-5,-117,-2
-2,-117,-1
-5,-117,0
-1,-117,1
-1,-117,2
-2,-117,3
-1,-117,4
-3,-117,5
-3,-117,8
-1,-117,9
-3,-117,10
-2,-117,12
-3,-117,13
-6,-117,16
-2,-117,18
-1,-117,19
1,-117,21
-2,-117,23
-2,-117,26
-1,-117,27
-1,-117,28
-2,-117,30
0,-117,31
0,-117,32
-4,-117,33
-2,-117,34
-2,-117,36
-2,-117,38
-2,-117,40
-2,-117,42
-1,-117,44
-1,-117,45
-2,-117,46
-1,-117,47
-2,-117,48
-1,-117,49
-2,-117,51
0,-117,53
-3,-117,55
-1,-117,57
-2,-117,59
-5,-117,61
1,-117,64
-2,-117,68
-1,-117,70
1,-117,71
-4,-117,76
0,-117,83
-1,-117,84
-1,-117,85
-2,-117,89
-2,-117,93
-1,-117,97
-1,-117,102
-1,-117,105
-1,-117,106
-3,-117,110
-2,-117,112
-1,-117,113
-2,-117,114
-2,-117,116
-3,-117,118
-2,-117,119
-2,-117,120
-1,-117,122
-3,-117,123
1,-117,124
-1,-117,125
-2,-117,128
-1,-117,130
-1,-117,133
0,-117,134
-1,-117,135
-2,-117,136
-2,-117,137
0,-117,138
-4,-117,141
-1,-117,143
-1,-117,144
-3,-117,145
1,-117,147
-2,-117,148
-1,-117,149
-3,-117,150
-1,-117,151
-1,-117,152
-1,-117,153
-3,-117,154
-1,-117,155
-3,-117,156
1,-117,157
-2,-117,158
0,-117,161
-3,-117,162
-3,-117,163
-1,-117,166
1,-117,168
-3,-117,169
-2,-117,171
-1,-117,174
-2,-117,176
-2,-117,179
-1,-117,181
-1,-117,184
-1,-117,201
-1,-117,209
-1,-117,211
-3,-117,212
-1,-117,213
-3,-117,214
-1,-117,215
-3,-117,216
-3,-117,217
-3,-117,218
-1,-117,219
1,-117,221
-1,-117,222
-1,-117,224
1,-117,225
-1,-117,226
0,-117,227
-1,-117,228
-1,-117,229
-2,-117,230
2,-117,231
0,-117,232
0,-117,233
1,-117,234
-1,-117,235
0,-117,236
0,-117,237
2,-117,239
-1,-117,244
-1,-117,250
1,-117,251
1,-117,252
2,-117,256
1,-117,289
-1,-117,662
-1,-116,-20
-1,-116,-14
-1,-116,-12
-1,-116,-7
2,-116,-5
-1,-116,-3
1,-116,1
-1,-116,2
1,-116,4
-1,-116,6
1,-116,9
-1,-116,10
-2,-116,13
2,-116,16
1,-116,17
1,-116,18
-1,-116,19
1,-116,21
1,-116,22
-2,-116,23
1,-116,24
1,-116,25
-1,-116,28
1,-116,29
1,-116,31
-1,-116,35
1,-116,36
0,-116,43
-1,-116,45
1,-116,48
-1,-116,52
1,-116,54
-1,-116,56
-1,-116,58
2,-116,60
1,-116,64
1,-116,65
-1,-116,67
1,-116,71
-1,-116,73
-1,-116,75
1,-116,84
1,-116,87
-2,-116,88
1,-116,89
1,-116,94
1,-116,97
-1,-116,99
1,-116,100
1,-116,101
-1,-116,103
-1,-116,110
2,-116,111
-2,-116,112
1,-116,113
-1,-116,116
1,-116,120
1,-116,121
-1,-116,122
0,-116,123
-1,-116,132
0,-116,134
2,-116,136
-1,-116,138
-1,-116,140
1,-116,142
1,-116,144
-2,-116,145
-1,-116,147
1,-116,148
0,-116,153
-1,-116,155
0,-116,160
-1,-116,166
1,-116,179
1,-116,181
1,-116,183
-1,-116,197
-1,-116,201
-1,-116,203
0,-116,205
-1,-116,207
1,-116,213
-1,-116,214
1,-116,215
1,-116,216
0,-116,218
2,-116,219
2,-116,220
2,-116,221
2,-116,222
3,-116,224
1,-116,225
3,-116,226
2,-116,227
3,-116,229
2,-116,230
5,-116,231
1,-116,232
4,-116,233
6,-116,234
2,-116,235
2,-116,236
1,-116,237
2,-116,238
2,-116,239
2,-116,240
2,-116,241
4,-116,242
4,-116,243
2,-116,246
1,-116,248
1,-116,249
2,-116,250
1,-116,251
3,-116,252
1,-116,256
1,-116,260
1,-116,262
1,-116,265
1,-116,269
1,-116,270
1,-116,275
1,-116,278
1,-116,279
1,-116,287
-1,-115,-40
-1,-115,-38
-1,-115,-36
-1,-115,-32
-2,-115,-31
-3,-115,-29
-1,-115,-25
-2,-115,-23
-1,-115,-21
-1,-115,-19
-2,-115,-18
-1,-115,-16
-3,-115,-14
-2,-115,-13
-1,-115,-11
-1,-115,-10
-4,-115,-8
-2,-115,-6
0,-115,-5
2,-115,-4
-3,-115,-3
-2,-115,-1
-14,-115,0
-1,-115,1
-3,-115,2
-5,-115,3
-1,-115,4
-6,-115,5
-1,-115,7
-3,-115,8
-1,-115,9
0,-115,10
0,-115,11
-3,-115,12
-1,-115,13
-1,-115,14
-1,-115,16
-1,-115,17
-2,-115,18
-1,-115,19
1,-115,20
-3,-115,21
0,-115,22
-5,-115,23
-1,-115,25
-2,-115,27
-1,-115,30
1,-115,31
-2,-115,33
-1,-115,34
-1,-115,36
-2,-115,38
-2,-115,40
-2,-115,42
1,-115,43
-3,-115,44
-1,-115,45
-1,-115,46
-2,-115,48
-1,-115,49
-2,-115,53
0,-115,55
-1,-115,56
-4,-115,57
-1,-115,59
1,-115,60
-4,-115,63
2,-115,64
-3,-115,66
-1,-115,68
1,-115,70
-1,-115,72
-2,-115,76
-1,-115,78
-1,-115,81
-2,-115,82
-1,-115,83
-3,-115,89
-3,-115,91
-1,-115,93
-2,-115,95
-2,-115,98
-1,-115,101
-1,-115,102
-4,-115,106
-2,-115,108
-1,-115,109
-3,-115,110
2,-115,111
-1,-115,112
-1,-115,115
-1,-115,116
-2,-115,117
-1,-115,119
-2,-115,121
0,-115,122
-1,-115,123
-4,-115,124
-1,-115,125
-4,-115,127
-2,-115,129
-2,-115,130
-1,-115,132
-5,-115,133
-1,-115,137
-2,-115,141
-5,-115,143
-1,-115,144
-1,-115,145
0,-115,147
-1,-115,148
-1,-115,149
-1,-115,150
-1,-115,151
-1,-115,153
-5,-115,154
-1,-115,155
-3,-115,156
-1,-115,158
-4,-115,160
-1,-115,161
0,-115,162
-1,-115,164
-1,-115,166
3,-115,168
-1,-115,169
-3,-115,171
-1,-115,173
-1,-115,176
0,-115,181
-2,-115,183
1,-115,185
0,-115,188
1,-115,189
-1,-115,191
-1,-115,194
-1,-115,196
-1,-115,197
-1,-115,201
-1,-115,207
-1,-115,209
-1,-115,210
-2,-115,212
-1,-115,213
-2,-115,214
-1,-115,215
-3,-115,216
-1,-115,217
-2,-115,218
0,-115,219
-1,-115,220
-2,-115,222
1,-115,224
-1,-115,225
-4,-115,226
1,-115,227
0,-115,228
0,-115,229
3,-115,230
0,-115,231
3,-115,232
3,-115,233
1,-115,234
2,-115,235
1,-115,236
1,-115,237
2,-115,239
0,-115,240
1,-115,241
-1,-115,243
-1,-115,245
2,-115,246
-2,-115,247
1,-115,248
-1,-115,252
2,-115,253
1,-115,255
1,-115,256
1,-115,257
1,-115,258
1,-115,259
1,-115,260
1,-115,268
2,-115,269
1,-115,270
1,-115,332
-1,-115,621
1,-114,-6
1,-114,-5
1,-114,-2
-1,-114,-1
-1,-114,0
0,-114,4
1,-114,5
0,-114,6
1,-114,7
1,-114,8
1,-114,9
1,-114,10
1,-114,11
1,-114,15
1,-114,16
-1,-114,17
0,-114,19
-1,-114,21
1,-114,22
1,-114,24
-1,-114,26
-1,-114,30
1,-114,35
2,-114,36
-1,-114,39
-1,-114,41
1,-114,43
-1,-114,49
-2,-114,54
1,-114,57
1,-114,64
-1,-114,67
1,-114,68
1,-114,69
1,-114,78
-1,-114,82
-2,-114,88
1,-114,94
-1,-114,95
1,-114,96
0,-114,97
1,-114,100
1,-114,104
1,-114,107
-2,-114,110
-1,-114,112
1,-114,117
1,-114,119
1,-114,122
-1,-114,123
1,-114,125
1,-114,126
-1,-114,129
-3,-114,138
2,-114,146
1,-114,150
2,-114,152
1,-114,154
1,-114,155
-1,-114,160
1,-114,167
1,-114,172
2,-114,174
1,-114,180
-1,-114,192
0,-114,194
-2,-114,205
-1,-114,210
1,-114,215
1,-114,216
1,-114,217
1,-114,219
1,-114,220
1,-114,221
2,-114,224
3,-114,225
3,-114,226
1,-114,228
3,-114,229
2,-114,230
4,-114,231
1,-114,232
2,-114,233
1,-114,234
4,-114,235
6,-114,236
1,-114,239
2,-114,240
1,-114,241
3,-114,243
1,-114,245
4,-114,246
1,-114,247
1,-114,248
-1,-114,249
1,-114,254
2,-114,257
2,-114,260
1,-114,261
1,-114,262
1,-114,263
1,-114,265
1,-114,267
1,-114,273
1,-114,279
1,-114,316
-1,-113,-40
-1,-113,-31
-2,-113,-29
-2,-113,-23
-1,-113,-21
-1,-113,-19
-2,-113,-16
-2,-113,-13
1,-113,-12
-2,-113,-10
1,-113,-9
-4,-113,-8
1,-113,-7
-2,-113,-6
-4,-113,-5
-3,-113,-3
-4,-113,-1
-5,-113,0
-1,-113,1
-1,-113,2
-4,-113,3
-1,-113,4
-3,-113,5
0,-113,6
-2,-113,7
1,-113,8
1,-113,9
-3,-113,10
-2,-113,12
0,-113,13
-1,-113,14
-2,-113,15
0,-113,16
-1,-113,17
1,-113,18
0,-113,19
1,-113,20
-3,-113,21
1,-113,24
-2,-113,25
1,-113,26
-3,-113,27
-1,-113,29
-3,-113,30
-5,-113,31
-1,-113,33
-2,-113,36
-3,-113,40
-3,-113,42
-3,-113,44
-1,-113,46
-1,-113,48
-2,-113,51
-2,-113,53
-1,-113,55
-1,-113,57
1,-113,58
-1,-113,59
-3,-113,61
-1,-113,63
2,-113,64
0,-113,66
1,-113,67
-1,-113,68
-1,-113,72
1,-113,73
-1,-113,74
-3,-113,76
1,-113,77
1,-113,79
-2,-113,80
-1,-113,81
1,-113,82
-1,-113,85
-2,-113,91
-1,-113,93
1,-113,95
-2,-113,97
-1,-113,98
-1,-113,99
-1,-113,100
2,-113,101
-1,-113,102
-5,-113,104
-1,-113,106
-1,-113,107
1,-113,109
0,-113,110
-1,-113,111
-1,-113,112
-1,-113,113
-1,-113,114
1,-113,115
-2,-113,116
1,-113,117
-1,-113,118
-3,-113,119
-1,-113,120
0,-113,121
0,-113,122
-2,-113,123
-1,-113,124
-1,-113,125
-1,-113,126
1,-113,127
-3,-113,128
-2,-113,130
1,-113,131
-2,-113,132
-4,-113,135
-3,-113,137
-1,-113,139
-1,-113,140
-2,-113,141
-3,-113,143
-3,-113,145
1,-113,146
-3,-113,148
-2,-113,149
-3,-113,150
-2,-113,151
-3,-113,152
-1,-113,153
-1,-113,154
1,-113,155
-1,-113,156
1,-113,157
-2,-113,158
-1,-113,163
-3,-113,164
-1,-113,165
-2,-113,169
-3,-113,171
-2,-113,173
-2,-113,174
1,-113,177
-2,-113,181
-1,-113,183
-2,-113,184
-1,-113,186
1,-113,187
1,-113,189
-1,-113,190
-1,-113,191
-2,-113,192
-1,-113,194
-1,-113,196
0,-113,199
-1,-113,200
-1,-113,209
1,-113,211
-1,-113,212
-1,-113,214
-1,-113,215
-2,-113,219
-2,-113,220
0,-113,222
-3,-113,224
3,-113,225
2,-113,226
5,-113,227
0,-113,228
2,-113,229
1,-113,230
3,-113,231
0,-113,232
-1,-113,233
4,-113,234
4,-113,235
1,-113,236
-1,-113,237
2,-113,238
1,-113,239
3,-113,240
0,-113,241
2,-113,242
4,-113,243
-1,-113,244
1,-113,247
1,-113,249
1,-113,251
-1,-113,253
1,-113,260
1,-113,272
1,-113,286
1,-113,290
-1,-113,390
-1,-112,-31
1,-112,-23
-1,-112,-20
-1,-112,-18
-2,-112,-9
-1,-112,-8
-2,-112,-5
1,-112,-4
-1,-112,-3
1,-112,-1
-2,-112,0
1,-112,1
-1,-112,3
-1,-112,4
-1,-112,6
-1,-112,8
1,-112,9
0,-112,10
-2,-112,13
1,-112,16
-3,-112,17
1,-112,18
-1,-112,19
1,-112,20
1,-112,21
0,-112,22
-1,-112,23
-2,-112,25
1,-112,27
-2,-112,30
1,-112,34
-1,-112,35
-1,-112,36
-1,-112,38
1,-112,42
1,-112,44
-1,-112,45
-1,-112,47
1,-112,50
-1,-112,51
-1,-112,56
0,-112,59
-1,-112,60
-1,-112,63
-1,-112,64
1,-112,67
-1,-112,69
1,-112,73
1,-112,83
-1,-112,84
-2,-112,86
-1,-112,88
1,-112,89
1,-112,90
-1,-112,93
2,-112,94
1,-112,96
1,-112,99
-1,-112,103
-2,-112,104
0,-112,106
-1,-112,108
1,-112,110
-2,-112,112
-1,-112,115
0,-112,119
-1,-112,120
0,-112,121
-2,-112,122
-1,-112,123
1,-112,124
-3,-112,125
1,-112,126
-2,-112,127
1,-112,130
1,-112,131
-1,-112,133
0,-112,134
-2,-112,135
-2,-112,138
1,-112,142
1,-112,143
-2,-112,145
0,-112,147
-1,-112,149
-1,-112,150
1,-112,152
-2,-112,155
-1,-112,156
1,-112,158
-1,-112,160
0,-112,161
-1,-112,164
0,-112,169
-1,-112,171
-1,-112,173
-1,-112,174
-1,-112,176
-1,-112,178
2,-112,179
-1,-112,181
-1,-112,184
-1,-112,188
-1,-112,191
-1,-112,197
-1,-112,203
-1,-112,207
-1,-112,209
-1,-112,210
-2,-112,212
1,-112,213
-1,-112,215
2,-112,216
-1,-112,218
-1,-112,219
-1,-112,220
1,-112,221
-3,-112,222
1,-112,223
0,-112,224
1,-112,225
1,-112,226
0,-112,229
1,-112,230
3,-112,231
3,-112,232
-2,-112,233
2,-112,234
0,-112,235
2,-112,236
1,-112,237
2,-112,238
1,-112,239
-1,-112,240
2,-112,241
2,-112,242
3,-112,243
2,-112,244
4,-112,246
2,-112,247
2,-112,248
1,-112,249
1,-112,250
2,-112,252
1,-112,256
1,-112,258
1,-112,261
1,-112,262
2,-112,263
1,-112,272
1,-112,275
1,-112,279
-1,-112,292
1,-112,294
1,-112,307
-1,-112,495
-1,-111,-16
-1,-111,-15
-2,-111,-14
-1,-111,-12
-3,-111,-10
-3,-111,-8
-1,-111,-6
-2,-111,-5
-3,-111,-4
-3,-111,-3
-2,-111,-2
-1,-111,-1
-3,-111,1
-3,-111,2
-2,-111,3
-4,-111,5
1,-111,6
1,-111,9
-2,-111,10
-2,-111,11
-1,-111,12
-4,-111,13
-1,-111,14
-5,-111,15
-1,-111,16
-1,-111,17
1,-111,19
-2,-111,21
1,-111,25
-2,-111,26
-2,-111,27
-1,-111,28
-2,-111,29
-1,-111,31
-2,-111,32
-2,-111,33
-1,-111,34
-1,-111,36
1,-111,37
-2,-111,38
-2,-111,40
-4,-111,42
-1,-111,45
0,-111,46
-1,-111,49
-1,-111,51
-2,-111,53
1,-111,55
-1,-111,57
-1,-111,59
-5,-111,61
-2,-111,63
1,-111,64
-2,-111,66
-2,-111,68
-1,-111,70
-2,-111,72
-2,-111,74
-3,-111,78
-4,-111,80
-1,-111,85
-5,-111,87
-3,-111,91
-3,-111,93
1,-111,94
-1,-111,96
0,-111,101
-1,-111,108
-3,-111,113
-2,-111,114
-1,-111,115
-1,-111,116
-1,-111,117
-1,-111,119
-2,-111,121
-2,-111,124
-2,-111,125
0,-111,127
-2,-111,128
-4,-111,130
-1,-111,131
-1,-111,132
-2,-111,134
-4,-111,135
1,-111,136
-2,-111,137
1,-111,138
-2,-111,139
-4,-111,141
-1,-111,143
1,-111,144
-1,-111,145
-1,-111,146
-2,-111,150
-2,-111,151
-2,-111,152
0,-111,154
-3,-111,156
-3,-111,158
0,-111,164
-1,-111,167
-2,-111,169
-2,-111,177
-1,-111,179
0,-111,184
1,-111,189
-1,-111,190
-2,-111,192
-2,-111,196
0,-111,203
-2,-111,217
-2,-111,218
-1,-111,219
-1,-111,220
0,-111,222
-1,-111,224
2,-111,226
-1,-111,227
2,-111,229
-1,-111,230
1,-111,231
-2,-111,232
-1,-111,234
-2,-111,236
1,-111,237
-1,-111,238
1,-111,239
1,-111,240
-1,-111,242
-1,-111,244
1,-111,245
1,-111,247
-1,-111,255
1,-111,257
-2,-111,259
-1,-110,-18
-1,-110,-6
-2,-110,-1
1,-110,1
-1,-110,2
-1,-110,5
-1,-110,7
1,-110,8
-1,-110,10
0,-110,12
1,-110,14
-1,-110,17
1,-110,21
-4,-110,28
2,-110,29
1,-110,32
-2,-110,35
0,-110,36
1,-110,43
1,-110,44
0,-110,45
-1,-110,51
-1,-110,55
1,-110,57
-1,-110,58
2,-110,60
2,-110,69
0,-110,71
1,-110,74
-1,-110,77
-1,-110,81
-1,-110,82
1,-110,84
-1,-110,86
1,-110,90
2,-110,91
2,-110,92
1,-110,96
-1,-110,100
1,-110,101
1,-110,104
1,-110,108
1,-110,110
1,-110,111
1,-110,118
0,-110,120
-1,-110,127
1,-110,128
-1,-110,130
-2,-110,135
1,-110,136
-1,-110,137
-3,-110,140
1,-110,141
-1,-110,143
-2,-110,145
-1,-110,146
-1,-110,150
0,-110,151
1,-110,154
-1,-110,155
-1,-110,156
1,-110,162
-1,-110,164
-1,-110,168
1,-110,169
-1,-110,173
-2,-110,174
-1,-110,176
-1,-110,178
-1,-110,183
-3,-110,184
-1,-110,189
-1,-110,212
-1,-110,214
1,-110,215
-2,-110,217
1,-110,221
1,-110,222
1,-110,224
4,-110,225
2,-110,227
-2,-110,229
5,-110,230
5,-110,231
0,-110,232
1,-110,233
1,-110,234
2,-110,235
3,-110,236
4,-110,237
1,-110,238
1,-110,240
2,-110,241
1,-110,242
3,-110,243
1,-110,244
2,-110,245
4,-110,246
1,-110,247
2,-110,248
1,-110,249
2,-110,250
1,-110,251
1,-110,254
-1,-110,255
1,-110,256
2,-110,257
1,-110,264
1,-110,265
1,-110,299
1,-110,337
-2,-109,-40
-2,-109,-29
-3,-109,-23
-1,-109,-19
-2,-109,-18
-3,-109,-16
-2,-109,-14
-1,-109,-12
-2,-109,-10
0,-109,-8
-1,-109,-7
-2,-109,-6
-4,-109,-5
-4,-109,-3
-4,-109,-1
-6,-109,0
-3,-109,1
-1,-109,2
-2,-109,3
-3,-109,4
-3,-109,5
-2,-109,6
-2,-109,7
-2,-109,8
-3,-109,9
-2,-109,10
0,-109,11
-1,-109,12
-1,-109,13
-1,-109,14
-3,-109,15
0,-109,17
-1,-109,18
-1,-109,19
1,-109,20
-5,-109,21
-1,-109,23
1,-109,25
-1,-109,26
-1,-109,27
0,-109,28
1,-109,29
-2,-109,30
4,-109,31
-1,-109,34
-2,-109,36
2,-109,41
-2,-109,42
0,-109,43
-2,-109,44
-2,-109,45
0,-109,46
-2,-109,47
-1,-109,48
-3,-109,49
0,-109,52
-2,-109,53
-1,-109,54
-3,-109,55
-2,-109,56
1,-109,58
-2,-109,60
-1,-109,61
-2,-109,62
-2,-109,63
1,-109,65
1,-109,68
-1,-109,69
1,-109,73
-1,-109,74
-1,-109,76
-2,-109,78
1,-109,80
-2,-109,81
-1,-109,82
-2,-109,83
1,-109,84
-1,-109,85
-1,-109,91
-2,-109,93
-2,-109,97
1,-109,99
-1,-109,100
-1,-109,101
-3,-109,104
-2,-109,106
-2,-109,108
0,-109,111
-2,-109,112
-2,-109,113
-1,-109,114
-1,-109,116
-1,-109,117
0,-109,118
0,-109,120
0,-109,125
-1,-109,127
-3,-109,128
-2,-109,129
-1,-109,131
0,-109,132
-1,-109,134
1,-109,135
-1,-109,136
2,-109,137
1,-109,138
1,-109,139
-1,-109,140
0,-109,141
-1,-109,142
0,-109,143
-1,-109,145
-1,-109,146
-1,-109,147
-3,-109,148
1,-109,149
-1,-109,150
-1,-109,152
-5,-109,154
-2,-109,156
-4,-109,158
2,-109,162
-2,-109,165
-1,-109,166
1,-109,167
-2,-109,171
-1,-109,173
-2,-109,177
-1,-109,179
-2,-109,181
-3,-109,184
-1,-109,188
-1,-109,190
-2,-109,192
-1,-109,194
-1,-109,200
-1,-109,201
-2,-109,203
-1,-109,205
-1,-109,214
0,-109,215
-1,-109,216
-1,-109,218
1,-109,219
-1,-109,220
1,-109,221
-2,-109,222
-1,-109,224
1,-109,225
2,-109,226
1,-109,227
2,-109,229
-2,-109,230
1,-109,231
3,-109,232
-2,-109,233
1,-109,234
3,-109,235
1,-109,236
1,-109,237
1,-109,238
6,-109,239
1,-109,240
3,-109,241
7,-109,242
2,-109,243
1,-109,244
3,-109,246
1,-109,247
2,-109,248
1,-109,249
3,-109,251
1,-109,252
-1,-109,253
2,-109,254
1,-109,256
1,-109,257
2,-109,260
2,-109,264
2,-109,267
1,-109,268
1,-109,273
1,-109,278
-1,-109,279
1,-109,280
1,-109,288
1,-109,299
1,-109,347
1,-108,-12
-2,-108,-6
-1,-108,-5
-2,-108,-1
1,-108,0
-1,-108,2
-1,-108,7
-2,-108,12
-1,-108,13
0,-108,15
-1,-108,20
1,-108,24
1,-108,25
-1,-108,26
-1,-108,28
1,-108,29
1,-108,31
-1,-108,33
1,-108,36
0,-108,38
1,-108,43
1,-108,46
1,-108,47
1,-108,49
-1,-108,51
1,-108,55
1,-108,57
1,-108,58
-1,-108,63
-2,-108,64
-1,-108,68
1,-108,74
-1,-108,76
0,-108,82
1,-108,84
1,-108,87
1,-108,88
-1,-108,91
1,-108,92
-1,-108,100
-1,-108,102
1,-108,104
-1,-108,105
-2,-108,109
0,-108,112
-3,-108,118
-3,-108,123
1,-108,125
0,-108,127
1,-108,129
-2,-108,130
0,-108,132
-1,-108,137
-2,-108,140
0,-108,141
-2,-108,143
1,-108,151
1,-108,154
1,-108,155
-1,-108,160
1,-108,164
-1,-108,166
-1,-108,173
1,-108,174
2,-108,175
-1,-108,179
-1,-108,183
1,-108,184
-1,-108,196
-1,-108,199
-2,-108,220
2,-108,221
0,-108,222
1,-108,224
3,-108,225
3,-108,227
3,-108,230
2,-108,231
1,-108,232
3,-108,234
2,-108,235
5,-108,236
3,-108,237
1,-108,238
1,-108,239
1,-108,240
1,-108,241
-1,-108,242
0,-108,243
2,-108,244
2,-108,246
2,-108,247
1,-108,248
1,-108,249
2,-108,251
2,-108,252
2,-108,253
2,-108,255
1,-108,258
2,-108,259
1,-108,260
1,-108,272
1,-108,277
-1,-108,304
1,-108,626
-1,-108,817
1,-107,-26
-1,-107,-25
-1,-107,-18
0,-107,-12
2,-107,-11
-1,-107,-9
1,-107,-8
-2,-107,-7
-1,-107,-6
-1,-107,-5
0,-107,-4
0,-107,-2
-1,-107,-1
-2,-107,0
1,-107,1
-1,-107,3
-2,-107,4
-1,-107,5
-1,-107,6
-1,-107,7
-1,-107,8
-1,-107,10
-1,-107,12
-1,-107,13
1,-107,14
1,-107,16
-3,-107,17
-1,-107,19
-1,-107,23
0,-107,25
-4,-107,26
1,-107,27
-1,-107,28
-1,-107,30
1,-107,40
-1,-107,41
1,-107,43
-1,-107,47
-1,-107,49
-1,-107,54
0,-107,55
-1,-107,56
1,-107,57
0,-107,58
1,-107,64
-1,-107,66
-1,-107,67
-1,-107,70
0,-107,71
0,-107,72
1,-107,73
-1,-107,74
-1,-107,77
-2,-107,78
1,-107,79
2,-107,80
-1,-107,81
0,-107,84
2,-107,85
-1,-107,91
-1,-107,93
-1,-107,95
-2,-107,97
-2,-107,99
1,-107,100
-1,-107,101
1,-107,109
-1,-107,110
-2,-107,112
1,-107,113
-1,-107,118
1,-107,119
-1,-107,123
0,-107,125
1,-107,126
-2,-107,127
-2,-107,128
1,-107,130
0,-107,131
0,-107,132
-2,-107,133
1,-107,134
0,-107,136
-1,-107,137
-1,-107,138
-4,-107,141
-1,-107,142
-2,-107,146
1,-107,147
-1,-107,148
0,-107,150
0,-107,151
0,-107,152
-1,-107,153
-1,-107,154
-1,-107,155
-1,-107,156
0,-107,158
-1,-107,160
-1,-107,163
-1,-107,165
0,-107,166
-1,-107,167
-3,-107,169
-2,-107,171
-1,-107,173
-1,-107,177
2,-107,178
1,-107,182
1,-107,184
-1,-107,191
-1,-107,194
-1,-107,196
1,-107,198
-2,-107,201
-1,-107,205
-1,-107,207
-1,-107,210
-2,-107,212
-1,-107,215
1,-107,216
-1,-107,222
1,-107,224
3,-107,227
1,-107,228
1,-107,229
3,-107,230
6,-107,231
4,-107,232
1,-107,233
2,-107,235
3,-107,236
1,-107,237
2,-107,238
5,-107,239
1,-107,240
5,-107,241
6,-107,242
3,-107,243
1,-107,244
1,-107,245
0,-107,247
1,-107,248
1,-107,249
2,-107,251
2,-107,252
3,-107,253
2,-107,254
2,-107,257
1,-107,258
1,-107,261
1,-107,264
1,-107,265
1,-107,268
1,-107,269
1,-107,283
1,-107,405
-2,-106,-12
-2,-106,-8
1,-106,-6
1,-106,-4
-1,-106,-1
-1,-106,0
-2,-106,5
-1,-106,8
2,-106,13
-2,-106,18
-1,-106,21
1,-106,28
1,-106,30
1,-106,34
-1,-106,36
0,-106,38
-2,-106,40
-2,-106,48
1,-106,49
1,-106,54
-1,-106,57
-2,-106,61
-1,-106,63
-1,-106,66
-2,-106,72
-2,-106,76
-1,-106,83
-1,-106,87
1,-106,90
-1,-106,91
1,-106,92
1,-106,99
-1,-106,104
1,-106,105
-1,-106,111
-1,-106,113
-3,-106,115
0,-106,117
-1,-106,121
-1,-106,124
-1,-106,126
-2,-106,128
-1,-106,134
1,-106,138
-1,-106,141
1,-106,142
-1,-106,145
-2,-106,149
1,-106,153
-1,-106,158
-1,-106,162
1,-106,165
-1,-106,166
1,-106,174
1,-106,175
1,-106,178
-1,-106,179
-1,-106,184
1,-106,187
-1,-106,188
-1,-106,196
-4,-106,216
-1,-106,218
-1,-106,220
-5,-106,224
-3,-106,227
-2,-106,229
1,-106,230
2,-106,234
2,-106,236
1,-106,237
2,-106,239
1,-106,244
1,-106,245
-1,-106,246
1,-106,247
-1,-106,250
2,-106,261
1,-106,267
-1,-106,289
1,-106,337
-1,-105,-28
-1,-105,-22
-1,-105,-16
-1,-105,-13
-2,-105,-11
-1,-105,-9
-2,-105,-8
-1,-105,-6
-1,-105,-3
-2,-105,-2
-4,-105,0
-3,-105,2
-4,-105,4
-1,-105,6
-7,-105,7
-2,-105,8
0,-105,9
0,-105,11
1,-105,12
-3,-105,13
3,-105,14
-4,-105,15
-1,-105,17
-2,-105,19
-3,-105,21
-1,-105,22
1,-105,25
-2,-105,26
-1,-105,28
1,-105,29
-1,-105,30
1,-105,31
-6,-105,32
1,-105,34
0,-105,36
0,-105,39
-2,-105,41
-2,-105,42
-3,-105,43
-3,-105,45
0,-105,46
-1,-105,47
1,-105,48
-1,-105,49
-2,-105,51
-1,-105,52
-2,-105,53
1,-105,55
-1,-105,56
0,-105,57
0,-105,59
-2,-105,60
-2,-105,63
-2,-105,68
-3,-105,72
-1,-105,75
-3,-105,76
-1,-105,78
-2,-105,80
0,-105,81
1,-105,83
-1,-105,84
-1,-105,87
1,-105,88
1,-105,90
-2,-105,91
-1,-105,95
-3,-105,97
-1,-105,101
-2,-105,104
1,-105,105
0,-105,106
-1,-105,108
-1,-105,109
-1,-105,110
-2,-105,112
-1,-105,114
1,-105,117
-1,-105,118
0,-105,119
-1,-105,120
-1,-105,122
-2,-105,123
-2,-105,125
0,-105,127
-1,-105,129
-1,-105,130
1,-105,131
-2,-105,132
-4,-105,133
1,-105,134
-4,-105,135
0,-105,136
0,-105,137
-1,-105,138
-2,-105,140
-4,-105,141
-2,-105,144
-2,-105,145
-2,-105,148
-3,-105,150
-3,-105,151
-1,-105,152
2,-105,153
-1,-105,156
1,-105,157
1,-105,158
-3,-105,160
1,-105,164
-1,-105,165
-2,-105,166
0,-105,167
1,-105,168
1,-105,169
1,-105,172
-1,-105,173
1,-105,174
1,-105,176
-1,-105,183
-3,-105,184
-1,-105,186
-1,-105,187
-1,-105,188
-1,-105,189
-1,-105,194
-1,-105,199
-1,-105,203
-1,-105,207
-1,-105,216
-2,-105,219
2,-105,220
1,-105,222
2,-105,225
-1,-105,226
-1,-105,227
1,-105,229
4,-105,230
4,-105,231
1,-105,232
0,-105,233
1,-105,234
2,-105,235
1,-105,236
3,-105,237
1,-105,238
3,-105,239
3,-105,240
1,-105,241
1,-105,242
2,-105,243
3,-105,244
2,-105,245
2,-105,246
1,-105,247
3,-105,248
2,-105,251
2,-105,252
-1,-105,253
1,-105,255
1,-105,257
2,-105,258
1,-105,269
1,-105,275
-1,-105,276
1,-105,281
1,-105,294
1,-105,316
1,-105,317
-1,-105,344
-1,-105,550
-6,-104,-36
-2,-104,-29
-2,-104,-23
-2,-104,-16
-1,-104,-14
-5,-104,-10
-2,-104,-8
1,-104,-6
-1,-104,-5
-5,-104,-3
-2,-104,-1
-6,-104,0
-5,-104,1
1,-104,2
1,-104,4
-1,-104,5
-1,-104,8
1,-104,9
-4,-104,10
-3,-104,12
-1,-104,13
-1,-104,14
-4,-104,16
-2,-104,18
-2,-104,21
-2,-104,23
2,-104,25
-5,-104,27
1,-104,28
-2,-104,29
-4,-104,31
-2,-104,33
-1,-104,36
-1,-104,38
-1,-104,40
1,-104,42
-3,-104,46
-3,-104,48
1,-104,49
-1,-104,51
1,-104,52
-3,-104,53
-2,-104,55
-2,-104,57
-3,-104,61
-1,-104,66
0,-104,68
1,-104,69
1,-104,71
-1,-104,72
-2,-104,76
1,-104,78
1,-104,79
1,-104,80
-1,-104,81
-1,-104,87
-2,-104,89
1,-104,92
1,-104,95
-1,-104,96
1,-104,97
0,-104,100
-1,-104,102
-2,-104,104
-1,-104,109
1,-104,110
-3,-104,111
-1,-104,113
-1,-104,115
-1,-104,119
-1,-104,121
2,-104,125
-1,-104,126
0,-104,128
0,-104,130
-1,-104,132
-4,-104,134
-2,-104,141
1,-104,142
-2,-104,143
-3,-104,145
0,-104,147
-1,-104,149
-4,-104,151
-2,-104,154
0,-104,156
-2,-104,158
1,-104,159
-1,-104,160
-6,-104,162
0,-104,164
1,-104,168
-1,-104,169
0,-104,171
-2,-104,173
-3,-104,175
1,-104,176
-1,-104,177
-1,-104,179
-2,-104,186
-1,-104,192
-1,-104,194
-1,-104,196
-1,-104,199
1,-104,218
-1,-104,220
-2,-104,222
-5,-104,224
1,-104,225
0,-104,227
0,-104,229
2,-104,230
-1,-104,231
2,-104,232
-3,-104,233
2,-104,234
4,-104,235
1,-104,236
2,-104,237
1,-104,238
0,-104,239
1,-104,241
1,-104,242
1,-104,243
2,-104,244
1,-104,245
1,-104,246
3,-104,247
1,-104,249
2,-104,251
2,-104,252
2,-104,253
3,-104,254
1,-104,256
0,-104,259
1,-104,261
2,-104,263
1,-104,264
1,-104,268
1,-104,273
1,-104,278
1,-104,281
1,-104,283
1,-104,284
-1,-104,287
1,-104,290
1,-103,-21
-1,-103,-19
-1,-103,-15
-1,-103,-12
-3,-103,-11
-1,-103,-8
-2,-103,-5
1,-103,-4
1,-103,-1
-2,-103,0
1,-103,1
0,-103,2
-1,-103,3
-2,-103,4
1,-103,5
0,-103,6
-2,-103,8
0,-103,10
1,-103,11
-3,-103,15
1,-103,16
-1,-103,17
-3,-103,19
1,-103,20
-1,-103,23
-2,-103,26
2,-103,27
1,-103,28
0,-103,30
2,-103,32
-1,-103,33
-1,-103,34
-2,-103,36
1,-103,37
0,-103,38
-1,-103,39
0,-103,41
-1,-103,43
-3,-103,45
-1,-103,47
-1,-103,49
-1,-103,51
-1,-103,53
-1,-103,54
-1,-103,55
1,-103,57
0,-103,58
0,-103,62
1,-103,64
-1,-103,66
1,-103,67
-1,-103,68
-2,-103,69
-2,-103,71
1,-103,74
1,-103,78
-1,-103,80
-2,-103,82
-1,-103,84
1,-103,86
-1,-103,87
-1,-103,90
-1,-103,91
-1,-103,92
0,-103,93
2,-103,96
-1,-103,97
1,-103,99
1,-103,101
1,-103,103
-1,-103,104
1,-103,106
1,-103,107
-1,-103,109
1,-103,115
-1,-103,116
-3,-103,118
-1,-103,119
2,-103,120
0,-103,122
-2,-103,123
-1,-103,125
0,-103,130
-2,-103,132
-2,-103,133
-1,-103,137
-4,-103,138
-1,-103,139
-1,-103,140
0,-103,141
1,-103,143
1,-103,145
1,-103,146
-5,-103,148
-1,-103,149
-2,-103,150
-1,-103,151
-1,-103,152
0,-103,153
-1,-103,155
-1,-103,156
1,-103,157
0,-103,158
1,-103,159
-2,-103,160
-1,-103,161
1,-103,164
-1,-103,166
2,-103,167
-1,-103,168
1,-103,172
-1,-103,173
1,-103,174
1,-103,175
2,-103,179
-1,-103,181
-1,-103,184
1,-103,190
-1,-103,197
1,-103,199
-1,-103,201
-1,-103,203
-1,-103,204
-2,-103,205
-4,-103,207
1,-103,211
-2,-103,212
0,-103,216
-4,-103,219
1,-103,220
2,-103,221
4,-103,222
-1,-103,223
-1,-103,224
1,-103,225
-1,-103,226
2,-103,227
0,-103,229
-1,-103,230
5,-103,231
1,-103,233
-1,-103,234
4,-103,235
1,-103,236
2,-103,237
2,-103,239
0,-103,240
1,-103,241
4,-103,242
-1,-103,243
2,-103,244
-1,-103,245
2,-103,246
1,-103,247
2,-103,248
1,-103,249
0,-103,250
4,-103,251
0,-103,252
1,-103,253
1,-103,256
1,-103,257
1,-103,258
1,-103,263
1,-103,267
1,-103,269
1,-103,283
1,-103,291
-1,-102,-38
-1,-102,-31
-2,-102,-25
-2,-102,-23
-2,-102,-21
-1,-102,-18
-1,-102,-16
2,-102,-15
-1,-102,-14
-1,-102,-8
0,-102,-6
-4,-102,-5
-5,-102,-3
-2,-102,-1
-3,-102,0
-2,-102,1
1,-102,2
1,-102,3
1,-102,4
1,-102,6
0,-102,7
-1,-102,8
2,-102,11
0,-102,12
-1,-102,14
1,-102,16
3,-102,17
-4,-102,18
3,-102,19
1,-102,20
-1,-102,21
1,-102,22
-2,-102,23
-1,-102,25
-1,-102,27
1,-102,31
1,-102,32
1,-102,34
1,-102,36
2,-102,37
-1,-102,38
-1,-102,41
-1,-102,42
-1,-102,43
1,-102,45
-2,-102,46
-2,-102,48
1,-102,49
0,-102,57
-2,-102,59
-2,-102,61
-1,-102,63
1,-102,64
1,-102,68
1,-102,73
1,-102,74
-1,-102,76
-1,-102,79
-1,-102,82
-1,-102,84
0,-102,86
-2,-102,87
-1,-102,89
-1,-102,92
-1,-102,94
-2,-102,100
1,-102,103
1,-102,106
-1,-102,109
-1,-102,111
0,-102,112
1,-102,113
-1,-102,118
0,-102,119
-1,-102,120
-2,-102,121
1,-102,125
-1,-102,126
1,-102,127
-1,-102,128
1,-102,130
0,-102,132
-1,-102,133
-1,-102,135
0,-102,138
-1,-102,139
-4,-102,143
2,-102,145
0,-102,146
1,-102,147
-2,-102,150
-1,-102,151
-2,-102,153
-3,-102,155
-2,-102,156
-2,-102,158
1,-102,162
-1,-102,164
-1,-102,166
1,-102,168
1,-102,172
-2,-102,173
-1,-102,176
1,-102,177
0,-102,181
-1,-102,183
-1,-102,184
-2,-102,186
-1,-102,201
-1,-102,203
-1,-102,212
-1,-102,215
-1,-102,218
-2,-102,220
-4,-102,222
0,-102,227
1,-102,228
1,-102,229
-1,-102,230
1,-102,231
1,-102,232
-1,-102,233
1,-102,234
2,-102,235
1,-102,237
0,-102,238
3,-102,239
1,-102,240
2,-102,241
1,-102,242
3,-102,243
3,-102,244
1,-102,245
3,-102,246
2,-102,247
0,-102,248
2,-102,250
1,-102,251
3,-102,253
2,-102,255
2,-102,258
1,-102,262
1,-102,263
1,-102,264
1,-102,267
-1,-101,-21
-1,-101,-19
-2,-101,-15
-1,-101,-13
-1,-101,-12
-1,-101,-11
-2,-101,-6
1,-101,-5
-1,-101,-2
-3,-101,0
-2,-101,2
-6,-101,4
-2,-101,6
-2,-101,7
0,-101,11
-3,-101,13
-1,-101,15
-2,-101,17
-3,-101,19
-2,-101,21
-1,-101,23
-2,-101,26
-3,-101,30
-2,-101,32
0,-101,36
-1,-101,40
-1,-101,41
-1,-101,42
1,-101,49
1,-101,51
0,-101,54
1,-101,55
-1,-101,56
-1,-101,57
-1,-101,58
1,-101,62
-1,-101,63
1,-101,64
-1,-101,66
-1,-101,67
-1,-101,70
0,-101,78
1,-101,81
-1,-101,89
-3,-101,91
-1,-101,93
-1,-101,95
-1,-101,97
-2,-101,99
-2,-101,106
-2,-101,108
-2,-101,116
-1,-101,118
-1,-101,119
-1,-101,120
-1,-101,121
-2,-101,122
-2,-101,125
-3,-101,127
-4,-101,129
-5,-101,133
-2,-101,135
0,-101,137
-2,-101,138
-1,-101,140
-3,-101,141
1,-101,142
-1,-101,144
-3,-101,147
-1,-101,148
-1,-101,152
1,-101,153
-3,-101,155
1,-101,157
-2,-101,158
0,-101,160
1,-101,164
-1,-101,165
-1,-101,166
-1,-101,167
-1,-101,171
-1,-101,173
-1,-101,177
-1,-101,184
-1,-101,188
-1,-101,196
-1,-101,200
1,-101,201
-1,-101,205
-1,-101,210
-1,-101,218
-1,-101,219
-3,-101,224
-1,-101,225
-1,-101,226
2,-101,227
-1,-101,228
2,-101,229
-1,-101,232
-2,-101,234
-3,-101,238
2,-101,239
1,-101,240
1,-101,241
-1,-101,243
-2,-101,245
1,-101,246
1,-101,247
1,-101,248
1,-101,252
-1,-101,253
1,-101,256
-1,-101,257
1,-101,269
-1,-100,-25
-1,-100,-23
-1,-100,-19
-1,-100,-18
-3,-100,-16
-2,-100,-13
0,-100,-12
-2,-100,-10
-1,-100,-5
-5,-100,-3
1,-100,-2
-3,-100,0
-1,-100,1
1,-100,2
-2,-100,3
1,-100,4
-3,-100,5
2,-100,6
-1,-100,8
-1,-100,10
1,-100,11
-2,-100,12
-1,-100,13
-1,-100,14
-3,-100,16
-1,-100,17
1,-100,18
-3,-100,21
-1,-100,22
1,-100,23
-2,-100,25
2,-100,26
0,-100,31
-2,-100,33
1,-100,34
-1,-100,35
0,-100,36
-2,-100,41
-2,-100,46
-1,-100,48
-1,-100,51
-1,-100,53
1,-100,55
-1,-100,56
1,-100,58
-2,-100,59
1,-100,63
-1,-100,64
-2,-100,66
-2,-100,72
1,-100,75
-1,-100,76
-2,-100,77
2,-100,78
1,-100,79
-1,-100,83
1,-100,84
0,-100,85
2,-100,89
-2,-100,93
2,-100,96
-2,-100,98
-1,-100,100
-1,-100,104
-1,-100,105
1,-100,106
-1,-100,107
-1,-100,109
0,-100,111
1,-100,113
0,-100,114
1,-100,115
1,-100,117
-1,-100,118
-2,-100,119
0,-100,120
0,-100,121
-1,-100,127
-1,-100,128
1,-100,129
2,-100,130
1,-100,131
0,-100,132
-1,-100,133
1,-100,134
-1,-100,135
-1,-100,136
1,-100,137
-1,-100,139
0,-100,140
-3,-100,141
1,-100,142
-2,-100,145
-3,-100,147
0,-100,149
-2,-100,150
0,-100,151
1,-100,152
-1,-100,153
-1,-100,155
-1,-100,156
-3,-100,158
2,-100,159
-3,-100,160
-1,-100,164
-1,-100,166
1,-100,168
1,-100,170
-2,-100,171
-1,-100,173
1,-100,174
-1,-100,177
-1,-100,178
-2,-100,179
-1,-100,181
1,-100,188
1,-100,190
-2,-100,192
-1,-100,194
-1,-100,199
-1,-100,201
-1,-100,216
-1,-100,218
0,-100,222
0,-100,224
0,-100,225
1,-100,226
1,-100,227
2,-100,228
-4,-100,229
2,-100,230
3,-100,234
4,-100,235
4,-100,236
1,-100,238
2,-100,239
1,-100,240
2,-100,241
1,-100,242
2,-100,245
2,-100,246
2,-100,247
3,-100,250
2,-100,251
3,-100,252
5,-100,253
1,-100,254
1,-100,255
1,-100,257
1,-100,258
1,-100,260
1,-100,264
1,-100,269
-1,-100,375
1,-100,391
1,-100,395
-1,-100,447
-1,-99,-42
-1,-99,-9
-1,-99,-7
-1,-99,-6
-2,-99,0
1,-99,2
0,-99,4
2,-99,6
-2,-99,8
-2,-99,10
-2,-99,12
3,-99,14
1,-99,15
1,-99,17
1,-99,18
1,-99,19
1,-99,21
1,-99,23
0,-99,25
-1,-99,28
1,-99,29
-1,-99,31
-1,-99,32
-1,-99,35
-1,-99,36
1,-99,37
2,-99,40
-2,-99,41
1,-99,42
0,-99,46
1,-99,49
-1,-99,51
-1,-99,54
-1,-99,56
1,-99,57
-1,-99,58
1,-99,60
1,-99,61
0,-99,62
1,-99,64
2,-99,68
0,-99,71
-1,-99,72
0,-99,75
-1,-99,77
-2,-99,78
-1,-99,79
-1,-99,80
0,-99,88
0,-99,89
2,-99,90
-1,-99,92
1,-99,96
-1,-99,104
1,-99,105
1,-99,107
-1,-99,108
2,-99,111
-1,-99,112
-1,-99,114
0,-99,115
1,-99,117
1,-99,120
-1,-99,122
-1,-99,125
0,-99,127
-1,-99,128
-1,-99,129
1,-99,130
-1,-99,132
-1,-99,136
-2,-99,140
-1,-99,145
-2,-99,146
1,-99,147
1,-99,149
1,-99,151
0,-99,153
-2,-99,155
-1,-99,158
1,-99,162
-2,-99,163
1,-99,164
1,-99,167
-1,-99,169
1,-99,170
1,-99,174
0,-99,176
-1,-99,178
0,-99,181
1,-99,183
1,-99,185
-1,-99,187
1,-99,193
-1,-99,194
0,-99,197
1,-99,204
-2,-99,207
-1,-99,210
-1,-99,214
1,-99,220
1,-99,222
1,-99,226
-2,-99,227
1,-99,230
1,-99,231
0,-99,233
0,-99,234
2,-99,235
1,-99,236
3,-99,237
3,-99,239
1,-99,240
3,-99,242
1,-99,243
1,-99,244
-1,-99,245
2,-99,246
3,-99,247
3,-99,248
1,-99,249
-1,-99,250
2,-99,251
1,-99,252
1,-99,255
2,-99,256
1,-99,257
2,-99,258
1,-99,259
1,-99,260
1,-99,263
1,-99,267
1,-99,269
1,-99,270
1,-99,272
1,-99,325
-2,-98,-36
-2,-98,-29
-1,-98,-23
-1,-98,-21
-1,-98,-19
-2,-98,-16
-1,-98,-15
-1,-98,-13
-2,-98,-11
-1,-98,-10
-5,-98,-8
1,-98,-6
-3,-98,-5
-1,-98,-4
-1,-98,-3
-1,-98,-2
-3,-98,-1
-6,-98,0
-3,-98,2
-1,-98,3
-2,-98,4
-2,-98,5
-2,-98,7
1,-98,8
-2,-98,10
-2,-98,11
-2,-98,12
-1,-98,15
-1,-98,16
2,-98,17
-4,-98,21
-2,-98,23
0,-98,25
1,-98,27
1,-98,28
1,-98,29
0,-98,30
1,-98,33
1,-98,34
1,-98,35
-2,-98,36
-1,-98,38
-4,-98,40
-1,-98,42
-1,-98,44
-3,-98,45
-1,-98,47
-1,-98,48
-1,-98,51
1,-98,52
-2,-98,53
-1,-98,55
-1,-98,57
1,-98,59
-1,-98,61
-1,-98,63
1,-98,65
-1,-98,66
1,-98,67
-3,-98,68
1,-98,69
-1,-98,70
2,-98,73
1,-98,74
-1,-98,76
-2,-98,78
-1,-98,81
-1,-98,83
1,-98,85
-2,-98,87
0,-98,89
0,-98,91
0,-98,93
-3,-98,97
1,-98,101
-1,-98,102
-2,-98,104
1,-98,107
-4,-98,108
2,-98,110
-1,-98,112
0,-98,113
-2,-98,114
-2,-98,115
-1,-98,117
1,-98,119
-1,-98,120
-2,-98,121
1,-98,125
-1,-98,129
-2,-98,131
-1,-98,132
-1,-98,133
-1,-98,134
-2,-98,135
-3,-98,141
-1,-98,143
-3,-98,144
-1,-98,146
0,-98,148
-1,-98,149
-1,-98,150
-3,-98,151
-1,-98,152
-2,-98,156
2,-98,157
-1,-98,162
-2,-98,163
-1,-98,164
0,-98,165
-2,-98,166
-1,-98,169
1,-98,170
1,-98,172
-4,-98,173
-1,-98,175
-2,-98,177
1,-98,178
-1,-98,179
-1,-98,181
1,-98,182
1,-98,183
-2,-98,186
-1,-98,188
-1,-98,190
-1,-98,192
-1,-98,196
0,-98,205
1,-98,208
1,-98,214
-1,-98,218
-1,-98,219
-1,-98,222
-1,-98,224
1,-98,226
4,-98,229
0,-98,230
1,-98,231
-1,-98,232
1,-98,233
2,-98,234
0,-98,235
0,-98,236
3,-98,237
1,-98,238
1,-98,239
2,-98,240
2,-98,241
7,-98,242
1,-98,243
1,-98,244
3,-98,245
1,-98,246
1,-98,247
-2,-98,249
2,-98,250
3,-98,251
4,-98,252
1,-98,253
1,-98,254
2,-98,256
-1,-98,257
1,-98,258
1,-98,259
1,-98,261
1,-98,262
0,-98,264
1,-98,266
1,-98,270
1,-98,273
-1,-98,285
1,-98,293
1,-98,294
1,-98,300
1,-98,301
1,-98,333
1,-98,484
1,-98,498
-1,-97,-19
-1,-97,-14
-1,-97,-5
-1,-97,-3
-1,-97,0
0,-97,7
-1,-97,10
-1,-97,12
0,-97,13
1,-97,14
1,-97,15
-1,-97,17
1,-97,18
1,-97,19
1,-97,21
-1,-97,22
-1,-97,25
1,-97,26
1,-97,29
-1,-97,30
-1,-97,31
1,-97,34
0,-97,35
-1,-97,36
-3,-97,46
2,-97,47
1,-97,48
1,-97,62
0,-97,63
1,-97,65
1,-97,69
1,-97,70
1,-97,72
-1,-97,74
1,-97,75
1,-97,82
2,-97,85
-1,-97,92
0,-97,95
1,-97,99
1,-97,102
1,-97,104
1,-97,108
-2,-97,115
-1,-97,117
1,-97,121
-1,-97,122
-2,-97,125
0,-97,133
0,-97,135
0,-97,137
-1,-97,140
0,-97,143
1,-97,146
1,-97,147
1,-97,148
3,-97,150
1,-97,152
1,-97,153
1,-97,155
0,-97,156
-1,-97,158
1,-97,159
-1,-97,160
1,-97,162
0,-97,163
-2,-97,164
-1,-97,166
1,-97,167
2,-97,168
-1,-97,169
-1,-97,171
0,-97,174
-1,-97,179
1,-97,190
-1,-97,199
1,-97,205
1,-97,211
1,-97,220
-1,-97,224
-2,-97,225
-2,-97,227
1,-97,229
2,-97,230
3,-97,231
0,-97,232
1,-97,234
2,-97,235
1,-97,236
2,-97,237
0,-97,238
3,-97,241
5,-97,242
2,-97,243
1,-97,244
3,-97,245
2,-97,246
3,-97,247
2,-97,249
3,-97,251
1,-97,254
1,-97,255
1,-97,259
1,-97,260
2,-97,262
1,-97,263
1,-97,264
1,-97,273
2,-97,274
-1,-96,-21
-1,-96,-18
-2,-96,-16
-2,-96,-14
-1,-96,-12
-1,-96,-10
1,-96,-8
-1,-96,-7
0,-96,-6
-1,-96,-5
-1,-96,-4
-2,-96,-3
-1,-96,-1
-2,-96,0
-3,-96,1
-2,-96,2
-4,-96,3
-2,-96,4
-7,-96,5
3,-96,6
1,-96,7
-3,-96,8
-1,-96,9
-4,-96,10
2,-96,11
-4,-96,12
-1,-96,13
-1,-96,15
-2,-96,16
0,-96,17
-5,-96,18
-2,-96,19
-1,-96,21
-5,-96,23
-2,-96,25
-1,-96,27
-4,-96,29
-3,-96,30
-1,-96,31
-2,-96,33
0,-96,34
1,-96,36
1,-96,37
-2,-96,38
-1,-96,39
-2,-96,40
2,-96,42
2,-96,43
-1,-96,44
0,-96,46
0,-96,47
-1,-96,48
1,-96,50
-5,-96,51
1,-96,52
-1,-96,53
-1,-96,57
1,-96,58
0,-96,59
-4,-96,61
-1,-96,63
-1,-96,65
-2,-96,66
1,-96,67
-1,-96,72
-1,-96,73
-1,-96,74
-1,-96,76
-1,-96,78
1,-96,81
1,-96,82
1,-96,83
1,-96,84
-1,-96,85
-1,-96,86
1,-96,88
1,-96,89
-3,-96,91
-1,-96,96
-2,-96,97
-1,-96,99
-1,-96,100
-1,-96,101
-4,-96,104
1,-96,105
-1,-96,106
-1,-96,110
-1,-96,111
-1,-96,112
-1,-96,113
0,-96,116
-2,-96,119
1,-96,120
-2,-96,122
0,-96,123
-1,-96,126
0,-96,128
-4,-96,130
-1,-96,131
0,-96,132
-1,-96,133
-3,-96,134
-1,-96,135
-1,-96,136
1,-96,140
-4,-96,141
-1,-96,142
-2,-96,143
-1,-96,145
-2,-96,146
-4,-96,147
1,-96,148
-2,-96,149
-4,-96,151
1,-96,153
-3,-96,154
-1,-96,156
2,-96,157
-2,-96,158
0,-96,160
-3,-96,162
-1,-96,163
-1,-96,166
0,-96,167
-2,-96,169
-3,-96,171
-6,-96,173
-4,-96,175
1,-96,176
-1,-96,177
-1,-96,179
-4,-96,181
1,-96,184
-2,-96,186
-1,-96,201
-1,-96,209
-2,-96,210
-1,-96,212
-2,-96,214
-1,-96,216
-3,-96,218
-2,-96,220
-2,-96,222
-2,-96,224
1,-96,226
-2,-96,227
-1,-96,228
-3,-96,229
-3,-96,230
3,-96,231
5,-96,232
-2,-96,233
2,-96,234
1,-96,235
-1,-96,236
0,-96,237
1,-96,239
2,-96,240
1,-96,241
1,-96,242
3,-96,243
-1,-96,244
3,-96,245
2,-96,246
3,-96,247
3,-96,248
2,-96,249
1,-96,250
2,-96,251
2,-96,252
1,-96,253
1,-96,257
1,-96,259
1,-96,260
1,-96,263
1,-96,273
1,-96,274
1,-96,275
2,-96,279
1,-96,280
-1,-96,318
1,-96,449
-1,-95,-23
1,-95,-10
-1,-95,0
-2,-95,3
-2,-95,8
-1,-95,10
1,-95,12
-1,-95,13
-1,-95,15
-1,-95,20
-1,-95,23
-1,-95,26
-1,-95,30
-1,-95,36
1,-95,38
-1,-95,40
-1,-95,45
-1,-95,51
-1,-95,53
-2,-95,64
1,-95,65
0,-95,66
1,-95,68
1,-95,71
1,-95,84
-2,-95,91
1,-95,109
1,-95,110
-1,-95,115
1,-95,117
-1,-95,118
-1,-95,120
-1,-95,123
-1,-95,125
-1,-95,128
0,-95,133
-2,-95,135
0,-95,137
-2,-95,140
-1,-95,143
-1,-95,145
1,-95,146
-1,-95,150
1,-95,151
-2,-95,155
-2,-95,156
-1,-95,160
-1,-95,161
-2,-95,163
-1,-95,168
-3,-95,174
1,-95,175
-1,-95,176
1,-95,182
1,-95,188
-2,-95,189
-1,-95,194
1,-95,195
-1,-95,196
1,-95,210
1,-95,211
-1,-95,214
-1,-95,220
1,-95,221
-1,-95,229
-2,-95,230
1,-95,231
-1,-95,233
-1,-95,237
-1,-95,242
1,-95,249
2,-95,250
1,-95,251
2,-95,252
1,-95,256
-1,-94,-40
-1,-94,-38
-1,-94,-36
-1,-94,-33
-1,-94,-31
-1,-94,-29
-1,-94,-27
-3,-94,-23
-2,-94,-21
-1,-94,-19
-2,-94,-16
1,-94,-15
-3,-94,-14
0,-94,-13
0,-94,-12
-2,-94,-10
-4,-94,-8
-1,-94,-7
-2,-94,-6
-8,-94,-5
-2,-94,-4
-3,-94,-3
-1,-94,-2
-3,-94,-1
-15,-94,0
-2,-94,1
-1,-94,2
-3,-94,3
-4,-94,4
-2,-94,5
2,-94,6
-4,-94,7
-2,-94,8
-2,-94,9
-2,-94,10
-1,-94,11
-2,-94,12
-4,-94,13
-1,-94,14
-4,-94,15
-2,-94,18
-3,-94,19
-2,-94,20
-1,-94,21
-1,-94,22
-1,-94,23
1,-94,24
-1,-94,25
-3,-94,26
-2,-94,27
-2,-94,28
-3,-94,30
-1,-94,32
-3,-94,33
-1,-94,34
-1,-94,36
-3,-94,38
-2,-94,39
-2,-94,40
-1,-94,41
-2,-94,42
1,-94,44
-2,-94,45
-1,-94,46
0,-94,48
-1,-94,49
1,-94,51
-4,-94,55
-1,-94,57
-2,-94,58
-1,-94,60
-2,-94,61
-3,-94,63
2,-94,64
-1,-94,65
-1,-94,66
0,-94,67
1,-94,68
-1,-94,69
1,-94,71
-1,-94,72
1,-94,74
-1,-94,75
-1,-94,76
-1,-94,78
-1,-94,79
1,-94,80
-1,-94,81
-2,-94,84
-4,-94,85
0,-94,86
-1,-94,87
-3,-94,89
-5,-94,91
0,-94,93
-1,-94,96
-1,-94,97
-2,-94,104
1,-94,106
-1,-94,109
-3,-94,110
-1,-94,111
0,-94,112
0,-94,114
1,-94,115
-1,-94,116
-2,-94,118
1,-94,119
-2,-94,120
-2,-94,122
1,-94,123
0,-94,125
-1,-94,128
-3,-94,129
-1,-94,130
-2,-94,132
-1,-94,133
-1,-94,134
-2,-94,135
-1,-94,136
0,-94,137
-1,-94,138
-1,-94,139
-4,-94,140
-2,-94,141
1,-94,142
-1,-94,143
-2,-94,144
0,-94,145
-1,-94,147
0,-94,148
-3,-94,149
-2,-94,150
-2,-94,151
-1,-94,154
-2,-94,155
-1,-94,156
1,-94,157
-3,-94,158
-4,-94,160
0,-94,161
-1,-94,162
-3,-94,163
-4,-94,164
-1,-94,166
-1,-94,167
0,-94,169
-1,-94,171
-6,-94,173
1,-94,175
-3,-94,177
0,-94,178
-3,-94,179
-1,-94,181
-1,-94,184
1,-94,185
-1,-94,187
-1,-94,188
1,-94,189
-1,-94,192
-1,-94,194
-1,-94,201
-1,-94,205
-3,-94,207
-2,-94,209
-1,-94,210
-1,-94,214
-1,-94,216
-4,-94,218
-1,-94,222
-1,-94,224
2,-94,226
-3,-94,227
-1,-94,228
-2,-94,229
-6,-94,230
-4,-94,231
1,-94,232
-1,-94,233
1,-94,234
1,-94,235
-1,-94,236
1,-94,237
-1,-94,238
2,-94,239
2,-94,240
3,-94,241
1,-94,242
2,-94,243
1,-94,244
1,-94,245
2,-94,246
2,-94,247
4,-94,248
1,-94,249
-1,-94,250
3,-94,251
1,-94,252
2,-94,253
2,-94,255
2,-94,257
2,-94,258
1,-94,263
-1,-94,268
-1,-94,270
0,-94,274
1,-94,278
-1,-94,295
1,-94,319
1,-94,325
-1,-94,437
-1,-94,549
1,-93,-23
1,-93,-14
1,-93,-12
1,-93,-10
1,-93,-4
1,-93,1
1,-93,4
2,-93,6
1,-93,8
1,-93,10
1,-93,16
1,-93,20
1,-93,21
1,-93,22
1,-93,28
1,-93,30
1,-93,31
1,-93,35
2,-93,48
1,-93,52
1,-93,62
1,-93,65
1,-93,67
1,-93,69
1,-93,70
1,-93,73
2,-93,74
2,-93,75
1,-93,78
1,-93,80
1,-93,83
1,-93,85
1,-93,86
1,-93,90
1,-93,99
1,-93,100
2,-93,105
1,-93,106
1,-93,109
2,-93,111
1,-93,113
1,-93,120
1,-93,122
1,-93,124
1,-93,127
1,-93,131
1,-93,134
1,-93,138
1,-93,140
2,-93,145
1,-93,148
1,-93,149
1,-93,150
2,-93,152
1,-93,153
1,-93,154
1,-93,159
1,-93,163
1,-93,164
1,-93,165
1,-93,168
2,-93,171
2,-93,175
1,-93,176
2,-93,184
2,-93,188
1,-93,190
1,-93,197
1,-93,200
1,-93,224
1,-93,226
2,-93,230
1,-93,231
1,-93,232
1,-93,233
2,-93,235
2,-93,239
2,-93,240
4,-93,241
2,-93,242
3,-93,243
1,-93,244
2,-93,245
2,-93,246
4,-93,247
2,-93,248
3,-93,249
2,-93,250
3,-93,251
3,-93,252
3,-93,253
1,-93,254
2,-93,256
2,-93,257
2,-93,259
1,-93,260
1,-93,262
1,-93,269
2,-93,273
1,-93,282
1,-93,286
1,-93,295
-1,-92,-21
-1,-92,-19
-2,-92,-9
-1,-92,-8
-1,-92,-7
-2,-92,-6
-2,-92,-5
-2,-92,-4
0,-92,-3
-2,-92,-2
-1,-92,-1
-3,-92,0
-2,-92,2
-2,-92,3
-3,-92,4
-2,-92,5
-2,-92,7
-1,-92,8
-1,-92,9
-1,-92,10
1,-92,11
-3,-92,13
1,-92,17
-1,-92,18
-2,-92,19
-1,-92,21
2,-92,22
-2,-92,23
1,-92,25
1,-92,27
-4,-92,28
1,-92,29
-1,-92,30
1,-92,31
1,-92,32
0,-92,34
-3,-92,35
1,-92,36
1,-92,37
1,-92,38
0,-92,39
-2,-92,40
-1,-92,42
1,-92,43
2,-92,44
-1,-92,45
-2,-92,46
1,-92,48
-1,-92,49
1,-92,50
-4,-92,51
0,-92,52
-1,-92,53
1,-92,55
2,-92,57
-1,-92,58
-1,-92,60
-1,-92,61
0,-92,62
1,-92,63
2,-92,64
-1,-92,71
-2,-92,72
1,-92,76
1,-92,77
-1,-92,82
-2,-92,87
0,-92,88
-1,-92,89
0,-92,90
-1,-92,91
1,-92,92
-1,-92,95
-1,-92,97
-2,-92,99
-1,-92,100
1,-92,101
-1,-92,110
-1,-92,112
-1,-92,114
-1,-92,116
-1,-92,117
-1,-92,119
-1,-92,121
1,-92,122
-3,-92,125
1,-92,127
-1,-92,129
-2,-92,132
-1,-92,133
-1,-92,134
-3,-92,137
-1,-92,138
-3,-92,140
-3,-92,141
1,-92,143
-1,-92,144
0,-92,145
2,-92,146
0,-92,148
0,-92,149
-3,-92,150
-1,-92,151
-1,-92,152
1,-92,153
-2,-92,154
-2,-92,155
-1,-92,156
0,-92,158
1,-92,159
-1,-92,160
-2,-92,161
-3,-92,163
-1,-92,164
0,-92,166
-1,-92,167
1,-92,168
-2,-92,169
-1,-92,171
1,-92,172
0,-92,174
1,-92,176
1,-92,178
2,-92,179
1,-92,181
1,-92,183
-2,-92,186
-1,-92,187
-2,-92,192
-1,-92,194
-1,-92,197
-1,-92,198
-1,-92,201
-1,-92,202
-1,-92,204
1,-92,205
-1,-92,210
-1,-92,212
-1,-92,214
-2,-92,219
-1,-92,220
1,-92,222
-1,-92,225
0,-92,227
2,-92,229
-1,-92,230
-1,-92,232
1,-92,233
0,-92,234
2,-92,236
4,-92,237
-1,-92,238
0,-92,240
1,-92,241
2,-92,242
-1,-92,243
1,-92,245
3,-92,246
1,-92,247
2,-92,248
1,-92,249
1,-92,250
1,-92,251
3,-92,253
3,-92,254
1,-92,256
1,-92,257
2,-92,258
1,-92,259
1,-92,260
1,-92,262
1,-92,264
1,-92,265
1,-92,266
3,-92,267
1,-92,268
1,-92,269
1,-92,278
1,-92,285
1,-92,288
1,-92,294
1,-92,298
1,-92,300
-1,-91,-36
-2,-91,-23
-1,-91,-21
1,-91,-20
-4,-91,-16
-1,-91,-10
-1,-91,-8
-1,-91,-5
-7,-91,0
-1,-91,1
-5,-91,3
-1,-91,5
1,-91,6
-2,-91,8
1,-91,9
-3,-91,10
2,-91,13
1,-91,14
1,-91,15
-1,-91,18
1,-91,20
-2,-91,21
2,-91,22
-1,-91,23
1,-91,27
-2,-91,29
0,-91,31
-1,-91,33
-2,-91,36
1,-91,37
1,-91,39
-1,-91,40
1,-91,41
-1,-91,42
1,-91,43
1,-91,44
-1,-91,46
0,-91,48
-1,-91,51
2,-91,52
-1,-91,53
1,-91,55
1,-91,56
1,-91,58
1,-91,59
-1,-91,61
0,-91,63
1,-91,67
-2,-91,72
0,-91,74
2,-91,81
1,-91,82
1,-91,83
1,-91,85
1,-91,90
1,-91,101
-1,-91,102
-1,-91,104
-1,-91,106
1,-91,107
1,-91,108
2,-91,121
1,-91,125
-2,-91,128
1,-91,130
1,-91,131
-1,-91,132
1,-91,133
-1,-91,136
-1,-91,139
-1,-91,141
1,-91,143
1,-91,144
-1,-91,145
-2,-91,147
1,-91,148
-1,-91,151
1,-91,152
-1,-91,154
1,-91,155
-1,-91,156
1,-91,158
1,-91,163
-1,-91,164
2,-91,165
-1,-91,166
1,-91,167
1,-91,168
1,-91,169
-1,-91,173
1,-91,176
-1,-91,177
-1,-91,181
1,-91,184
-1,-91,194
1,-91,195
0,-91,196
1,-91,199
-1,-91,224
1,-91,226
1,-91,227
1,-91,230
0,-91,231
-1,-91,233
2,-91,234
2,-91,235
3,-91,236
-1,-91,237
7,-91,239
1,-91,241
1,-91,243
0,-91,244
3,-91,246
1,-91,247
3,-91,248
1,-91,249
2,-91,250
1,-91,251
-1,-91,252
2,-91,254
2,-91,256
1,-91,257
1,-91,259
1,-91,260
1,-91,261
1,-91,262
1,-91,263
1,-91,267
1,-91,273
1,-91,277
1,-91,279
1,-91,284
1,-91,288
1,-91,449
-1,-90,-37
-1,-90,-19
-1,-90,-9
-1,-90,-8
-1,-90,-6
-1,-90,-4
-1,-90,-2
-3,-90,-1
-3,-90,0
0,-90,3
-1,-90,4
0,-90,6
-2,-90,7
-1,-90,8
-1,-90,10
-2,-90,11
-3,-90,13
-2,-90,15
-2,-90,17
-1,-90,19
-4,-90,21
-3,-90,22
-1,-90,23
-2,-90,28
-2,-90,30
-1,-90,32
-3,-90,34
-1,-90,35
-1,-90,38
-1,-90,49
-4,-90,53
-2,-90,59
1,-90,63
-1,-90,66
-1,-90,78
-1,-90,80
0,-90,85
-1,-90,87
-1,-90,89
1,-90,92
-1,-90,93
-1,-90,94
-1,-90,95
-1,-90,99
-1,-90,101
-1,-90,104
-1,-90,105
-1,-90,108
-1,-90,109
-1,-90,110
-1,-90,118
-1,-90,120
1,-90,122
-1,-90,123
-3,-90,125
-2,-90,127
-2,-90,128
-3,-90,131
-1,-90,132
-1,-90,134
-1,-90,138
1,-90,139
-1,-90,140
-1,-90,141
1,-90,142
-4,-90,146
-1,-90,147
-3,-90,148
1,-90,149
-1,-90,150
-1,-90,151
-2,-90,152
-2,-90,155
-3,-90,156
-4,-90,158
-1,-90,160
0,-90,163
-1,-90,169
-1,-90,171
-1,-90,174
-1,-90,178
-3,-90,179
-1,-90,181
-1,-90,184
-1,-90,186
-1,-90,196
-1,-90,206
-2,-90,207
-1,-90,209
-1,-90,210
-2,-90,213
-1,-90,214
-1,-90,217
-1,-90,219
-1,-90,220
-2,-90,223
-2,-90,226
-2,-90,229
-1,-90,230
1,-90,231
-2,-90,232
-1,-90,233
1,-90,235
0,-90,236
-1,-90,237
-1,-90,238
-1,-90,240
1,-90,242
1,-90,247
1,-90,248
-1,-90,253
1,-90,255
1,-90,270
-1,-89,-28
-1,-89,-23
1,-89,-22
-1,-89,-21
-2,-89,-16
-2,-89,-13
-1,-89,-10
-1,-89,-9
-1,-89,-8
-1,-89,-6
-2,-89,-3
-1,-89,-1
-2,-89,0
-4,-89,1
-2,-89,3
-4,-89,5
-1,-89,8
1,-89,9
0,-89,10
-2,-89,12
-1,-89,13
-1,-89,14
1,-89,15
-2,-89,16
-2,-89,17
-2,-89,18
-2,-89,21
-1,-89,22
-2,-89,23
-1,-89,25
1,-89,26
-3,-89,27
-1,-89,28
-3,-89,29
-2,-89,31
-3,-89,33
-1,-89,35
-2,-89,36
1,-89,37
-2,-89,38
-2,-89,40
-1,-89,41
-4,-89,42
1,-89,43
-1,-89,46
1,-89,47
-2,-89,48
-4,-89,51
-3,-89,53
2,-89,55
-1,-89,57
0,-89,59
-3,-89,61
1,-89,62
-2,-89,63
1,-89,65
1,-89,68
-2,-89,69
0,-89,70
1,-89,71
-1,-89,72
2,-89,73
-1,-89,74
1,-89,79
1,-89,82
-1,-89,83
-1,-89,87
1,-89,89
2,-89,90
1,-89,91
2,-89,92
-1,-89,95
-3,-89,96
-1,-89,97
0,-89,98
1,-89,101
-1,-89,106
-1,-89,107
1,-89,110
-1,-89,112
-1,-89,113
-1,-89,115
-1,-89,118
-1,-89,120
1,-89,122
2,-89,123
-2,-89,124
-1,-89,125
1,-89,126
-2,-89,128
1,-89,130
-2,-89,132
1,-89,133
-1,-89,134
-1,-89,135
1,-89,136
2,-89,137
0,-89,138
-2,-89,139
0,-89,140
-6,-89,141
-5,-89,143
2,-89,144
-6,-89,145
-2,-89,146
-2,-89,149
-1,-89,150
-3,-89,151
3,-89,152
1,-89,153
-2,-89,155
-1,-89,156
1,-89,157
0,-89,158
1,-89,159
-2,-89,160
-3,-89,161
0,-89,162
-2,-89,164
-1,-89,166
1,-89,167
1,-89,168
-2,-89,169
-1,-89,171
1,-89,172
-1,-89,173
1,-89,174
-1,-89,175
0,-89,177
-1,-89,179
-2,-89,181
-3,-89,184
-4,-89,186
1,-89,187
-1,-89,188
1,-89,189
-1,-89,192
-1,-89,196
1,-89,197
1,-89,200
-1,-89,205
1,-89,211
2,-89,222
-2,-89,224
1,-89,225
-1,-89,227
-3,-89,229
1,-89,230
-2,-89,231
-6,-89,233
-2,-89,235
1,-89,236
-1,-89,237
0,-89,238
-1,-89,239
1,-89,240
2,-89,241
0,-89,242
2,-89,243
2,-89,245
2,-89,246
2,-89,247
1,-89,249
-2,-89,250
2,-89,251
2,-89,252
1,-89,253
1,-89,256
1,-89,261
1,-89,262
1,-89,263
1,-89,265
1,-89,278
-1,-89,364
-1,-89,391
-1,-88,-29
-1,-88,-23
0,-88,-22
1,-88,-18
-1,-88,-12
1,-88,-10
1,-88,-4
-1,-88,-3
-1,-88,-2
1,-88,-1
1,-88,0
-1,-88,6
-3,-88,7
-2,-88,9
-1,-88,11
2,-88,13
0,-88,15
2,-88,16
-1,-88,19
1,-88,20
-1,-88,21
1,-88,22
1,-88,23
1,-88,24
-2,-88,28
-1,-88,30
0,-88,32
0,-88,34
1,-88,37
1,-88,39
2,-88,40
-1,-88,41
1,-88,45
1,-88,46
-1,-88,47
1,-88,48
1,-88,50
1,-88,52
1,-88,55
1,-88,57
1,-88,61
-1,-88,62
-1,-88,70
1,-88,73
-1,-88,74
1,-88,76
-1,-88,80
1,-88,86
-1,-88,87
1,-88,94
-1,-88,97
1,-88,98
1,-88,99
-1,-88,101
1,-88,103
-1,-88,108
1,-88,109
-1,-88,110
-1,-88,112
2,-88,113
-2,-88,118
2,-88,120
1,-88,126
-1,-88,127
1,-88,129
1,-88,136
1,-88,137
1,-88,138
-2,-88,141
-1,-88,146
1,-88,147
2,-88,148
1,-88,149
-1,-88,150
2,-88,152
-1,-88,153
-2,-88,158
-2,-88,160
-3,-88,162
0,-88,163
-1,-88,164
-1,-88,166
2,-88,167
-1,-88,168
-1,-88,169
-3,-88,171
-1,-88,175
-1,-88,177
-1,-88,179
1,-88,182
0,-88,184
1,-88,189
-3,-88,207
-1,-88,216
-1,-88,220
-1,-88,225
0,-88,227
0,-88,230
0,-88,231
1,-88,232
1,-88,233
-1,-88,234
1,-88,237
3,-88,240
0,-88,241
2,-88,243
1,-88,244
1,-88,246
2,-88,247
1,-88,248
-2,-88,249
3,-88,250
2,-88,251
2,-88,252
1,-88,253
3,-88,256
3,-88,257
1,-88,258
1,-88,259
1,-88,260
1,-88,262
3,-88,263
0,-88,264
1,-88,265
-1,-88,266
1,-88,270
1,-88,272
1,-88,299
1,-88,331
1,-88,332
1,-88,425
-1,-87,-36
-1,-87,-31
-2,-87,-29
-2,-87,-25
-2,-87,-23
-2,-87,-18
-1,-87,-14
-3,-87,-10
-4,-87,-8
-3,-87,-5
-1,-87,-3
-2,-87,-1
-4,-87,0
-1,-87,1
-4,-87,2
-2,-87,3
-2,-87,5
2,-87,6
0,-87,7
-4,-87,8
1,-87,9
-2,-87,10
-4,-87,12
-1,-87,14
-1,-87,15
0,-87,16
-3,-87,18
-2,-87,20
-1,-87,21
-1,-87,22
1,-87,24
0,-87,25
-1,-87,27
1,-87,29
0,-87,31
1,-87,32
-2,-87,33
-1,-87,35
-1,-87,36
1,-87,37
1,-87,38
1,-87,40
-2,-87,42
-2,-87,44
-1,-87,46
1,-87,47
-1,-87,48
-1,-87,53
0,-87,55
1,-87,56
1,-87,58
1,-87,59
-1,-87,64
1,-87,67
-1,-87,68
2,-87,71
-1,-87,72
1,-87,73
2,-87,75
-1,-87,78
1,-87,80
-1,-87,85
1,-87,89
-1,-87,91
-1,-87,93
-1,-87,98
1,-87,99
-1,-87,100
0,-87,102
1,-87,103
-1,-87,104
0,-87,106
1,-87,109
-1,-87,113
1,-87,115
1,-87,118
2,-87,119
-1,-87,121
1,-87,122
-1,-87,124
-1,-87,125
2,-87,127
-1,-87,128
1,-87,130
-3,-87,132
-3,-87,133
-1,-87,134
-3,-87,135
-2,-87,136
1,-87,137
-1,-87,139
-1,-87,140
1,-87,141
1,-87,142
-3,-87,143
-1,-87,146
-2,-87,147
-1,-87,150
1,-87,151
1,-87,153
-1,-87,154
0,-87,155
-2,-87,156
-1,-87,158
1,-87,160
0,-87,161
-3,-87,162
-1,-87,163
-1,-87,171
1,-87,172
-1,-87,173
0,-87,174
-1,-87,176
-1,-87,177
-3,-87,179
-3,-87,181
1,-87,183
-2,-87,186
-1,-87,188
-2,-87,189
-1,-87,190
-1,-87,192
1,-87,193
-2,-87,194
-1,-87,196
1,-87,201
-1,-87,207
-1,-87,209
1,-87,210
-1,-87,224
-1,-87,229
-1,-87,231
1,-87,232
-2,-87,233
1,-87,234
2,-87,236
-1,-87,238
-1,-87,239
0,-87,240
1,-87,242
2,-87,243
0,-87,244
1,-87,245
1,-87,246
1,-87,247
4,-87,248
-1,-87,250
1,-87,251
1,-87,252
1,-87,253
1,-87,254
1,-87,255
2,-87,256
3,-87,257
5,-87,258
2,-87,262
1,-87,264
1,-87,266
1,-87,268
1,-87,269
1,-87,270
1,-87,274
-1,-87,284
1,-87,288
1,-87,289
1,-87,290
1,-87,300
-1,-87,605
-2,-86,-19
-1,-86,-15
-1,-86,-11
-3,-86,-8
-1,-86,-6
-1,-86,-5
-2,-86,-2
-1,-86,-1
-4,-86,0
-2,-86,4
-4,-86,7
2,-86,9
1,-86,10
-1,-86,11
-2,-86,13
-3,-86,15
-1,-86,17
-1,-86,19
1,-86,20
-3,-86,21
-5,-86,26
-2,-86,28
1,-86,29
-2,-86,30
-2,-86,32
-2,-86,34
2,-86,35
-1,-86,36
1,-86,37
1,-86,38
-1,-86,39
-1,-86,40
2,-86,43
-3,-86,45
0,-86,47
2,-86,52
-2,-86,54
-1,-86,55
-1,-86,56
-1,-86,57
0,-86,58
0,-86,59
-1,-86,61
0,-86,66
-1,-86,68
2,-86,71
-2,-86,72
1,-86,79
0,-86,82
0,-86,85
-1,-86,87
1,-86,90
-1,-86,93
-1,-86,97
-1,-86,110
0,-86,116
-2,-86,120
-1,-86,122
1,-86,124
-2,-86,127
-2,-86,129
-2,-86,131
-2,-86,133
0,-86,136
1,-86,137
-1,-86,138
-2,-86,141
0,-86,142
1,-86,147
-1,-86,148
1,-86,153
1,-86,155
-1,-86,156
1,-86,159
1,-86,160
-1,-86,162
1,-86,164
-1,-86,165
1,-86,166
1,-86,168
1,-86,169
-1,-86,171
1,-86,173
1,-86,174
-1,-86,177
0,-86,179
-2,-86,184
-1,-86,190
-1,-86,203
-1,-86,207
-3,-86,212
-1,-86,214
-2,-86,216
-1,-86,226
-1,-86,227
-1,-86,229
1,-86,230
1,-86,231
0,-86,232
1,-86,235
1,-86,237
-1,-86,238
4,-86,239
6,-86,240
1,-86,241
2,-86,242
1,-86,243
1,-86,244
-2,-86,245
1,-86,246
0,-86,247
1,-86,248
0,-86,249
3,-86,250
3,-86,251
3,-86,252
0,-86,253
3,-86,256
-1,-86,257
1,-86,259
1,-86,262
-1,-86,264
1,-86,267
2,-86,272
1,-86,279
1,-86,291
1,-86,300
1,-86,387
-1,-86,396
-1,-85,-28
-2,-85,-16
-1,-85,-14
-1,-85,-12
-1,-85,-9
1,-85,-5
-3,-85,-3
1,-85,-2
0,-85,-1
-3,-85,0
-1,-85,1
-2,-85,3
-1,-85,4
-1,-85,5
-4,-85,10
-2,-85,12
-1,-85,13
0,-85,14
-1,-85,16
-1,-85,17
-1,-85,18
-1,-85,19
-3,-85,20
1,-85,22
-2,-85,25
-2,-85,26
-2,-85,27
-1,-85,28
-1,-85,30
0,-85,31
0,-85,32
1,-85,34
-1,-85,38
1,-85,41
-1,-85,42
-1,-85,43
-2,-85,44
1,-85,47
-1,-85,48
0,-85,49
-2,-85,51
2,-85,55
3,-85,57
-1,-85,59
-2,-85,61
-1,-85,63
-1,-85,68
1,-85,69
-1,-85,70
1,-85,72
2,-85,73
-1,-85,74
-1,-85,77
-1,-85,79
1,-85,80
1,-85,81
1,-85,83
1,-85,89
-1,-85,93
1,-85,94
1,-85,98
1,-85,99
-1,-85,105
-1,-85,106
-1,-85,107
1,-85,109
1,-85,111
1,-85,113
-1,-85,115
-1,-85,119
1,-85,120
1,-85,122
-1,-85,124
-1,-85,125
-1,-85,126
-1,-85,127
-2,-85,128
0,-85,130
-2,-85,132
1,-85,134
-1,-85,135
-1,-85,136
-2,-85,138
-2,-85,140
0,-85,141
-2,-85,143
1,-85,144
-3,-85,145
-1,-85,146
1,-85,147
1,-85,148
0,-85,149
-1,-85,150
2,-85,152
-2,-85,153
0,-85,154
1,-85,156
-1,-85,158
1,-85,159
-1,-85,160
-2,-85,162
1,-85,163
-2,-85,164
-1,-85,166
-1,-85,168
-1,-85,169
-2,-85,171
-2,-85,173
1,-85,176
-1,-85,178
-1,-85,179
-2,-85,181
-1,-85,189
-1,-85,199
1,-85,206
-1,-85,207
1,-85,212
1,-85,216
-2,-85,224
-2,-85,227
-1,-85,229
2,-85,230
0,-85,231
0,-85,232
-1,-85,233
1,-85,234
-1,-85,235
3,-85,236
1,-85,237
1,-85,239
2,-85,240
1,-85,241
2,-85,243
-1,-85,244
3,-85,245
3,-85,246
3,-85,247
1,-85,248
2,-85,250
1,-85,251
3,-85,252
2,-85,253
2,-85,254
1,-85,256
1,-85,257
1,-85,259
0,-85,260
1,-85,262
1,-85,264
1,-85,265
2,-85,267
1,-85,269
1,-85,271
1,-85,275
-1,-85,304
1,-85,314
-1,-85,375
-1,-85,570
-1,-84,-29
-1,-84,-17
-2,-84,-15
-2,-84,-8
-2,-84,-4
-1,-84,-3
-3,-84,-2
-8,-84,0
-2,-84,2
-1,-84,3
-2,-84,4
-1,-84,5
-2,-84,7
-1,-84,9
-2,-84,11
-1,-84,12
-3,-84,13
-5,-84,15
-1,-84,17
-1,-84,19
-1,-84,20
-2,-84,21
-1,-84,23
-2,-84,26
-2,-84,28
-2,-84,32
-3,-84,34
-1,-84,35
-1,-84,36
-2,-84,38
-1,-84,40
-1,-84,42
-1,-84,43
-1,-84,46
-1,-84,47
-1,-84,48
-1,-84,49
-1,-84,51
-1,-84,53
-2,-84,54
1,-84,58
1,-84,60
-3,-84,61
-4,-84,63
1,-84,66
-1,-84,68
-1,-84,76
-1,-84,78
0,-84,80
-1,-84,82
-1,-84,86
-4,-84,87
-3,-84,91
-2,-84,104
-1,-84,110
-2,-84,112
-2,-84,114
1,-84,115
-1,-84,117
-2,-84,118
-1,-84,120
-1,-84,122
-3,-84,125
0,-84,129
1,-84,131
-2,-84,133
0,-84,137
-1,-84,139
-1,-84,141
-2,-84,144
-2,-84,145
1,-84,146
-1,-84,148
-2,-84,151
1,-84,153
-1,-84,154
-2,-84,156
-2,-84,158
-1,-84,160
-1,-84,161
-1,-84,163
-5,-84,169
-1,-84,171
-1,-84,173
-1,-84,176
1,-84,181
-1,-84,184
-2,-84,186
-1,-84,188
-1,-84,192
-1,-84,194
0,-84,196
-1,-84,200
-1,-84,202
-1,-84,207
-1,-84,211
-1,-84,213
-1,-84,215
-1,-84,228
-1,-84,230
0,-84,232
1,-84,233
-1,-84,235
0,-84,241
1,-84,242
1,-84,244
-4,-84,247
0,-84,248
-1,-84,249
-1,-84,250
-1,-84,252
1,-84,258
1,-84,263
1,-84,269
-3,-83,-36
-2,-83,-16
-2,-83,-10
1,-83,-9
-1,-83,-8
-2,-83,-7
-3,-83,-5
-4,-83,-1
-3,-83,0
-1,-83,1
-3,-83,3
-1,-83,4
-1,-83,10
-1,-83,12
-1,-83,15
-1,-83,16
-1,-83,17
-1,-83,18
1,-83,19
-4,-83,21
1,-83,22
-1,-83,25
-1,-83,27
-1,-83,28
0,-83,29
-1,-83,31
-1,-83,33
-1,-83,36
-1,-83,38
1,-83,39
-1,-83,40
-1,-83,42
-1,-83,45
-2,-83,46
0,-83,48
-3,-83,51
1,-83,52
1,-83,53
-2,-83,55
-1,-83,61
-2,-83,63
1,-83,64
1,-83,66
1,-83,67
-1,-83,68
1,-83,71
-2,-83,72
1,-83,76
0,-83,80
-1,-83,83
1,-83,85
-1,-83,87
-1,-83,91
-3,-83,93
1,-83,94
-1,-83,95
0,-83,98
-1,-83,104
1,-83,108
2,-83,109
-1,-83,111
1,-83,113
1,-83,124
-1,-83,125
-2,-83,130
2,-83,132
1,-83,133
-2,-83,134
1,-83,138
-1,-83,139
-1,-83,140
-1,-83,141
1,-83,142
-6,-83,143
-1,-83,145
-2,-83,149
0,-83,151
1,-83,152
1,-83,157
-2,-83,158
-1,-83,162
1,-83,168
1,-83,170
-1,-83,171
1,-83,172
-2,-83,173
-2,-83,175
-2,-83,179
1,-83,184
-3,-83,186
-1,-83,190
-2,-83,192
1,-83,193
-1,-83,194
-2,-83,205
1,-83,207
-1,-83,212
-1,-83,216
-1,-83,218
-1,-83,225
-1,-83,227
0,-83,229
1,-83,230
-1,-83,233
2,-83,237
-2,-83,239
0,-83,242
1,-83,243
-1,-83,244
1,-83,245
0,-83,246
2,-83,247
1,-83,248
3,-83,251
1,-83,252
2,-83,253
0,-83,254
1,-83,255
1,-83,256
2,-83,258
1,-83,259
1,-83,260
1,-83,261
2,-83,263
2,-83,266
1,-83,269
1,-83,271
2,-83,273
-1,-82,-46
-1,-82,-11
-2,-82,-6
-1,-82,-1
-4,-82,0
-3,-82,2
1,-82,5
1,-82,6
0,-82,7
-1,-82,9
-1,-82,10
2,-82,11
-3,-82,12
-5,-82,13
1,-82,14
-1,-82,15
-1,-82,17
-2,-82,18
0,-82,22
-2,-82,25
-3,-82,26
-1,-82,28
1,-82,29
-2,-82,31
3,-82,32
-3,-82,36
-1,-82,38
-1,-82,40
1,-82,43
1,-82,44
1,-82,45
-1,-82,48
-1,-82,49
-2,-82,51
2,-82,52
1,-82,55
-1,-82,56
-1,-82,61
-1,-82,64
0,-82,66
1,-82,68
1,-82,71
0,-82,78
0,-82,79
-1,-82,82
-1,-82,87
-1,-82,89
-2,-82,92
-1,-82,97
-2,-82,102
1,-82,104
1,-82,106
1,-82,109
1,-82,113
1,-82,119
1,-82,121
1,-82,122
0,-82,123
-1,-82,127
-1,-82,128
-1,-82,129
1,-82,130
-1,-82,133
-3,-82,135
2,-82,136
-1,-82,140
-2,-82,141
-2,-82,144
-1,-82,145
-1,-82,146
1,-82,147
-1,-82,148
0,-82,150
1,-82,152
-1,-82,153
1,-82,154
1,-82,155
-1,-82,156
-2,-82,158
1,-82,159
1,-82,160
-3,-82,163
1,-82,165
1,-82,171
1,-82,174
-1,-82,175
-1,-82,176
1,-82,177
2,-82,179
-1,-82,181
0,-82,184
-1,-82,189
-2,-82,191
-1,-82,194
-1,-82,198
1,-82,204
-1,-82,206
-1,-82,207
-1,-82,217
-1,-82,225
1,-82,229
-1,-82,230
-2,-82,232
-2,-82,233
1,-82,234
2,-82,235
-1,-82,236
-2,-82,238
3,-82,239
1,-82,240
1,-82,241
1,-82,242
0,-82,243
2,-82,245
2,-82,246
0,-82,247
2,-82,248
3,-82,249
1,-82,250
3,-82,251
1,-82,252
1,-82,253
1,-82,255
1,-82,256
2,-82,257
1,-82,258
1,-82,261
1,-82,267
1,-82,268
1,-82,272
1,-82,275
1,-82,281
1,-82,289
-1,-82,358
-1,-82,460
1,-82,467
-1,-81,-23
1,-81,-16
-1,-81,-14
0,-81,-10
-1,-81,-8
-1,-81,-5
-3,-81,-3
-1,-81,-1
-3,-81,0
-6,-81,1
0,-81,3
-3,-81,5
-2,-81,10
1,-81,11
-3,-81,12
-1,-81,13
-1,-81,15
-4,-81,16
2,-81,17
0,-81,18
-5,-81,21
-1,-81,23
1,-81,25
-2,-81,27
-2,-81,29
1,-81,30
1,-81,31
-1,-81,32
-6,-81,33
1,-81,34
-3,-81,38
-2,-81,39
-1,-81,40
1,-81,41
0,-81,42
0,-81,43
-1,-81,44
1,-81,45
-1,-81,46
1,-81,48
-3,-81,51
-2,-81,53
0,-81,55
1,-81,58
-1,-81,61
1,-81,62
-2,-81,63
-1,-81,67
1,-81,68
-1,-81,70
-1,-81,72
1,-81,73
0,-81,83
-1,-81,88
1,-81,89
-2,-81,93
-1,-81,100
0,-81,101
1,-81,105
1,-81,108
-1,-81,116
-1,-81,119
-1,-81,121
0,-81,124
-1,-81,126
-1,-81,127
-1,-81,128
-1,-81,129
2,-81,130
-4,-81,132
-1,-81,134
1,-81,135
-1,-81,136
1,-81,137
-2,-81,139
1,-81,141
1,-81,142
1,-81,144
-2,-81,145
1,-81,148
-4,-81,149
-2,-81,151
1,-81,152
-2,-81,153
-1,-81,154
1,-81,155
-4,-81,158
0,-81,159
0,-81,160
0,-81,162
-3,-81,166
1,-81,167
1,-81,168
-1,-81,171
-1,-81,175
-1,-81,177
-1,-81,179
-2,-81,181
3,-81,183
-1,-81,184
-1,-81,186
-2,-81,192
1,-81,196
2,-81,200
1,-81,204
-1,-81,205
-1,-81,214
-1,-81,216
-2,-81,218
-2,-81,220
-1,-81,222
-1,-81,224
-1,-81,229
2,-81,230
0,-81,231
-2,-81,233
1,-81,235
2,-81,236
3,-81,237
1,-81,239
2,-81,240
2,-81,241
1,-81,242
2,-81,243
-2,-81,244
1,-81,245
4,-81,246
2,-81,247
6,-81,248
2,-81,249
0,-81,250
1,-81,251
3,-81,252
2,-81,253
-1,-81,254
1,-81,255
2,-81,257
2,-81,258
1,-81,260
1,-81,261
2,-81,262
3,-81,263
2,-81,264
1,-81,266
2,-81,267
1,-81,269
1,-81,271
1,-81,279
1,-81,288
1,-81,300
-1,-81,377
1,-81,437
1,-81,440
-1,-80,-14
-2,-80,-3
-2,-80,0
-1,-80,3
-2,-80,7
1,-80,8
-1,-80,13
-1,-80,15
-3,-80,18
-1,-80,20
1,-80,21
1,-80,22
-1,-80,23
-1,-80,26
1,-80,28
-1,-80,30
-2,-80,33
1,-80,37
-1,-80,38
1,-80,39
-1,-80,41
-1,-80,45
-1,-80,46
1,-80,47
1,-80,48
1,-80,53
-1,-80,54
1,-80,55
-2,-80,56
-1,-80,61
1,-80,63
1,-80,66
1,-80,70
1,-80,74
1,-80,75
1,-80,80
1,-80,81
1,-80,84
-1,-80,86
1,-80,89
1,-80,91
1,-80,97
0,-80,99
1,-80,104
1,-80,117
-1,-80,118
1,-80,121
2,-80,125
2,-80,133
-2,-80,137
1,-80,138
2,-80,139
-1,-80,140
1,-80,143
1,-80,144
-1,-80,145
1,-80,146
1,-80,147
-1,-80,150
2,-80,151
-2,-80,153
-1,-80,155
1,-80,157
-1,-80,158
-1,-80,159
1,-80,160
-1,-80,161
-1,-80,163
-1,-80,176
-1,-80,178
-1,-80,179
-1,-80,183
-2,-80,184
-1,-80,187
-1,-80,191
1,-80,195
-1,-80,214
-1,-80,215
-1,-80,224
-1,-80,229
-1,-80,230
1,-80,234
2,-80,235
1,-80,236
1,-80,237
-1,-80,238
1,-80,239
2,-80,240
1,-80,241
2,-80,242
1,-80,243
1,-80,245
2,-80,247
2,-80,248
1,-80,250
2,-80,252
1,-80,253
2,-80,254
1,-80,256
2,-80,258
1,-80,259
1,-80,261
1,-80,269
1,-80,270
1,-80,274
1,-80,281
1,-80,294
1,-80,448
-1,-79,-46
-1,-79,-31
-2,-79,-27
-1,-79,-25
-4,-79,-23
-1,-79,-18
-1,-79,-15
-1,-79,-14
-1,-79,-13
-1,-79,-12
-2,-79,-10
-2,-79,-8
-1,-79,-6
0,-79,-5
-1,-79,-4
-3,-79,-3
-1,-79,-2
-1,-79,-1
-9,-79,0
-6,-79,2
-1,-79,3
-4,-79,4
-1,-79,5
-2,-79,7
-4,-79,8
-3,-79,10
-1,-79,11
-1,-79,12
-3,-79,13
-2,-79,14
-3,-79,15
-3,-79,17
-1,-79,18
-2,-79,19
-1,-79,20
-1,-79,21
-1,-79,23
0,-79,25
-2,-79,28
-1,-79,29
-2,-79,30
-4,-79,31
-2,-79,33
-1,-79,36
-1,-79,38
1,-79,39
-1,-79,40
1,-79,41
-1,-79,45
-1,-79,46
0,-79,49
-1,-79,51
-1,-79,52
-1,-79,53
-1,-79,58
-1,-79,59
-2,-79,63
-2,-79,68
-2,-79,69
-1,-79,71
-1,-79,72
-1,-79,73
-2,-79,76
-1,-79,77
-1,-79,78
1,-79,79
-1,-79,82
-2,-79,83
-3,-79,97
-3,-79,99
-1,-79,108
-1,-79,109
-1,-79,110
-1,-79,113
-1,-79,114
-1,-79,115
-2,-79,116
-1,-79,117
-1,-79,118
-2,-79,119
0,-79,127
-1,-79,128
-1,-79,129
-2,-79,133
-2,-79,134
-4,-79,135
-1,-79,136
-2,-79,137
-2,-79,138
-2,-79,140
-1,-79,143
0,-79,144
-2,-79,145
1,-79,146
-1,-79,147
-4,-79,148
-4,-79,150
-4,-79,151
-2,-79,152
-2,-79,154
-3,-79,156
-2,-79,158
-1,-79,163
-1,-79,165
-1,-79,166
1,-79,167
-1,-79,169
-2,-79,171
-1,-79,173
-1,-79,174
-1,-79,175
-2,-79,176
-1,-79,178
-1,-79,179
-5,-79,181
-1,-79,183
-3,-79,184
-1,-79,187
-1,-79,190
-1,-79,191
0,-79,194
-1,-79,205
-1,-79,207
-1,-79,209
-1,-79,210
-1,-79,216
-1,-79,218
-1,-79,220
-1,-79,227
-1,-79,230
0,-79,232
-2,-79,234
-1,-79,235
0,-79,237
1,-79,239
-1,-79,240
2,-79,241
-1,-79,242
-1,-79,243
1,-79,244
0,-79,246
1,-79,247
1,-79,252
1,-79,253
-1,-79,257
1,-79,260
-1,-79,268
1,-79,269
-1,-79,340
1,-78,5
1,-78,11
1,-78,13
1,-78,15
1,-78,17
1,-78,23
1,-78,27
1,-78,35
2,-78,41
1,-78,44
1,-78,47
1,-78,51
2,-78,55
1,-78,57
1,-78,63
1,-78,65
1,-78,73
2,-78,74
2,-78,79
2,-78,80
1,-78,82
1,-78,90
2,-78,92
1,-78,96
2,-78,101
1,-78,103
1,-78,105
2,-78,109
1,-78,110
1,-78,116
1,-78,117
1,-78,124
1,-78,129
1,-78,138
1,-78,139
2,-78,141
1,-78,143
1,-78,144
1,-78,146
1,-78,149
1,-78,154
2,-78,157
1,-78,165
1,-78,167
1,-78,168
1,-78,172
2,-78,174
1,-78,178
1,-78,183
1,-78,186
1,-78,232
1,-78,235
3,-78,236
2,-78,237
1,-78,238
2,-78,240
1,-78,241
1,-78,242
5,-78,243
1,-78,244
1,-78,245
3,-78,246
1,-78,248
2,-78,249
2,-78,251
2,-78,252
1,-78,253
2,-78,254
2,-78,256
2,-78,257
1,-78,258
2,-78,260
1,-78,261
1,-78,263
1,-78,264
1,-78,267
2,-78,273
1,-78,288
1,-78,293
-1,-77,-25
-1,-77,-21
-1,-77,-17
-1,-77,-11
1,-77,-6
-1,-77,-4
-2,-77,-3
0,-77,-2
-2,-77,-1
-4,-77,0
-1,-77,2
-1,-77,3
-1,-77,4
-2,-77,5
-1,-77,6
-5,-77,7
-1,-77,8
-3,-77,10
-4,-77,11
-1,-77,12
-2,-77,13
-2,-77,15
1,-77,17
-2,-77,19
-3,-77,20
-1,-77,21
2,-77,22
-2,-77,23
1,-77,25
-5,-77,26
1,-77,27
-2,-77,28
1,-77,29
-2,-77,30
-1,-77,31
-1,-77,32
-1,-77,34
-2,-77,38
-1,-77,39
-2,-77,40
1,-77,41
-2,-77,42
1,-77,45
1,-77,46
1,-77,47
-1,-77,48
-1,-77,51
1,-77,53
-1,-77,58
-1,-77,59
0,-77,61
-2,-77,63
-2,-77,66
-1,-77,68
-1,-77,69
-1,-77,71
1,-77,76
-1,-77,84
-1,-77,85
1,-77,86
-2,-77,87
1,-77,90
-1,-77,91
-1,-77,93
1,-77,95
-4,-77,97
-2,-77,99
0,-77,101
-1,-77,102
-1,-77,104
1,-77,105
-1,-77,106
-3,-77,108
-3,-77,112
-2,-77,114
-1,-77,116
-1,-77,117
-1,-77,118
1,-77,124
-3,-77,125
1,-77,126
-3,-77,127
-1,-77,129
-2,-77,135
-1,-77,137
-1,-77,138
-2,-77,140
-1,-77,141
0,-77,142
0,-77,143
-1,-77,144
0,-77,145
1,-77,146
-1,-77,148
1,-77,149
-3,-77,150
1,-77,151
-1,-77,152
-1,-77,155
1,-77,157
-2,-77,158
-1,-77,160
-1,-77,161
-2,-77,162
-1,-77,163
-2,-77,164
-2,-77,165
1,-77,166
1,-77,168
-1,-77,169
-3,-77,171
1,-77,172
-3,-77,173
0,-77,174
-1,-77,175
-1,-77,176
-1,-77,179
-1,-77,181
-1,-77,184
-1,-77,186
-1,-77,187
-1,-77,188
-2,-77,189
1,-77,190
-1,-77,191
-1,-77,200
-1,-77,202
-1,-77,204
-1,-77,211
-1,-77,218
-1,-77,219
-2,-77,223
-1,-77,225
-1,-77,227
-1,-77,229
-2,-77,232
-2,-77,233
-1,-77,234
-1,-77,235
1,-77,237
2,-77,239
1,-77,240
-1,-77,241
0,-77,242
-1,-77,243
1,-77,245
3,-77,246
0,-77,247
2,-77,248
-1,-77,249
2,-77,251
1,-77,252
-1,-77,253
3,-77,255
4,-77,256
1,-77,257
2,-77,258
2,-77,259
1,-77,260
-2,-77,264
1,-77,268
-1,-77,270
0,-77,272
1,-77,273
1,-77,284
-1,-77,380
-1,-77,656
-1,-76,-36
-1,-76,-23
1,-76,-20
-1,-76,-16
-2,-76,-10
-2,-76,-5
-1,-76,-3
-2,-76,0
0,-76,1
2,-76,4
1,-76,6
1,-76,7
-1,-76,8
-2,-76,10
-1,-76,12
1,-76,13
-3,-76,16
-1,-76,18
-2,-76,21
-1,-76,23
-1,-76,25
-1,-76,27
1,-76,29
-1,-76,31
1,-76,32
0,-76,33
-2,-76,36
-1,-76,40
-1,-76,42
-3,-76,44
1,-76,47
1,-76,48
1,-76,50
1,-76,51
1,-76,54
0,-76,55
1,-76,57
-1,-76,59
0,-76,61
-1,-76,63
1,-76,64
-1,-76,68
-1,-76,70
1,-76,78
1,-76,90
1,-76,93
-1,-76,100
-1,-76,102
1,-76,106
-1,-76,113
-1,-76,115
1,-76,116
-1,-76,119
-1,-76,121
1,-76,124
1,-76,125
-2,-76,128
-1,-76,130
-1,-76,132
1,-76,134
-2,-76,136
1,-76,138
0,-76,139
-2,-76,141
-1,-76,145
1,-76,147
2,-76,148
-1,-76,149
-2,-76,151
1,-76,152
2,-76,153
-2,-76,154
-1,-76,158
-1,-76,162
1,-76,164
-1,-76,169
-1,-76,171
-1,-76,173
1,-76,178
-1,-76,179
1,-76,180
-1,-76,184
1,-76,187
-2,-76,188
1,-76,193
-1,-76,196
-1,-76,201
1,-76,206
1,-76,229
-1,-76,233
1,-76,234
1,-76,235
-1,-76,237
-2,-76,239
2,-76,240
2,-76,241
1,-76,242
1,-76,243
2,-76,246
1,-76,247
3,-76,248
1,-76,250
3,-76,251
2,-76,253
1,-76,254
2,-76,255
2,-76,256
1,-76,257
1,-76,258
1,-76,259
1,-76,260
1,-76,261
3,-76,262
3,-76,267
1,-76,272
1,-76,273
1,-76,277
1,-76,288
1,-76,305
1,-76,389
-1,-76,634
1,-75,-28
-1,-75,-18
-1,-75,-16
-1,-75,-13
-1,-75,-9
-1,-75,-8
0,-75,-7
-2,-75,-5
-1,-75,0
1,-75,1
-1,-75,2
-1,-75,3
-1,-75,4
1,-75,5
-1,-75,7
-2,-75,8
1,-75,10
-2,-75,13
-1,-75,15
1,-75,16
-2,-75,17
-1,-75,19
1,-75,21
3,-75,22
-2,-75,23
2,-75,25
0,-75,26
1,-75,27
-1,-75,28
1,-75,29
-1,-75,30
2,-75,36
-1,-75,38
-1,-75,40
-3,-75,41
-1,-75,43
-1,-75,45
0,-75,47
1,-75,50
-1,-75,51
1,-75,53
-1,-75,54
-1,-75,56
-1,-75,57
2,-75,58
1,-75,59
-1,-75,61
0,-75,64
0,-75,65
0,-75,66
-1,-75,72
0,-75,73
1,-75,88
-1,-75,92
-1,-75,95
-1,-75,97
-1,-75,105
1,-75,107
1,-75,109
1,-75,110
-1,-75,112
1,-75,113
-1,-75,116
-1,-75,117
1,-75,119
-2,-75,120
-1,-75,121
1,-75,122
0,-75,123
1,-75,127
0,-75,131
1,-75,132
-2,-75,137
1,-75,138
-1,-75,141
0,-75,143
-3,-75,144
0,-75,145
0,-75,148
-1,-75,149
0,-75,150
-1,-75,151
1,-75,152
-1,-75,153
0,-75,155
0,-75,158
-1,-75,160
-2,-75,161
0,-75,162
1,-75,163
-1,-75,164
0,-75,165
-1,-75,167
-2,-75,168
-1,-75,169
-1,-75,171
-1,-75,174
-3,-75,175
-1,-75,176
-1,-75,179
1,-75,180
1,-75,181
-1,-75,184
1,-75,189
-1,-75,191
-1,-75,192
-1,-75,199
1,-75,206
-1,-75,210
-1,-75,212
-1,-75,214
0,-75,216
-2,-75,218
-1,-75,220
-1,-75,223
-1,-75,225
-1,-75,227
-1,-75,230
2,-75,231
-1,-75,232
1,-75,235
1,-75,237
1,-75,240
1,-75,241
3,-75,242
0,-75,243
4,-75,244
3,-75,245
6,-75,246
3,-75,247
2,-75,248
1,-75,250
1,-75,251
3,-75,252
1,-75,253
1,-75,254
2,-75,255
3,-75,256
1,-75,257
1,-75,258
1,-75,261
-1,-75,262
1,-75,263
1,-75,264
1,-75,265
1,-75,267
2,-75,269
-1,-75,271
2,-75,272
1,-75,279
1,-75,281
1,-75,306
-1,-74,-21
-1,-74,-14
-1,-74,-13
-1,-74,-9
-1,-74,-8
-2,-74,-3
-3,-74,-1
-2,-74,0
-2,-74,1
-1,-74,3
1,-74,4
-4,-74,5
-2,-74,8
1,-74,9
-3,-74,10
1,-74,11
-5,-74,12
1,-74,13
-1,-74,14
-3,-74,15
-6,-74,16
-5,-74,18
1,-74,20
-5,-74,21
1,-74,22
-3,-74,23
1,-74,24
-3,-74,25
-2,-74,27
0,-74,28
-3,-74,29
1,-74,32
-2,-74,33
1,-74,34
1,-74,36
1,-74,37
-2,-74,38
-2,-74,40
-1,-74,41
1,-74,42
-3,-74,44
-3,-74,46
1,-74,47
-1,-74,48
-1,-74,51
-1,-74,53
0,-74,55
-3,-74,57
-1,-74,59
1,-74,60
-4,-74,61
0,-74,63
3,-74,65
-1,-74,66
-1,-74,72
-1,-74,74
1,-74,78
1,-74,79
-1,-74,81
-1,-74,85
-1,-74,89
1,-74,90
-1,-74,91
-1,-74,93
-1,-74,97
-2,-74,100
0,-74,104
1,-74,107
-1,-74,111
2,-74,113
1,-74,114
2,-74,116
-2,-74,119
1,-74,120
1,-74,121
1,-74,122
-2,-74,124
-3,-74,125
-1,-74,126
1,-74,127
-2,-74,128
-2,-74,130
1,-74,131
1,-74,134
1,-74,138
-1,-74,139
-3,-74,143
-2,-74,145
0,-74,146
-4,-74,149
-2,-74,151
0,-74,155
-4,-74,158
3,-74,159
-3,-74,162
-2,-74,164
-1,-74,166
-1,-74,169
1,-74,170
-3,-74,171
1,-74,172
-1,-74,173
-1,-74,174
-1,-74,175
-3,-74,176
-1,-74,177
-2,-74,179
-2,-74,181
-2,-74,186
1,-74,188
1,-74,190
-2,-74,194
0,-74,196
-2,-74,203
-1,-74,204
-3,-74,207
-1,-74,209
1,-74,213
1,-74,215
-1,-74,217
1,-74,230
0,-74,231
-3,-74,233
1,-74,234
-2,-74,235
1,-74,237
-1,-74,238
-3,-74,239
3,-74,240
3,-74,241
1,-74,242
1,-74,243
1,-74,245
1,-74,246
2,-74,247
2,-74,248
2,-74,249
2,-74,250
2,-74,251
1,-74,253
-1,-74,254
2,-74,255
2,-74,257
2,-74,258
0,-74,259
1,-74,260
1,-74,265
1,-74,267
1,-74,268
2,-74,269
1,-74,271
1,-74,272
2,-74,277
0,-74,284
1,-74,289
1,-74,309
-1,-74,400
1,-74,493
-1,-73,-8
-1,-73,-7
-1,-73,-2
-4,-73,0
-2,-73,4
-1,-73,7
-1,-73,11
-1,-73,13
-1,-73,15
-1,-73,17
-4,-73,19
-1,-73,23
-1,-73,26
-2,-73,28
1,-73,31
-1,-73,32
-2,-73,36
-1,-73,38
-1,-73,42
-1,-73,47
-1,-73,52
-1,-73,53
-1,-73,56
-1,-73,57
1,-73,58
-1,-73,61
-1,-73,65
-2,-73,70
-1,-73,72
-1,-73,78
0,-73,80
1,-73,85
-1,-73,86
-1,-73,97
-1,-73,101
-2,-73,108
-1,-73,110
-1,-73,114
-1,-73,116
1,-73,117
1,-73,120
1,-73,122
-3,-73,129
1,-73,131
-1,-73,133
-1,-73,138
-1,-73,139
-1,-73,140
1,-73,141
1,-73,144
-1,-73,145
1,-73,146
-1,-73,150
-1,-73,155
-1,-73,158
-1,-73,160
1,-73,167
2,-73,169
-1,-73,171
1,-73,174
-2,-73,179
1,-73,190
1,-73,197
-1,-73,198
-1,-73,200
1,-73,211
-1,-73,219
-1,-73,220
-1,-73,223
-1,-73,225
-1,-73,228
-1,-73,229
-1,-73,232
-1,-73,234
0,-73,236
1,-73,237
-1,-73,238
-1,-73,241
0,-73,243
0,-73,244
-1,-73,245
2,-73,246
1,-73,248
-1,-73,249
1,-73,251
2,-73,253
1,-73,256
1,-73,258
1,-73,261
1,-73,269
-1,-73,270
1,-73,276
-1,-73,519
-1,-72,-36
-1,-72,-29
0,-72,-14
-2,-72,-10
-4,-72,-8
-2,-72,-6
1,-72,-4
-1,-72,-3
-1,-72,-1
-3,-72,0
-1,-72,1
-1,-72,2
-2,-72,3
-4,-72,5
-1,-72,7
-1,-72,8
-2,-72,10
-2,-72,12
1,-72,13
-2,-72,14
-4,-72,15
-1,-72,16
-2,-72,17
-2,-72,18
1,-72,19
1,-72,20
1,-72,21
0,-72,23
-2,-72,25
-3,-72,27
1,-72,28
1,-72,29
-5,-72,33
1,-72,34
1,-72,35
-1,-72,36
-3,-72,38
0,-72,40
-1,-72,41
-1,-72,42
-2,-72,44
1,-72,45
2,-72,46
-2,-72,48
-1,-72,49
0,-72,51
-1,-72,54
-3,-72,55
-1,-72,58
1,-72,60
-2,-72,61
3,-72,64
0,-72,66
-1,-72,70
1,-72,72
1,-72,73
1,-72,74
1,-72,75
1,-72,76
-1,-72,77
1,-72,78
1,-72,79
0,-72,81
-1,-72,82
1,-72,85
-1,-72,87
-2,-72,89
3,-72,90
-3,-72,91
1,-72,92
1,-72,95
1,-72,96
1,-72,97
1,-72,98
-1,-72,104
1,-72,105
-1,-72,109
-1,-72,113
2,-72,114
-1,-72,115
1,-72,116
1,-72,118
-1,-72,120
-2,-72,122
-1,-72,125
1,-72,126
-1,-72,127
1,-72,129
0,-72,130
-1,-72,135
0,-72,136
-1,-72,141
2,-72,144
-4,-72,145
-1,-72,146
-1,-72,148
-1,-72,149
0,-72,150
-1,-72,151
1,-72,154
1,-72,155
-2,-72,156
2,-72,158
1,-72,159
-1,-72,160
-2,-72,162
-1,-72,164
1,-72,167
0,-72,169
0,-72,171
-1,-72,173
-2,-72,174
-1,-72,176
0,-72,179
-1,-72,183
-2,-72,184
-1,-72,188
1,-72,193
-3,-72,194
0,-72,196
-1,-72,199
-2,-72,201
-1,-72,210
1,-72,211
1,-72,217
-2,-72,232
-1,-72,233
2,-72,234
0,-72,235
-1,-72,237
1,-72,239
-1,-72,240
0,-72,242
2,-72,243
-1,-72,244
3,-72,246
0,-72,247
1,-72,248
1,-72,250
1,-72,251
1,-72,252
2,-72,253
1,-72,254
3,-72,256
2,-72,257
2,-72,258
1,-72,261
2,-72,262
1,-72,263
2,-72,264
1,-72,267
1,-72,268
1,-72,274
1,-72,278
1,-72,518
-1,-71,-19
-1,-71,-15
1,-71,-10
-3,-71,-8
-1,-71,-3
-2,-71,-2
1,-71,-1
0,-71,0
1,-71,1
-1,-71,2
-2,-71,4
-1,-71,5
-2,-71,7
-1,-71,8
-4,-71,9
-1,-71,10
-1,-71,11
-2,-71,12
-1,-71,13
-4,-71,15
-1,-71,17
-2,-71,18
0,-71,19
-3,-71,20
0,-71,22
-3,-71,23
1,-71,24
-1,-71,25
0,-71,26
-2,-71,28
-4,-71,30
1,-71,31
2,-71,32
-4,-71,33
-2,-71,34
-1,-71,35
-6,-71,36
-1,-71,38
-2,-71,40
1,-71,41
-6,-71,42
-2,-71,45
-1,-71,46
1,-71,49
1,-71,50
-5,-71,51
1,-71,52
-1,-71,53
-1,-71,54
1,-71,55
-1,-71,56
1,-71,60
-3,-71,61
0,-71,63
0,-71,64
2,-71,67
1,-71,71
2,-71,73
-1,-71,76
-1,-71,78
-1,-71,79
1,-71,83
2,-71,85
4,-71,86
1,-71,87
2,-71,88
0,-71,89
-2,-71,92
0,-71,95
-4,-71,97
-2,-71,99
1,-71,103
0,-71,104
1,-71,111
1,-71,112
-1,-71,114
-1,-71,115
-1,-71,116
-2,-71,120
-2,-71,123
1,-71,125
-1,-71,127
-1,-71,129
2,-71,130
1,-71,131
-3,-71,133
-1,-71,135
1,-71,136
-5,-71,137
-1,-71,138
1,-71,139
-1,-71,141
1,-71,142
1,-71,143
-1,-71,144
1,-71,146
0,-71,148
-1,-71,150
-2,-71,151
1,-71,152
2,-71,153
-1,-71,154
2,-71,155
1,-71,156
-4,-71,158
0,-71,160
-1,-71,163
-2,-71,164
-1,-71,165
-1,-71,166
1,-71,167
1,-71,169
1,-71,170
-2,-71,171
-1,-71,175
0,-71,177
-2,-71,179
-1,-71,181
1,-71,184
-2,-71,186
-1,-71,190
-2,-71,191
-2,-71,192
-1,-71,194
-1,-71,196
2,-71,197
-3,-71,198
-1,-71,199
-1,-71,207
-1,-71,215
1,-71,216
-1,-71,219
0,-71,230
1,-71,231
-4,-71,232
2,-71,235
-2,-71,236
1,-71,237
-4,-71,238
0,-71,240
1,-71,241
1,-71,242
1,-71,244
1,-71,245
2,-71,246
5,-71,247
4,-71,248
-1,-71,249
1,-71,250
6,-71,251
0,-71,253
2,-71,254
1,-71,255
2,-71,256
2,-71,257
3,-71,258
1,-71,260
2,-71,261
-1,-71,262
2,-71,263
1,-71,268
1,-71,270
1,-71,274
1,-71,275
-1,-71,281
1,-71,285
1,-71,289
1,-71,311
-1,-71,489
-1,-70,-8
-3,-70,-5
-4,-70,-3
-1,-70,-1
-2,-70,0
-1,-70,2
-1,-70,3
-1,-70,4
0,-70,5
1,-70,6
-1,-70,8
0,-70,10
-2,-70,12
1,-70,13
-2,-70,14
1,-70,15
1,-70,16
2,-70,17
-1,-70,18
-1,-70,19
-3,-70,21
-3,-70,23
1,-70,25
0,-70,26
0,-70,28
-1,-70,34
0,-70,36
1,-70,38
-1,-70,41
2,-70,44
-2,-70,45
-1,-70,46
1,-70,47
0,-70,48
1,-70,49
1,-70,50
-4,-70,51
4,-70,52
-1,-70,53
1,-70,54
0,-70,57
-1,-70,58
-1,-70,59
-1,-70,60
1,-70,61
0,-70,62
2,-70,64
-1,-70,66
0,-70,67
-1,-70,70
1,-70,71
1,-70,73
-1,-70,74
-1,-70,76
-1,-70,80
-1,-70,82
1,-70,85
2,-70,86
1,-70,88
1,-70,90
0,-70,93
1,-70,95
-1,-70,100
-1,-70,102
-1,-70,104
1,-70,106
1,-70,110
-1,-70,115
1,-70,116
1,-70,117
-1,-70,124
1,-70,127
-1,-70,128
1,-70,129
-2,-70,130
1,-70,131
1,-70,134
1,-70,139
-1,-70,142
-1,-70,143
-1,-70,145
-1,-70,147
3,-70,148
0,-70,149
1,-70,151
1,-70,152
2,-70,153
-1,-70,155
-1,-70,156
1,-70,157
1,-70,159
-1,-70,160
2,-70,161
-2,-70,162
-1,-70,166
1,-70,167
0,-70,169
-1,-70,171
1,-70,172
1,-70,175
1,-70,178
-3,-70,181
1,-70,182
1,-70,183
-1,-70,184
-1,-70,188
1,-70,190
0,-70,192
-1,-70,196
1,-70,205
1,-70,211
-1,-70,216
-2,-70,218
-2,-70,231
-1,-70,233
1,-70,234
2,-70,235
1,-70,239
1,-70,240
2,-70,241
1,-70,242
2,-70,243
-1,-70,244
5,-70,246
1,-70,248
0,-70,250
1,-70,252
3,-70,253
1,-70,254
4,-70,256
1,-70,257
1,-70,258
2,-70,259
2,-70,261
1,-70,262
2,-70,263
1,-70,264
1,-70,271
1,-70,273
1,-70,275
1,-70,278
1,-70,284
1,-70,294
-1,-70,334
-1,-69,-21
-1,-69,-18
-1,-69,-6
-1,-69,-3
-2,-69,0
-1,-69,3
0,-69,4
1,-69,5
-1,-69,7
-1,-69,9
-2,-69,10
0,-69,11
-5,-69,13
-2,-69,15
-3,-69,17
-2,-69,19
1,-69,21
1,-69,22
-1,-69,25
1,-69,27
-1,-69,28
1,-69,29
-1,-69,33
-1,-69,34
-2,-69,35
-1,-69,36
1,-69,37
0,-69,38
-1,-69,41
-1,-69,42
0,-69,43
1,-69,45
0,-69,47
2,-69,48
-2,-69,49
-2,-69,51
-2,-69,53
-1,-69,55
-1,-69,59
1,-69,62
-2,-69,63
1,-69,64
-1,-69,70
1,-69,71
-1,-69,74
1,-69,75
-1,-69,76
-2,-69,78
1,-69,80
-2,-69,87
1,-69,88
1,-69,89
1,-69,90
0,-69,91
-1,-69,95
1,-69,96
-3,-69,97
-1,-69,99
0,-69,104
0,-69,110
1,-69,111
-1,-69,114
-1,-69,115
-1,-69,118
-2,-69,125
0,-69,128
1,-69,130
-1,-69,131
1,-69,132
1,-69,133
-1,-69,135
1,-69,136
2,-69,137
2,-69,143
1,-69,144
-1,-69,146
1,-69,148
-1,-69,150
-1,-69,152
-2,-69,156
-2,-69,158
-2,-69,160
-1,-69,164
-1,-69,168
-4,-69,169
1,-69,170
-2,-69,173
-1,-69,174
1,-69,176
-1,-69,178
-2,-69,179
1,-69,181
1,-69,182
1,-69,184
2,-69,185
-1,-69,190
-1,-69,191
-1,-69,199
1,-69,200
-1,-69,201
0,-69,204
-1,-69,219
1,-69,222
-1,-69,226
-1,-69,232
1,-69,235
0,-69,237
2,-69,238
1,-69,240
2,-69,241
1,-69,242
3,-69,243
1,-69,245
1,-69,246
-1,-69,247
0,-69,248
2,-69,249
1,-69,250
1,-69,252
4,-69,253
0,-69,255
2,-69,256
1,-69,257
1,-69,260
1,-69,262
2,-69,264
1,-69,266
1,-69,269
1,-69,276
1,-69,278
1,-69,279
1,-69,283
1,-69,289
-1,-69,302
1,-69,311
-1,-69,467
-1,-69,521
-1,-68,-14
-1,-68,-5
-1,-68,-3
-1,-68,-1
-2,-68,3
-1,-68,4
0,-68,8
-2,-68,10
-2,-68,12
-1,-68,13
0,-68,14
-4,-68,16
-2,-68,18
-1,-68,21
-2,-68,25
-1,-68,29
-1,-68,30
1,-68,32
-3,-68,33
-1,-68,38
-1,-68,39
-1,-68,43
-1,-68,45
-1,-68,46
-3,-68,48
-2,-68,49
-1,-68,51
-1,-68,56
-1,-68,57
-1,-68,58
-2,-68,59
-1,-68,63
-1,-68,65
-2,-68,66
-1,-68,68
-1,-68,70
-1,-68,75
1,-68,77
1,-68,81
1,-68,82
-1,-68,89
-1,-68,96
-3,-68,100
-1,-68,106
-2,-68,111
-1,-68,114
0,-68,116
-1,-68,119
-1,-68,121
1,-68,122
1,-68,125
1,-68,130
1,-68,132
1,-68,134
1,-68,135
-1,-68,138
-1,-68,139
-1,-68,145
-2,-68,149
-3,-68,151
1,-68,152
-1,-68,154
1,-68,155
-2,-68,156
-2,-68,158
-1,-68,160
-2,-68,162
-2,-68,164
-2,-68,166
1,-68,168
-2,-68,171
-1,-68,175
-1,-68,177
1,-68,185
-1,-68,190
-1,-68,192
-1,-68,194
-1,-68,196
-1,-68,197
-2,-68,199
-1,-68,205
-1,-68,214
-3,-68,216
-1,-68,218
-1,-68,225
-1,-68,227
-1,-68,233
-1,-68,235
-1,-68,238
1,-68,241
-1,-68,242
2,-68,250
-1,-68,252
1,-68,253
1,-68,262
1,-68,264
1,-68,267
1,-68,284
-1,-68,400
-2,-67,-11
-2,-67,-3
-1,-67,-2
-2,-67,0
0,-67,5
-1,-67,7
-1,-67,9
0,-67,10
0,-67,12
-2,-67,13
2,-67,14
-1,-67,15
1,-67,17
-1,-67,19
-1,-67,20
-2,-67,21
-1,-67,22
1,-67,23
-1,-67,26
-1,-67,28
3,-67,29
-2,-67,30
-2,-67,33
-1,-67,34
-1,-67,35
-3,-67,36
2,-67,38
2,-67,39
-1,-67,40
1,-67,42
1,-67,43
-1,-67,46
1,-67,49
1,-67,51
0,-67,53
1,-67,54
1,-67,55
2,-67,57
1,-67,58
1,-67,59
-1,-67,61
1,-67,62
1,-67,66
1,-67,67
0,-67,68
-1,-67,69
1,-67,71
-1,-67,76
1,-67,77
1,-67,81
1,-67,83
1,-67,85
-1,-67,86
1,-67,90
1,-67,91
1,-67,93
-1,-67,95
1,-67,98
0,-67,104
1,-67,105
-1,-67,106
1,-67,107
1,-67,109
-1,-67,110
-2,-67,112
1,-67,113
1,-67,114
1,-67,117
1,-67,118
0,-67,120
1,-67,121
2,-67,122
1,-67,124
-1,-67,125
0,-67,127
1,-67,128
-1,-67,129
3,-67,130
1,-67,134
-1,-67,135
0,-67,138
-1,-67,139
2,-67,142
-1,-67,145
-1,-67,146
-1,-67,148
1,-67,149
-2,-67,150
0,-67,151
1,-67,154
-1,-67,155
1,-67,158
-1,-67,160
1,-67,162
0,-67,163
-1,-67,164
-2,-67,165
-1,-67,171
-2,-67,173
-1,-67,176
-1,-67,179
1,-67,180
-2,-67,186
1,-67,188
-2,-67,192
0,-67,198
1,-67,209
1,-67,210
-1,-67,217
-1,-67,219
0,-67,232
-1,-67,233
-1,-67,234
-1,-67,235
-1,-67,238
1,-67,239
1,-67,240
0,-67,241
1,-67,242
0,-67,243
1,-67,244
-1,-67,245
3,-67,246
1,-67,247
1,-67,248
0,-67,249
0,-67,250
1,-67,251
0,-67,252
2,-67,253
2,-67,254
2,-67,255
2,-67,256
1,-67,257
2,-67,259
1,-67,261
1,-67,262
2,-67,263
1,-67,266
2,-67,269
1,-67,273
1,-67,276
1,-67,277
1,-67,279
1,-67,308
1,-67,676
-1,-66,-44
1,-66,-11
-3,-66,-8
-3,-66,-5
-3,-66,-3
1,-66,-2
-2,-66,-1
-3,-66,0
-3,-66,1
-1,-66,2
-5,-66,3
1,-66,4
-2,-66,5
1,-66,6
-1,-66,7
-1,-66,8
-3,-66,10
-6,-66,12
1,-66,13
-2,-66,14
-4,-66,16
-5,-66,18
-1,-66,20
-3,-66,21
0,-66,22
-3,-66,23
0,-66,25
-3,-66,27
3,-66,28
-6,-66,29
-2,-66,30
-3,-66,31
1,-66,32
-10,-66,33
1,-66,34
1,-66,35
1,-66,37
-4,-66,38
-2,-66,40
0,-66,41
-4,-66,42
-1,-66,43
-1,-66,44
-1,-66,45
-1,-66,46
1,-66,48
-2,-66,49
-2,-66,52
-4,-66,53
-1,-66,54
1,-66,55
-2,-66,57
-1,-66,58
-1,-66,59
1,-66,60
-2,-66,61
-1,-66,62
2,-66,64
-1,-66,65
-4,-66,66
-1,-66,68
-2,-66,70
2,-66,71
-2,-66,72
-2,-66,74
-1,-66,75
-2,-66,76
1,-66,77
-2,-66,78
1,-66,80
-2,-66,81
-2,-66,83
1,-66,84
-1,-66,89
0,-66,91
1,-66,92
-1,-66,93
1,-66,95
1,-66,97
1,-66,98
1,-66,99
1,-66,102
0,-66,104
-1,-66,106
-1,-66,111
-2,-66,115
1,-66,120
1,-66,121
1,-66,122
1,-66,125
1,-66,126
-1,-66,127
2,-66,128
1,-66,129
1,-66,130
0,-66,132
1,-66,136
1,-66,138
-2,-66,140
-2,-66,141
-1,-66,142
-1,-66,143
-2,-66,145
-1,-66,146
2,-66,147
0,-66,148
-3,-66,151
1,-66,154
0,-66,155
-3,-66,156
1,-66,158
-4,-66,160
-1,-66,162
-1,-66,164
-2,-66,166
-3,-66,169
-2,-66,171
1,-66,172
0,-66,173
-1,-66,175
1,-66,179
-2,-66,181
0,-66,183
-1,-66,184
-1,-66,186
-1,-66,187
1,-66,188
-1,-66,189
-2,-66,192
-1,-66,194
-1,-66,196
-1,-66,202
-1,-66,210
-2,-66,220
-1,-66,227
1,-66,231
-1,-66,233
-1,-66,235
1,-66,237
1,-66,240
5,-66,241
2,-66,242
-1,-66,243
-2,-66,244
2,-66,245
1,-66,246
2,-66,247
1,-66,248
0,-66,250
2,-66,251
3,-66,252
1,-66,253
2,-66,254
3,-66,255
4,-66,256
1,-66,257
1,-66,258
2,-66,259
2,-66,260
0,-66,261
1,-66,263
1,-66,267
2,-66,269
1,-66,281
1,-66,302
1,-66,327
-1,-65,-13
-3,-65,-6
1,-65,-1
0,-65,4
-1,-65,9
-2,-65,11
-1,-65,13
1,-65,15
2,-65,16
1,-65,18
-1,-65,19
2,-65,20
2,-65,22
-1,-65,26
1,-65,29
1,-65,30
-1,-65,34
1,-65,35
1,-65,36
1,-65,39
-3,-65,42
2,-65,43
-1,-65,45
1,-65,46
1,-65,47
1,-65,49
0,-65,51
1,-65,53
-2,-65,55
-2,-65,57
2,-65,59
1,-65,60
-1,-65,61
3,-65,67
1,-65,68
2,-65,70
1,-65,71
1,-65,72
-2,-65,76
1,-65,77
-1,-65,78
1,-65,80
-1,-65,82
1,-65,83
0,-65,85
1,-65,86
-3,-65,87
1,-65,88
1,-65,94
2,-65,95
-1,-65,97
1,-65,98
3,-65,99
3,-65,104
-1,-65,106
-1,-65,108
1,-65,109
-1,-65,112
1,-65,114
1,-65,120
1,-65,125
1,-65,126
1,-65,127
-1,-65,129
1,-65,131
0,-65,137
1,-65,140
-1,-65,141
1,-65,143
1,-65,144
2,-65,147
1,-65,155
-2,-65,156
-1,-65,158
1,-65,159
0,-65,163
-4,-65,165
-1,-65,167
-1,-65,169
1,-65,172
-3,-65,173
1,-65,174
1,-65,176
0,-65,177
2,-65,179
-1,-65,181
1,-65,184
-1,-65,188
1,-65,193
1,-65,195
-1,-65,200
1,-65,206
-1,-65,222
1,-65,240
0,-65,241
1,-65,242
1,-65,243
2,-65,245
1,-65,246
1,-65,247
2,-65,248
1,-65,249
-1,-65,251
1,-65,252
1,-65,253
1,-65,254
4,-65,256
2,-65,257
1,-65,258
2,-65,259
2,-65,260
2,-65,261
1,-65,262
2,-65,264
2,-65,267
1,-65,268
2,-65,269
2,-65,272
1,-65,273
-1,-65,274
1,-65,278
1,-65,285
1,-65,286
1,-65,291
1,-64,-19
-1,-64,-9
-1,-64,-5
1,-64,-3
-1,-64,-1
-1,-64,2
-1,-64,7
-1,-64,8
-1,-64,10
1,-64,11
-1,-64,12
1,-64,14
-2,-64,15
-1,-64,17
0,-64,18
2,-64,19
-1,-64,20
0,-64,21
1,-64,22
-1,-64,23
1,-64,25
-1,-64,28
-1,-64,30
2,-64,31
1,-64,32
-1,-64,33
2,-64,34
-2,-64,35
-1,-64,36
1,-64,37
0,-64,38
1,-64,39
-2,-64,40
2,-64,42
1,-64,44
-1,-64,45
-1,-64,46
2,-64,50
-1,-64,52
0,-64,54
-2,-64,56
1,-64,58
-1,-64,60
-1,-64,63
-1,-64,66
1,-64,67
-1,-64,71
-1,-64,76
1,-64,79
-1,-64,82
2,-64,85
0,-64,86
1,-64,87
1,-64,90
1,-64,102
-1,-64,107
2,-64,108
1,-64,110
2,-64,113
-1,-64,114
0,-64,115
1,-64,117
-1,-64,118
1,-64,122
1,-64,123
3,-64,126
1,-64,128
1,-64,130
-1,-64,132
1,-64,133
1,-64,134
-1,-64,135
-1,-64,138
2,-64,141
0,-64,142
0,-64,145
0,-64,149
2,-64,151
-2,-64,156
-1,-64,161
2,-64,164
-1,-64,168
0,-64,171
2,-64,173
0,-64,174
-1,-64,176
-1,-64,178
-2,-64,186
1,-64,190
-1,-64,196
-1,-64,201
-2,-64,207
-1,-64,209
-1,-64,225
-1,-64,231
1,-64,239
2,-64,240
1,-64,241
2,-64,242
1,-64,243
1,-64,244
0,-64,245
-1,-64,246
-2,-64,247
1,-64,248
0,-64,252
2,-64,255
4,-64,257
2,-64,258
1,-64,260
2,-64,262
2,-64,263
1,-64,266
2,-64,267
2,-64,274
1,-64,275
1,-64,285
1,-64,291
2,-64,302
-1,-64,454
1,-64,753
-1,-63,-15
-1,-63,-14
-1,-63,-12
-1,-63,-11
-1,-63,-10
-1,-63,-8
-1,-63,-5
-1,-63,-4
-1,-63,-3
-1,-63,-1
-4,-63,0
-1,-63,1
-2,-63,4
-2,-63,5
-1,-63,7
-1,-63,9
-3,-63,10
-1,-63,11
-1,-63,12
-1,-63,15
1,-63,16
1,-63,18
-1,-63,19
-5,-63,21
-1,-63,23
-3,-63,25
-5,-63,26
-1,-63,27
-1,-63,28
-1,-63,29
-2,-63,31
-2,-63,32
0,-63,33
-3,-63,34
1,-63,37
-4,-63,38
-2,-63,40
0,-63,42
-2,-63,44
1,-63,46
-2,-63,47
-5,-63,49
-2,-63,51
-2,-63,53
-2,-63,55
-1,-63,57
1,-63,60
-1,-63,61
-4,-63,63
-2,-63,66
-2,-63,68
1,-63,69
0,-63,72
1,-63,73
-1,-63,74
-4,-63,76
-1,-63,78
-2,-63,85
-1,-63,87
-1,-63,89
-1,-63,91
-1,-63,93
-1,-63,96
-1,-63,97
-1,-63,100
1,-63,101
-1,-63,102
1,-63,104
1,-63,105
-1,-63,108
-1,-63,112
-1,-63,117
0,-63,118
-1,-63,121
0,-63,122
-1,-63,124
-1,-63,125
-1,-63,128
-1,-63,132
-2,-63,135
1,-63,137
-3,-63,141
-1,-63,147
-1,-63,149
-1,-63,150
-2,-63,151
1,-63,157
-1,-63,158
-1,-63,162
-2,-63,164
-1,-63,165
-1,-63,166
-2,-63,169
-3,-63,171
-3,-63,173
-2,-63,175
-2,-63,177
-1,-63,179
-2,-63,184
-3,-63,186
-1,-63,188
-2,-63,190
-2,-63,192
1,-63,194
-1,-63,196
-1,-63,198
-1,-63,203
-2,-63,205
1,-63,209
1,-63,210
0,-63,211
-1,-63,213
-1,-63,230
-1,-63,232
-1,-63,235
0,-63,237
-1,-63,238
-1,-63,239
-1,-63,242
-1,-63,244
-2,-63,245
0,-63,246
0,-63,247
1,-63,248
1,-63,249
1,-63,251
1,-63,252
1,-63,253
-1,-63,259
-1,-63,264
1,-63,279
-1,-63,280
1,-63,281
1,-63,293
-1,-62,-1
0,-62,0
1,-62,4
0,-62,5
-1,-62,6
1,-62,8
1,-62,9
-1,-62,10
1,-62,11
0,-62,12
-2,-62,13
0,-62,15
-1,-62,17
1,-62,18
1,-62,20
3,-62,22
-1,-62,23
-1,-62,26
0,-62,28
1,-62,29
0,-62,30
-2,-62,31
3,-62,32
1,-62,33
1,-62,34
1,-62,35
0,-62,36
0,-62,38
-1,-62,39
-1,-62,41
0,-62,43
-1,-62,45
0,-62,46
-1,-62,47
1,-62,48
0,-62,51
2,-62,52
-2,-62,54
1,-62,56
-1,-62,58
1,-62,59
-1,-62,61
2,-62,62
1,-62,64
1,-62,65
-2,-62,69
-1,-62,71
1,-62,73
2,-62,75
1,-62,80
1,-62,81
1,-62,82
1,-62,84
1,-62,88
1,-62,90
-1,-62,93
2,-62,94
1,-62,96
1,-62,98
-3,-62,103
1,-62,105
-1,-62,107
1,-62,109
2,-62,110
1,-62,111
-1,-62,114
-1,-62,117
1,-62,119
1,-62,120
-1,-62,123
1,-62,124
1,-62,130
3,-62,132
-1,-62,133
-1,-62,138
-1,-62,140
1,-62,142
-2,-62,149
-1,-62,150
-1,-62,151
1,-62,153
0,-62,155
-1,-62,161
1,-62,162
-2,-62,163
-1,-62,164
1,-62,165
1,-62,167
0,-62,168
1,-62,169
1,-62,172
1,-62,173
1,-62,174
-2,-62,175
-1,-62,176
-2,-62,179
-1,-62,181
0,-62,183
1,-62,186
-1,-62,187
1,-62,188
0,-62,189
-1,-62,199
-1,-62,203
1,-62,204
-1,-62,206
-1,-62,207
-1,-62,214
-1,-62,217
-1,-62,218
-1,-62,219
-1,-62,220
-2,-62,225
-1,-62,227
-1,-62,230
-1,-62,238
2,-62,240
1,-62,241
2,-62,242
2,-62,243
1,-62,247
1,-62,248
1,-62,249
1,-62,250
0,-62,251
3,-62,252
4,-62,253
2,-62,254
1,-62,255
3,-62,256
4,-62,257
2,-62,258
1,-62,259
1,-62,260
3,-62,261
1,-62,262
1,-62,263
1,-62,264
1,-62,265
1,-62,267
1,-62,268
1,-62,270
1,-62,271
1,-62,273
1,-62,274
1,-62,275
2,-62,277
1,-62,285
1,-62,292
1,-62,311
1,-62,621
-1,-61,-29
-1,-61,-18
-1,-61,-16
-1,-61,-14
-1,-61,-10
-1,-61,-9
1,-61,-7
-2,-61,-3
-2,-61,-1
-2,-61,0
0,-61,1
-2,-61,3
1,-61,4
-1,-61,5
3,-61,6
2,-61,9
-1,-61,10
0,-61,12
-2,-61,14
-1,-61,15
-3,-61,16
-2,-61,18
-1,-61,20
0,-61,21
1,-61,22
-2,-61,23
1,-61,24
1,-61,25
0,-61,26
-4,-61,27
2,-61,29
1,-61,31
1,-61,32
-4,-61,33
1,-61,34
-1,-61,35
-1,-61,36
0,-61,38
-1,-61,40
2,-61,41
-2,-61,42
-3,-61,44
-1,-61,45
-3,-61,46
0,-61,48
-2,-61,49
1,-61,50
-3,-61,51
-3,-61,53
-2,-61,55
0,-61,56
-2,-61,57
0,-61,59
-1,-61,61
1,-61,67
-2,-61,68
-1,-61,70
-2,-61,72
1,-61,74
-2,-61,76
0,-61,79
1,-61,80
1,-61,81
-1,-61,83
2,-61,84
1,-61,85
1,-61,86
-4,-61,87
-1,-61,89
1,-61,90
-1,-61,98
-1,-61,99
-1,-61,100
1,-61,102
1,-61,103
-1,-61,104
0,-61,110
0,-61,115
1,-61,116
-2,-61,117
-1,-61,118
2,-61,120
1,-61,121
2,-61,122
1,-61,124
1,-61,125
1,-61,126
0,-61,128
-1,-61,130
2,-61,131
-1,-61,132
-1,-61,134
-1,-61,138
-1,-61,139
-1,-61,140
-1,-61,141
-1,-61,145
-1,-61,146
1,-61,148
1,-61,150
-2,-61,151
1,-61,154
1,-61,155
-2,-61,163
-1,-61,164
1,-61,165
-3,-61,166
1,-61,167
-1,-61,169
0,-61,171
1,-61,172
0,-61,175
-2,-61,177
1,-61,178
0,-61,179
-4,-61,181
0,-61,188
-1,-61,190
1,-61,193
-1,-61,201
-1,-61,202
-1,-61,203
1,-61,211
1,-61,217
-2,-61,220
-1,-61,232
-1,-61,235
-1,-61,239
0,-61,242
0,-61,243
-2,-61,246
2,-61,247
0,-61,248
-2,-61,250
2,-61,251
-1,-61,252
0,-61,253
2,-61,255
2,-61,257
2,-61,258
1,-61,259
2,-61,260
-1,-61,261
2,-61,262
1,-61,263
1,-61,264
2,-61,265
1,-61,267
1,-61,272
1,-61,273
1,-61,274
-1,-61,276
1,-61,277
1,-61,281
1,-61,294
1,-61,309
1,-60,-49
1,-60,-17
-1,-60,-12
1,-60,-2
-1,-60,-1
1,-60,1
-1,-60,2
1,-60,3
2,-60,6
0,-60,7
1,-60,8
1,-60,10
2,-60,11
1,-60,12
1,-60,13
-1,-60,15
1,-60,16
-1,-60,17
-1,-60,19
2,-60,20
2,-60,21
2,-60,22
0,-60,23
1,-60,25
-1,-60,26
1,-60,28
0,-60,30
-1,-60,32
1,-60,33
-1,-60,34
0,-60,36
1,-60,37
2,-60,38
-1,-60,39
0,-60,41
-1,-60,43
1,-60,44
-1,-60,45
1,-60,47
2,-60,48
1,-60,51
-1,-60,56
2,-60,57
2,-60,58
-1,-60,60
1,-60,61
1,-60,63
1,-60,64
-1,-60,66
0,-60,67
2,-60,69
-1,-60,71
-1,-60,72
1,-60,74
-1,-60,78
1,-60,83
-1,-60,85
1,-60,88
1,-60,90
1,-60,94
-1,-60,97
1,-60,98
1,-60,100
0,-60,101
1,-60,105
1,-60,109
1,-60,110
1,-60,111
1,-60,112
2,-60,113
1,-60,116
1,-60,117
1,-60,120
1,-60,121
1,-60,122
1,-60,123
-2,-60,125
-1,-60,127
1,-60,130
1,-60,134
1,-60,137
2,-60,138
1,-60,139
1,-60,146
1,-60,147
1,-60,148
-2,-60,156
1,-60,158
1,-60,161
-1,-60,162
-2,-60,167
-1,-60,169
-2,-60,171
1,-60,173
2,-60,176
-1,-60,177
-1,-60,179
-2,-60,186
0,-60,188
1,-60,193
1,-60,194
1,-60,202
-1,-60,205
-1,-60,234
1,-60,237
-1,-60,238
2,-60,239
2,-60,241
2,-60,242
2,-60,243
1,-60,245
1,-60,246
2,-60,247
2,-60,249
1,-60,251
3,-60,252
1,-60,254
2,-60,256
1,-60,260
1,-60,261
1,-60,262
1,-60,263
1,-60,264
1,-60,265
-1,-60,266
1,-60,267
2,-60,268
1,-60,269
-1,-60,270
2,-60,274
2,-60,275
1,-60,279
1,-60,286
1,-60,288
1,-60,300
1,-60,307
-1,-59,-21
-1,-59,-8
-5,-59,-3
-2,-59,-1
-2,-59,0
-4,-59,1
-1,-59,2
-2,-59,3
-5,-59,5
1,-59,6
-1,-59,7
1,-59,8
-1,-59,10
-1,-59,12
-1,-59,14
-1,-59,15
-1,-59,16
1,-59,17
-3,-59,18
1,-59,20
-1,-59,21
1,-59,22
-1,-59,23
1,-59,24
-1,-59,25
-4,-59,27
-1,-59,29
-1,-59,30
-1,-59,31
-2,-59,33
1,-59,35
-1,-59,36
1,-59,37
-4,-59,38
-5,-59,40
-1,-59,41
-1,-59,42
-3,-59,44
-1,-59,45
-4,-59,46
1,-59,47
-2,-59,48
-1,-59,49
-3,-59,51
-2,-59,53
-1,-59,55
-1,-59,57
2,-59,58
-1,-59,59
-6,-59,61
-1,-59,64
-2,-59,66
-1,-59,68
-1,-59,69
1,-59,71
-3,-59,72
2,-59,73
1,-59,74
1,-59,78
2,-59,79
2,-59,80
-1,-59,83
0,-59,84
-2,-59,85
1,-59,86
1,-59,90
-2,-59,92
-1,-59,93
-1,-59,95
-1,-59,99
1,-59,100
2,-59,102
-2,-59,104
1,-59,105
-1,-59,106
1,-59,111
1,-59,115
1,-59,117
-1,-59,119
1,-59,122
-1,-59,124
2,-59,125
-1,-59,128
1,-59,131
0,-59,132
2,-59,133
-1,-59,134
2,-59,135
-1,-59,136
1,-59,139
-1,-59,140
-3,-59,141
-1,-59,143
0,-59,147
-3,-59,151
-1,-59,153
1,-59,155
-1,-59,161
0,-59,162
-2,-59,164
0,-59,166
-1,-59,168
2,-59,169
-1,-59,171
-3,-59,173
-1,-59,176
1,-59,178
-2,-59,179
1,-59,183
-1,-59,184
-1,-59,186
-1,-59,187
-1,-59,189
-1,-59,190
-1,-59,191
-3,-59,192
1,-59,197
-1,-59,199
-3,-59,201
-1,-59,204
-1,-59,207
-1,-59,209
-1,-59,233
-1,-59,235
-2,-59,237
-1,-59,238
1,-59,239
1,-59,240
1,-59,242
2,-59,243
-2,-59,244
1,-59,245
-1,-59,247
0,-59,248
1,-59,250
3,-59,251
0,-59,252
3,-59,253
-1,-59,254
1,-59,255
2,-59,256
1,-59,257
-1,-59,259
0,-59,260
-1,-59,261
3,-59,262
1,-59,263
1,-59,266
1,-59,267
1,-59,269
1,-59,275
1,-59,287
1,-59,335
1,-59,340
1,-59,529
-1,-59,671
-1,-58,-11
1,-58,-4
1,-58,-2
-3,-58,0
-3,-58,2
1,-58,5
-1,-58,7
1,-58,9
1,-58,10
2,-58,11
1,-58,12
-1,-58,13
1,-58,14
-3,-58,15
1,-58,16
0,-58,17
-2,-58,19
1,-58,20
1,-58,21
0,-58,23
2,-58,25
-1,-58,26
0,-58,28
1,-58,29
1,-58,31
1,-58,32
1,-58,33
1,-58,35
1,-58,38
1,-58,39
-1,-58,40
2,-58,42
3,-58,43
-1,-58,45
2,-58,46
1,-58,48
-1,-58,49
-1,-58,51
1,-58,52
0,-58,53
-2,-58,55
0,-58,57
2,-58,58
-3,-58,59
-1,-58,61
1,-58,62
0,-58,63
2,-58,64
1,-58,66
0,-58,68
1,-58,69
1,-58,71
0,-58,72
1,-58,74
1,-58,75
-2,-58,76
0,-58,78
-1,-58,80
1,-58,82
1,-58,85
1,-58,92
2,-58,94
2,-58,95
1,-58,96
1,-58,98
-1,-58,99
1,-58,100
1,-58,101
1,-58,102
-1,-58,106
1,-58,108
1,-58,109
0,-58,110
1,-58,112
0,-58,116
1,-58,117
0,-58,118
1,-58,119
1,-58,121
0,-58,122
-1,-58,127
1,-58,128
-1,-58,133
1,-58,134
1,-58,135
1,-58,141
1,-58,142
1,-58,143
1,-58,147
-1,-58,148
1,-58,159
1,-58,161
0,-58,163
-1,-58,165
1,-58,168
-1,-58,171
1,-58,172
-1,-58,175
2,-58,178
0,-58,179
-2,-58,181
-1,-58,184
1,-58,187
-1,-58,192
-1,-58,196
-1,-58,200
1,-58,202
1,-58,240
1,-58,241
-2,-58,243
3,-58,246
-1,-58,247
2,-58,248
-1,-58,249
1,-58,250
0,-58,251
3,-58,252
2,-58,253
1,-58,254
0,-58,255
2,-58,256
0,-58,257
2,-58,258
1,-58,259
1,-58,262
1,-58,263
2,-58,264
1,-58,267
1,-58,274
1,-58,281
1,-58,284
1,-58,313
1,-58,321
-1,-57,-16
-1,-57,-14
-1,-57,-8
-1,-57,-5
-2,-57,-3
0,-57,-1
-4,-57,0
-1,-57,1
-1,-57,3
-1,-57,5
-4,-57,8
-1,-57,10
1,-57,11
-6,-57,12
2,-57,13
-2,-57,15
-1,-57,17
-1,-57,18
-1,-57,19
-3,-57,21
-1,-57,23
1,-57,25
-1,-57,26
-3,-57,28
-1,-57,30
-3,-57,31
-1,-57,32
-3,-57,33
1,-57,34
-2,-57,35
-4,-57,36
-1,-57,38
-1,-57,39
-2,-57,40
-1,-57,41
0,-57,44
-1,-57,48
-1,-57,49
-2,-57,51
-1,-57,53
-1,-57,54
-1,-57,55
-3,-57,56
-1,-57,58
-1,-57,59
-2,-57,61
-1,-57,62
-1,-57,63
-1,-57,64
1,-57,66
-2,-57,67
0,-57,68
-1,-57,71
-2,-57,72
1,-57,77
-1,-57,79
-1,-57,81
-1,-57,84
-1,-57,85
-2,-57,87
-1,-57,89
-1,-57,91
-1,-57,97
-1,-57,98
-1,-57,100
-1,-57,103
-1,-57,104
-1,-57,105
-1,-57,108
-1,-57,110
-1,-57,111
-1,-57,114
-1,-57,115
-1,-57,117
-2,-57,119
1,-57,122
1,-57,126
-3,-57,128
-1,-57,138
-2,-57,140
-1,-57,143
-1,-57,147
-2,-57,149
-1,-57,150
-2,-57,151
1,-57,152
-1,-57,154
-1,-57,155
-4,-57,158
-1,-57,162
-2,-57,163
-1,-57,164
-1,-57,168
-1,-57,169
-2,-57,171
-1,-57,173
-1,-57,177
-2,-57,179
1,-57,180
-2,-57,181
-1,-57,183
-1,-57,186
1,-57,189
-1,-57,192
-1,-57,197
-3,-57,212
-1,-57,216
-2,-57,217
-2,-57,225
-1,-57,227
-1,-57,232
-2,-57,233
-1,-57,235
0,-57,236
-3,-57,239
-1,-57,240
0,-57,246
1,-57,247
1,-57,248
-1,-57,250
1,-57,251
2,-57,252
-1,-57,276
1,-57,283
-1,-56,-8
1,-56,-4
-1,-56,-2
-1,-56,-1
-1,-56,0
1,-56,2
-2,-56,4
-1,-56,5
1,-56,6
-5,-56,7
-2,-56,8
-2,-56,9
-2,-56,10
0,-56,12
2,-56,13
-1,-56,15
-1,-56,16
1,-56,17
1,-56,18
-4,-56,19
2,-56,20
-1,-56,21
1,-56,22
0,-56,25
-3,-56,26
-1,-56,28
2,-56,29
-1,-56,30
2,-56,31
1,-56,33
-1,-56,34
-1,-56,36
1,-56,37
1,-56,40
-1,-56,42
0,-56,43
-1,-56,47
-1,-56,49
1,-56,50
1,-56,51
-2,-56,53
1,-56,54
-1,-56,56
1,-56,57
2,-56,58
0,-56,59
-1,-56,61
-2,-56,63
-4,-56,68
-1,-56,70
-1,-56,71
-1,-56,72
0,-56,74
-2,-56,76
-1,-56,77
-1,-56,80
1,-56,82
1,-56,84
1,-56,85
-1,-56,86
-3,-56,87
2,-56,90
-1,-56,93
1,-56,94
-1,-56,97
1,-56,99
-1,-56,101
-1,-56,102
0,-56,104
-1,-56,108
-1,-56,109
1,-56,112
2,-56,113
2,-56,120
2,-56,122
-1,-56,125
1,-56,126
2,-56,131
-1,-56,132
-1,-56,133
-2,-56,135
0,-56,137
-1,-56,144
-1,-56,148
0,-56,150
-2,-56,152
-1,-56,154
2,-56,156
1,-56,157
1,-56,158
-1,-56,161
-1,-56,163
-1,-56,166
-1,-56,167
1,-56,171
-2,-56,173
-2,-56,174
-1,-56,175
1,-56,176
0,-56,178
-1,-56,179
-1,-56,181
-1,-56,184
-2,-56,186
-1,-56,187
-1,-56,188
1,-56,189
-1,-56,192
1,-56,193
-1,-56,199
-1,-56,200
1,-56,206
-1,-56,209
-1,-56,214
-2,-56,222
-2,-56,236
1,-56,237
-2,-56,238
1,-56,239
-1,-56,241
1,-56,243
1,-56,244
-1,-56,245
0,-56,247
2,-56,248
-1,-56,250
1,-56,251
2,-56,252
-1,-56,253
1,-56,254
5,-56,256
1,-56,258
1,-56,259
2,-56,260
2,-56,261
1,-56,262
2,-56,263
1,-56,267
-1,-56,268
2,-56,269
1,-56,272
-1,-56,276
1,-56,277
-1,-56,519
-1,-55,-40
-1,-55,-5
-1,-55,-3
-1,-55,0
-2,-55,1
0,-55,3
1,-55,4
-2,-55,5
-3,-55,8
0,-55,10
1,-55,11
1,-55,13
0,-55,14
1,-55,16
-1,-55,19
0,-55,21
1,-55,22
0,-55,23
1,-55,25
2,-55,26
-1,-55,29
1,-55,31
-1,-55,32
0,-55,33
2,-55,34
1,-55,36
1,-55,37
-1,-55,40
2,-55,42
-2,-55,44
-1,-55,45
2,-55,46
1,-55,47
0,-55,48
1,-55,50
-1,-55,51
-1,-55,52
-1,-55,55
-2,-55,56
1,-55,57
0,-55,59
1,-55,60
2,-55,62
2,-55,63
1,-55,65
0,-55,67
1,-55,71
1,-55,72
1,-55,74
-1,-55,75
1,-55,78
1,-55,80
-2,-55,82
0,-55,83
-1,-55,84
1,-55,85
2,-55,87
0,-55,89
0,-55,90
1,-55,91
1,-55,94
0,-55,95
-1,-55,97
1,-55,98
0,-55,100
0,-55,101
1,-55,102
1,-55,103
2,-55,106
1,-55,109
1,-55,112
1,-55,114
0,-55,115
2,-55,117
0,-55,121
-1,-55,123
-1,-55,124
0,-55,125
2,-55,127
1,-55,130
1,-55,131
0,-55,132
1,-55,133
1,-55,139
1,-55,143
-1,-55,145
1,-55,147
-1,-55,151
1,-55,153
-1,-55,154
-1,-55,156
-1,-55,158
1,-55,159
-2,-55,160
-1,-55,162
-1,-55,164
0,-55,169
2,-55,172
-2,-55,173
-1,-55,175
0,-55,179
2,-55,180
-1,-55,181
1,-55,183
-2,-55,184
-1,-55,186
-1,-55,188
-1,-55,190
-1,-55,194
1,-55,196
-1,-55,201
-1,-55,209
1,-55,210
1,-55,213
1,-55,218
-1,-55,222
-1,-55,225
-1,-55,229
-1,-55,236
0,-55,239
1,-55,240
1,-55,241
1,-55,243
1,-55,245
-2,-55,246
5,-55,247
1,-55,250
0,-55,252
1,-55,253
1,-55,255
2,-55,256
4,-55,258
1,-55,259
2,-55,261
1,-55,263
1,-55,266
1,-55,267
2,-55,268
2,-55,269
1,-55,270
1,-55,274
1,-55,276
1,-55,278
2,-55,284
1,-55,289
-1,-55,319
-1,-54,-11
0,-54,-8
-2,-54,-6
-1,-54,-4
1,-54,0
1,-54,2
-2,-54,4
-1,-54,7
-2,-54,8
0,-54,10
-1,-54,11
2,-54,13
0,-54,15
-3,-54,17
-1,-54,18
-1,-54,19
-1,-54,20
-1,-54,21
-1,-54,22
-2,-54,23
-1,-54,26
1,-54,27
-1,-54,28
1,-54,29
1,-54,30
2,-54,31
-1,-54,32
1,-54,33
-2,-54,34
2,-54,35
1,-54,37
2,-54,38
1,-54,39
1,-54,41
-1,-54,42
-2,-54,43
1,-54,44
-1,-54,47
0,-54,48
-1,-54,49
1,-54,50
0,-54,51
1,-54,52
1,-54,53
0,-54,54
-2,-54,57
0,-54,58
-2,-54,59
1,-54,60
-1,-54,61
1,-54,62
-2,-54,63
0,-54,64
-1,-54,70
1,-54,71
1,-54,73
2,-54,74
1,-54,76
1,-54,78
-1,-54,80
1,-54,81
-1,-54,82
1,-54,83
1,-54,84
0,-54,85
1,-54,86
-2,-54,87
1,-54,88
2,-54,90
-2,-54,91
-1,-54,94
-1,-54,97
-2,-54,101
1,-54,104
2,-54,105
1,-54,107
2,-54,109
2,-54,110
1,-54,111
1,-54,112
-2,-54,114
2,-54,115
2,-54,116
-1,-54,118
-1,-54,122
0,-54,123
2,-54,125
-1,-54,126
1,-54,128
0,-54,130
-1,-54,131
1,-54,133
1,-54,134
-1,-54,135
-1,-54,137
2,-54,139
1,-54,140
-1,-54,141
1,-54,142
-1,-54,143
-1,-54,145
-2,-54,146
-2,-54,151
-1,-54,153
0,-54,155
1,-54,158
1,-54,159
2,-54,160
-1,-54,161
-3,-54,169
1,-54,178
1,-54,179
-2,-54,181
-1,-54,184
1,-54,186
-1,-54,189
-1,-54,192
-1,-54,194
-1,-54,197
-1,-54,198
-1,-54,203
1,-54,211
1,-54,219
-1,-54,225
-1,-54,234
1,-54,235
-1,-54,238
-1,-54,240
-1,-54,241
1,-54,242
1,-54,243
0,-54,245
1,-54,246
0,-54,247
1,-54,248
1,-54,250
5,-54,251
2,-54,252
1,-54,253
1,-54,254
3,-54,257
0,-54,259
0,-54,260
1,-54,261
1,-54,262
2,-54,263
2,-54,264
3,-54,265
1,-54,268
1,-54,269
-1,-54,270
1,-54,289
1,-54,485
-1,-53,-8
-2,-53,-3
-1,-53,-1
1,-53,0
1,-53,3
-2,-53,4
-1,-53,5
-1,-53,8
1,-53,9
-1,-53,10
1,-53,13
-1,-53,14
1,-53,15
0,-53,16
2,-53,17
-3,-53,18
-1,-53,19
1,-53,21
3,-53,22
-2,-53,23
0,-53,25
2,-53,26
0,-53,27
-1,-53,28
0,-53,29
-1,-53,30
1,-53,32
-2,-53,33
-1,-53,34
1,-53,35
0,-53,36
1,-53,37
1,-53,38
-1,-53,40
1,-53,41
1,-53,42
-1,-53,43
1,-53,44
-1,-53,45
-1,-53,46
2,-53,47
-2,-53,48
1,-53,50
-1,-53,52
-2,-53,53
1,-53,54
-1,-53,59
-1,-53,60
1,-53,62
-1,-53,63
1,-53,64
-1,-53,65
1,-53,67
1,-53,69
1,-53,71
-7,-53,72
-1,-53,73
-1,-53,74
-1,-53,76
-1,-53,78
1,-53,79
1,-53,82
1,-53,83
2,-53,85
-1,-53,87
0,-53,88
1,-53,91
1,-53,92
-1,-53,93
1,-53,94
1,-53,95
1,-53,96
-1,-53,98
1,-53,100
1,-53,101
1,-53,104
1,-53,105
1,-53,106
2,-53,107
1,-53,108
-1,-53,109
1,-53,111
2,-53,112
-1,-53,113
1,-53,121
1,-53,125
1,-53,130
1,-53,132
1,-53,141
-2,-53,149
-1,-53,151
3,-53,152
1,-53,153
-2,-53,156
-1,-53,162
-2,-53,164
1,-53,165
1,-53,172
1,-53,176
-1,-53,179
-1,-53,181
2,-53,183
-2,-53,186
1,-53,189
-1,-53,190
-1,-53,192
1,-53,194
-1,-53,196
1,-53,197
1,-53,204
-1,-53,222
-1,-53,227
-1,-53,229
-1,-53,236
-2,-53,244
1,-53,245
0,-53,246
1,-53,247
2,-53,248
1,-53,249
0,-53,250
5,-53,251
3,-53,252
2,-53,253
-1,-53,254
2,-53,255
3,-53,256
2,-53,257
6,-53,258
2,-53,260
2,-53,261
1,-53,263
2,-53,264
1,-53,266
1,-53,267
2,-53,268
1,-53,269
1,-53,273
2,-53,274
1,-53,275
1,-53,280
1,-53,283
1,-53,296
1,-53,426
-1,-52,-26
1,-52,-22
-1,-52,-8
-1,-52,-6
-1,-52,0
1,-52,1
1,-52,6
-4,-52,7
-1,-52,8
0,-52,9
1,-52,10
-1,-52,12
-1,-52,13
0,-52,15
-1,-52,17
0,-52,18
-1,-52,19
-1,-52,20
-1,-52,21
-1,-52,23
1,-52,24
-1,-52,25
-2,-52,26
2,-52,27
-2,-52,28
-2,-52,30
0,-52,31
-1,-52,32
-1,-52,34
-2,-52,36
1,-52,37
-2,-52,38
-1,-52,40
-1,-52,41
-1,-52,42
-1,-52,43
-2,-52,45
-1,-52,47
0,-52,48
-2,-52,49
1,-52,52
-1,-52,53
-1,-52,56
-2,-52,57
1,-52,59
-4,-52,63
1,-52,64
1,-52,67
-1,-52,68
-2,-52,69
-1,-52,71
-1,-52,79
-2,-52,80
-1,-52,85
-1,-52,86
-2,-52,87
1,-52,88
1,-52,89
-1,-52,93
-1,-52,95
1,-52,96
-1,-52,97
-3,-52,99
-1,-52,104
-1,-52,108
-1,-52,110
-1,-52,112
1,-52,114
1,-52,115
1,-52,117
-1,-52,118
1,-52,125
-1,-52,127
-1,-52,128
-1,-52,132
-1,-52,137
-1,-52,140
1,-52,141
1,-52,145
-1,-52,146
-2,-52,150
1,-52,152
-1,-52,153
-1,-52,155
1,-52,162
-1,-52,165
-2,-52,166
0,-52,167
-1,-52,168
0,-52,174
-2,-52,175
-2,-52,179
-2,-52,184
1,-52,185
-1,-52,186
-1,-52,188
-1,-52,191
-2,-52,196
0,-52,197
1,-52,199
-1,-52,202
-1,-52,207
1,-52,208
-1,-52,209
-1,-52,210
-1,-52,212
-1,-52,214
1,-52,220
-1,-52,225
-1,-52,234
-1,-52,235
-2,-52,238
-2,-52,242
-2,-52,243
-1,-52,245
1,-52,247
2,-52,250
1,-52,252
1,-52,253
-1,-52,255
1,-52,256
1,-52,265
1,-52,267
1,-52,268
1,-52,269
1,-51,-12
-1,-51,-10
-1,-51,-6
-2,-51,-3
-1,-51,0
-1,-51,1
-1,-51,2
1,-51,3
-1,-51,4
-4,-51,5
0,-51,6
0,-51,8
-1,-51,10
2,-51,11
-4,-51,12
-2,-51,13
-1,-51,14
-2,-51,16
1,-51,17
-2,-51,18
2,-51,19
1,-51,20
-5,-51,21
2,-51,22
-4,-51,23
2,-51,24
0,-51,25
-1,-51,26
-1,-51,27
-3,-51,29
-1,-51,30
-1,-51,31
1,-51,32
-8,-51,33
0,-51,35
2,-51,36
-2,-51,38
3,-51,39
-3,-51,40
0,-51,41
-1,-51,42
3,-51,43
-1,-51,44
0,-51,45
-1,-51,46
1,-51,47
1,-51,48
0,-51,49
1,-51,50
-2,-51,51
2,-51,52
-2,-51,53
-1,-51,54
-2,-51,55
-1,-51,56
-1,-51,58
-1,-51,59
-2,-51,61
1,-51,62
-1,-51,63
1,-51,64
1,-51,65
-1,-51,66
1,-51,67
-2,-51,68
0,-51,69
1,-51,71
-1,-51,72
-1,-51,74
-1,-51,76
-1,-51,77
1,-51,80
1,-51,81
-1,-51,82
0,-51,83
0,-51,84
1,-51,85
1,-51,88
1,-51,90
1,-51,92
2,-51,96
-1,-51,97
-1,-51,98
2,-51,99
0,-51,102
2,-51,103
-2,-51,104
-1,-51,106
1,-51,107
-1,-51,109
1,-51,110
1,-51,111
0,-51,114
-1,-51,115
2,-51,119
0,-51,120
2,-51,122
-1,-51,123
-3,-51,130
-2,-51,132
0,-51,134
-1,-51,143
1,-51,145
2,-51,147
1,-51,148
-2,-51,149
-2,-51,153
1,-51,154
-4,-51,156
-2,-51,158
-2,-51,160
-1,-51,164
-2,-51,166
1,-51,167
0,-51,168
-1,-51,169
-2,-51,171
1,-51,172
-1,-51,173
-1,-51,174
0,-51,176
-3,-51,179
1,-51,186
-4,-51,192
-1,-51,194
-3,-51,196
-1,-51,197
-1,-51,199
0,-51,201
1,-51,205
-1,-51,209
-1,-51,215
-1,-51,227
-2,-51,231
-1,-51,232
-1,-51,233
-1,-51,235
-1,-51,237
-1,-51,238
-1,-51,239
-1,-51,240
1,-51,241
-1,-51,242
0,-51,243
-1,-51,244
5,-51,245
-1,-51,246
0,-51,247
-1,-51,248
1,-51,249
-1,-51,250
2,-51,251
1,-51,252
3,-51,253
2,-51,254
3,-51,255
1,-51,256
1,-51,258
1,-51,259
1,-51,261
1,-51,263
1,-51,267
2,-51,268
1,-51,269
1,-51,273
1,-51,274
1,-51,281
1,-51,283
1,-51,293
-1,-50,-6
1,-50,0
-1,-50,2
-1,-50,4
1,-50,5
1,-50,6
2,-50,8
1,-50,9
1,-50,10
-2,-50,11
2,-50,12
1,-50,14
-1,-50,15
1,-50,16
-2,-50,17
1,-50,20
1,-50,21
2,-50,22
-1,-50,23
1,-50,25
-1,-50,26
2,-50,28
1,-50,29
3,-50,32
2,-50,33
0,-50,34
-1,-50,36
2,-50,37
0,-50,38
-1,-50,40
-1,-50,42
1,-50,44
0,-50,47
1,-50,49
1,-50,50
1,-50,53
1,-50,54
-4,-50,55
-1,-50,56
0,-50,57
2,-50,58
1,-50,59
-2,-50,61
1,-50,64
0,-50,68
1,-50,69
-1,-50,72
2,-50,74
3,-50,76
2,-50,79
1,-50,81
-1,-50,82
1,-50,84
-1,-50,85
0,-50,89
1,-50,90
1,-50,91
1,-50,93
1,-50,96
1,-50,97
-1,-50,99
2,-50,100
1,-50,103
1,-50,104
2,-50,105
0,-50,106
2,-50,109
2,-50,110
1,-50,113
0,-50,114
2,-50,121
-1,-50,122
1,-50,123
0,-50,125
1,-50,127
1,-50,130
-1,-50,133
1,-50,138
-3,-50,148
1,-50,151
1,-50,158
-2,-50,160
1,-50,162
-1,-50,163
-1,-50,165
2,-50,174
-1,-50,175
1,-50,180
-2,-50,181
1,-50,182
0,-50,188
1,-50,189
-1,-50,192
1,-50,194
-1,-50,196
1,-50,197
-1,-50,198
-1,-50,205
-1,-50,207
-1,-50,209
1,-50,210
1,-50,215
0,-50,219
-1,-50,234
-1,-50,236
1,-50,240
2,-50,241
2,-50,242
-2,-50,243
1,-50,244
0,-50,245
1,-50,246
3,-50,247
1,-50,248
1,-50,249
1,-50,250
1,-50,251
1,-50,252
2,-50,253
1,-50,254
1,-50,256
0,-50,257
2,-50,259
1,-50,260
1,-50,262
1,-50,263
1,-50,264
1,-50,266
1,-50,267
0,-50,268
1,-50,270
1,-50,273
1,-50,274
2,-50,277
1,-50,278
1,-50,283
1,-50,284
0,-49,-26
1,-49,-12
-1,-49,-8
1,-49,-6
-2,-49,-1
1,-49,3
0,-49,5
2,-49,9
-2,-49,10
1,-49,11
1,-49,13
2,-49,14
-5,-49,15
1,-49,16
0,-49,17
-1,-49,18
-1,-49,19
0,-49,20
2,-49,21
1,-49,22
-2,-49,23
1,-49,25
1,-49,26
1,-49,27
-1,-49,28
2,-49,29
-3,-49,30
-1,-49,31
1,-49,32
3,-49,33
1,-49,34
-2,-49,35
-1,-49,36
1,-49,37
1,-49,38
2,-49,39
0,-49,40
0,-49,41
1,-49,42
-2,-49,43
-1,-49,45
-3,-49,46
-2,-49,47
0,-49,49
2,-49,50
0,-49,51
1,-49,52
3,-49,53
-1,-49,54
2,-49,55
0,-49,56
1,-49,58
1,-49,59
-1,-49,63
3,-49,64
-1,-49,65
-1,-49,69
2,-49,71
0,-49,73
1,-49,74
2,-49,75
2,-49,76
-1,-49,77
-1,-49,81
1,-49,83
-1,-49,84
-1,-49,86
-2,-49,88
-1,-49,92
2,-49,95
1,-49,97
1,-49,99
-1,-49,100
1,-49,101
-1,-49,104
1,-49,105
1,-49,107
-1,-49,110
1,-49,111
0,-49,112
1,-49,115
1,-49,116
-1,-49,118
0,-49,120
0,-49,122
2,-49,124
0,-49,125
1,-49,127
0,-49,128
1,-49,132
-1,-49,142
-1,-49,143
-1,-49,150
1,-49,151
1,-49,154
1,-49,158
1,-49,160
-1,-49,163
-1,-49,166
1,-49,169
-1,-49,171
-1,-49,174
-2,-49,176
0,-49,179
-1,-49,181
0,-49,184
0,-49,189
-1,-49,194
-1,-49,196
-1,-49,197
-2,-49,199
-1,-49,202
1,-49,204
-1,-49,212
1,-49,213
-1,-49,223
-1,-49,227
-1,-49,230
-1,-49,231
1,-49,241
2,-49,243
2,-49,245
2,-49,246
-1,-49,247
1,-49,248
1,-49,250
1,-49,251
1,-49,252
2,-49,253
1,-49,256
2,-49,260
1,-49,261
1,-49,262
2,-49,264
1,-49,266
1,-49,267
1,-49,268
1,-49,272
1,-49,273
2,-49,274
1,-49,276
1,-49,278
1,-49,280
1,-49,281
1,-49,284
1,-49,290
1,-49,295
1,-49,359
-1,-48,-23
-1,-48,-8
1,-48,-6
-1,-48,-5
-2,-48,-4
-1,-48,-2
0,-48,-1
-5,-48,0
3,-48,3
-1,-48,4
2,-48,5
3,-48,6
-1,-48,7
-1,-48,9
-1,-48,10
-3,-48,11
0,-48,12
2,-48,13
-1,-48,14
-6,-48,15
-1,-48,16
-1,-48,17
-1,-48,18
1,-48,19
3,-48,20
-1,-48,21
0,-48,22
-1,-48,23
-5,-48,25
-2,-48,26
1,-48,27
-2,-48,28
1,-48,29
-3,-48,30
-2,-48,31
0,-48,32
-5,-48,33
-1,-48,34
-1,-48,35
-1,-48,36
2,-48,37
-4,-48,38
2,-48,39
-5,-48,40
0,-48,41
-6,-48,42
-1,-48,43
0,-48,44
-1,-48,45
-1,-48,46
-3,-48,47
-1,-48,48
-2,-48,49
-4,-48,51
2,-48,52
2,-48,53
1,-48,54
-1,-48,55
-4,-48,57
-1,-48,59
2,-48,60
-4,-48,61
2,-48,63
-1,-48,64
0,-48,66
-2,-48,68
-3,-48,69
-1,-48,70
-1,-48,71
-2,-48,72
1,-48,73
2,-48,74
1,-48,75
-1,-48,76
1,-48,78
1,-48,81
-1,-48,84
0,-48,85
-2,-48,86
-1,-48,87
1,-48,89
1,-48,90
-4,-48,91
1,-48,95
0,-48,96
1,-48,98
0,-48,99
1,-48,101
0,-48,102
-1,-48,104
0,-48,105
-2,-48,106
1,-48,108
1,-48,109
-4,-48,110
1,-48,112
1,-48,113
-2,-48,115
1,-48,116
2,-48,117
-2,-48,118
1,-48,119
1,-48,120
0,-48,121
1,-48,122
-1,-48,124
-1,-48,125
1,-48,126
-1,-48,127
-1,-48,128
-1,-48,131
-1,-48,133
-1,-48,140
-1,-48,141
3,-48,143
2,-48,147
0,-48,148
-1,-48,149
-2,-48,151
1,-48,152
0,-48,155
-3,-48,156
-1,-48,158
1,-48,159
-1,-48,163
0,-48,164
2,-48,165
-1,-48,166
1,-48,168
1,-48,169
-2,-48,171
-2,-48,173
1,-48,174
-1,-48,175
0,-48,176
-1,-48,178
-1,-48,179
-1,-48,181
1,-48,183
-1,-48,184
-1,-48,188
-2,-48,192
-1,-48,196
-1,-48,202
-2,-48,203
1,-48,204
-1,-48,207
-1,-48,212
2,-48,218
-3,-48,219
-1,-48,234
-1,-48,235
-1,-48,236
-1,-48,237
-1,-48,239
1,-48,241
0,-48,243
-1,-48,244
0,-48,245
0,-48,246
0,-48,247
5,-48,248
1,-48,249
0,-48,250
1,-48,251
0,-48,252
-4,-48,253
1,-48,254
0,-48,255
-1,-48,257
2,-48,258
0,-48,261
2,-48,262
1,-48,264
-1,-48,266
2,-48,267
3,-48,268
1,-48,277
2,-48,278
1,-48,279
1,-48,280
1,-48,289
-1,-48,293
1,-48,301
1,-48,305
1,-48,315
1,-47,-21
-1,-47,-9
-1,-47,-3
-2,-47,0
1,-47,4
1,-47,5
1,-47,9
5,-47,11
2,-47,13
1,-47,15
1,-47,16
3,-47,17
1,-47,18
-1,-47,19
3,-47,22
1,-47,24
1,-47,25
1,-47,26
3,-47,27
-1,-47,28
2,-47,29
1,-47,30
1,-47,31
-1,-47,32
1,-47,36
1,-47,37
4,-47,39
0,-47,41
1,-47,42
1,-47,43
1,-47,44
2,-47,47
2,-47,49
1,-47,50
-1,-47,52
0,-47,54
1,-47,55
2,-47,56
2,-47,58
1,-47,59
1,-47,61
3,-47,62
2,-47,66
-1,-47,67
1,-47,69
2,-47,71
1,-47,73
1,-47,74
2,-47,75
1,-47,77
1,-47,80
1,-47,83
2,-47,85
-1,-47,90
1,-47,92
-1,-47,93
1,-47,94
0,-47,96
0,-47,99
1,-47,100
1,-47,101
1,-47,104
1,-47,105
-1,-47,106
1,-47,107
1,-47,108
2,-47,109
1,-47,111
2,-47,112
1,-47,113
1,-47,114
1,-47,115
1,-47,116
1,-47,118
1,-47,119
1,-47,127
-1,-47,129
2,-47,130
1,-47,135
1,-47,136
1,-47,138
-1,-47,151
2,-47,153
2,-47,161
1,-47,166
1,-47,169
1,-47,171
1,-47,174
-1,-47,177
1,-47,178
1,-47,179
-1,-47,192
1,-47,193
1,-47,196
1,-47,207
1,-47,218
1,-47,222
-1,-47,223
-1,-47,225
-3,-47,229
-1,-47,231
-1,-47,233
-1,-47,238
1,-47,239
2,-47,241
1,-47,243
1,-47,246
1,-47,248
1,-47,250
1,-47,251
3,-47,252
1,-47,253
1,-47,256
1,-47,257
1,-47,259
1,-47,260
1,-47,261
2,-47,264
1,-47,267
2,-47,269
1,-47,271
1,-47,273
1,-47,274
1,-47,278
1,-47,283
-1,-46,-21
-1,-46,-14
-1,-46,-8
1,-46,-4
-1,-46,-3
1,-46,-1
-2,-46,0
-2,-46,5
0,-46,7
-1,-46,8
-1,-46,9
0,-46,10
-1,-46,12
-2,-46,13
-1,-46,14
-2,-46,15
-2,-46,16
-2,-46,17
-3,-46,18
-1,-46,19
-1,-46,20
-4,-46,21
-2,-46,23
-3,-46,26
-3,-46,28
-1,-46,29
-1,-46,30
-2,-46,31
-5,-46,33
-1,-46,34
-3,-46,35
-4,-46,36
-5,-46,38
-1,-46,40
-1,-46,41
-1,-46,42
-1,-46,44
-2,-46,45
-2,-46,47
-1,-46,48
-4,-46,49
1,-46,51
1,-46,52
-6,-46,53
-1,-46,55
1,-46,56
-2,-46,57
-2,-46,59
-1,-46,63
-2,-46,64
-1,-46,66
-1,-46,68
-1,-46,69
-1,-46,70
0,-46,71
-1,-46,72
-1,-46,76
-1,-46,77
0,-46,78
-1,-46,80
-1,-46,85
-2,-46,86
-2,-46,87
-1,-46,89
-1,-46,93
-1,-46,98
1,-46,99
-1,-46,101
0,-46,104
0,-46,108
-1,-46,109
-2,-46,110
1,-46,112
-1,-46,114
0,-46,115
-1,-46,118
-1,-46,119
1,-46,120
-1,-46,122
-1,-46,124
-2,-46,125
1,-46,129
-1,-46,133
-1,-46,139
1,-46,142
-1,-46,143
1,-46,148
0,-46,149
-1,-46,151
-1,-46,152
-1,-46,154
-2,-46,155
-1,-46,156
-1,-46,158
-2,-46,160
-2,-46,169
-3,-46,173
-1,-46,174
-1,-46,178
-1,-46,179
-3,-46,181
-1,-46,184
-1,-46,185
-1,-46,186
-2,-46,191
-2,-46,192
-3,-46,194
-1,-46,196
-1,-46,197
-3,-46,199
-3,-46,201
1,-46,205
-1,-46,209
-1,-46,211
-1,-46,215
-2,-46,216
-2,-46,218
0,-46,222
-1,-46,225
-1,-46,233
-1,-46,235
-2,-46,238
-1,-46,241
-1,-46,242
-1,-46,243
1,-46,244
-3,-46,245
1,-46,246
-1,-46,247
1,-46,250
-1,-46,252
0,-46,259
1,-46,261
-1,-46,265
-1,-46,266
2,-46,268
1,-46,269
1,-46,270
-1,-46,272
2,-46,277
1,-46,287
1,-46,289
1,-46,519
-1,-46,785
1,-45,0
1,-45,7
1,-45,9
2,-45,11
1,-45,13
1,-45,15
1,-45,16
1,-45,17
3,-45,18
1,-45,20
-1,-45,21
1,-45,22
2,-45,23
1,-45,24
2,-45,25
1,-45,26
1,-45,27
2,-45,29
2,-45,32
1,-45,33
1,-45,35
3,-45,36
3,-45,37
1,-45,38
1,-45,39
1,-45,41
-1,-45,42
1,-45,44
1,-45,46
1,-45,49
1,-45,52
3,-45,53
1,-45,54
1,-45,56
2,-45,60
1,-45,61
1,-45,62
1,-45,63
2,-45,65
1,-45,68
1,-45,70
1,-45,71
2,-45,73
1,-45,74
1,-45,75
1,-45,76
1,-45,80
1,-45,86
2,-45,88
1,-45,90
-1,-45,93
1,-45,97
1,-45,99
1,-45,100
1,-45,102
1,-45,105
2,-45,109
2,-45,110
1,-45,111
1,-45,112
1,-45,116
1,-45,117
1,-45,118
1,-45,126
1,-45,137
1,-45,148
2,-45,151
1,-45,154
1,-45,155
1,-45,159
1,-45,164
1,-45,168
1,-45,172
1,-45,174
1,-45,175
3,-45,176
1,-45,184
1,-45,201
1,-45,204
1,-45,206
1,-45,215
1,-45,222
1,-45,223
1,-45,243
2,-45,246
1,-45,247
2,-45,248
1,-45,249
3,-45,250
5,-45,253
2,-45,256
3,-45,257
1,-45,258
1,-45,261
1,-45,264
1,-45,266
1,-45,267
2,-45,268
1,-45,269
2,-45,272
1,-45,273
1,-45,277
1,-45,278
2,-45,279
1,-45,285
1,-45,288
-1,-44,-8
0,-44,-6
1,-44,-5
-1,-44,-2
1,-44,-1
-3,-44,0
-2,-44,2
-1,-44,4
-2,-44,6
-3,-44,7
4,-44,8
0,-44,9
-3,-44,10
0,-44,12
0,-44,13
0,-44,15
-1,-44,16
1,-44,17
-2,-44,18
1,-44,19
2,-44,20
-2,-44,21
6,-44,22
0,-44,23
-1,-44,25
0,-44,26
2,-44,27
-1,-44,28
2,-44,29
-2,-44,30
-1,-44,31
1,-44,32
-3,-44,33
-1,-44,34
1,-44,35
-1,-44,36
2,-44,37
-1,-44,38
2,-44,39
-3,-44,40
1,-44,41
0,-44,42
1,-44,43
0,-44,44
-1,-44,45
-1,-44,46
1,-44,47
-2,-44,48
2,-44,50
-2,-44,51
1,-44,52
-1,-44,53
1,-44,54
-4,-44,55
-3,-44,56
1,-44,57
0,-44,58
-1,-44,59
1,-44,60
-2,-44,61
2,-44,62
-2,-44,63
1,-44,65
-2,-44,66
1,-44,67
1,-44,68
0,-44,69
-2,-44,72
1,-44,73
3,-44,74
-1,-44,76
-1,-44,77
1,-44,78
0,-44,79
-1,-44,80
1,-44,81
0,-44,82
2,-44,83
1,-44,86
-1,-44,87
-3,-44,91
1,-44,92
-2,-44,93
2,-44,94
0,-44,95
1,-44,96
1,-44,97
1,-44,98
-1,-44,99
-1,-44,100
3,-44,101
-4,-44,106
1,-44,107
1,-44,110
2,-44,111
1,-44,112
-1,-44,113
0,-44,115
2,-44,116
1,-44,120
1,-44,121
1,-44,122
1,-44,124
-1,-44,125
1,-44,126
-2,-44,127
-1,-44,128
-1,-44,130
-1,-44,132
-1,-44,134
1,-44,136
-2,-44,137
1,-44,139
-1,-44,140
-1,-44,141
-1,-44,143
1,-44,144
1,-44,145
-2,-44,147
-2,-44,148
1,-44,153
-1,-44,154
0,-44,155
-2,-44,156
-2,-44,158
-1,-44,160
0,-44,162
1,-44,164
0,-44,166
1,-44,167
2,-44,168
-2,-44,169
0,-44,171
1,-44,172
0,-44,174
-1,-44,175
-1,-44,178
-1,-44,181
1,-44,182
-1,-44,186
2,-44,189
-1,-44,191
-1,-44,194
-1,-44,196
-1,-44,197
-1,-44,198
-1,-44,199
-1,-44,201
-1,-44,204
-3,-44,205
1,-44,209
-2,-44,216
-1,-44,219
-1,-44,227
-2,-44,231
-1,-44,233
-1,-44,237
-1,-44,238
-1,-44,240
-1,-44,241
-2,-44,242
-1,-44,244
0,-44,245
1,-44,246
1,-44,247
1,-44,249
-1,-44,250
2,-44,251
2,-44,252
4,-44,253
1,-44,256
0,-44,257
1,-44,258
1,-44,261
3,-44,262
0,-44,263
1,-44,268
2,-44,270
1,-44,273
2,-44,274
1,-44,276
-1,-44,384
1,-44,482
1,-44,608
1,-43,-11
1,-43,-6
1,-43,-4
0,-43,0
1,-43,2
3,-43,3
3,-43,4
2,-43,5
1,-43,7
1,-43,8
1,-43,10
2,-43,11
1,-43,12
1,-43,13
1,-43,14
1,-43,15
3,-43,17
1,-43,18
1,-43,20
3,-43,21
3,-43,22
2,-43,23
4,-43,24
3,-43,25
3,-43,27
3,-43,28
2,-43,29
2,-43,30
2,-43,31
5,-43,32
0,-43,33
1,-43,34
2,-43,35
1,-43,36
3,-43,37
2,-43,38
1,-43,39
-2,-43,40
0,-43,41
1,-43,42
2,-43,43
-1,-43,45
-1,-43,46
1,-43,47
1,-43,48
-1,-43,49
2,-43,50
-1,-43,51
1,-43,52
1,-43,53
-1,-43,54
0,-43,56
2,-43,57
1,-43,58
2,-43,59
2,-43,63
1,-43,64
2,-43,65
1,-43,67
3,-43,68
1,-43,70
2,-43,71
-1,-43,72
1,-43,73
1,-43,74
1,-43,75
-1,-43,76
0,-43,77
1,-43,78
1,-43,80
1,-43,81
2,-43,83
3,-43,85
2,-43,88
1,-43,91
2,-43,94
0,-43,95
1,-43,97
2,-43,99
1,-43,100
1,-43,101
1,-43,102
1,-43,104
3,-43,105
1,-43,106
1,-43,107
1,-43,109
2,-43,110
1,-43,111
1,-43,112
1,-43,113
-1,-43,115
1,-43,116
0,-43,117
3,-43,118
1,-43,119
0,-43,120
1,-43,121
-1,-43,122
-1,-43,123
2,-43,125
0,-43,128
1,-43,132
1,-43,134
1,-43,136
-1,-43,137
0,-43,138
1,-43,141
1,-43,142
1,-43,143
1,-43,144
1,-43,148
2,-43,152
1,-43,155
0,-43,158
1,-43,159
-1,-43,160
-1,-43,161
1,-43,168
-1,-43,171
-1,-43,174
1,-43,178
-1,-43,179
1,-43,180
-1,-43,181
1,-43,182
-1,-43,184
1,-43,185
-1,-43,187
-1,-43,192
1,-43,193
1,-43,195
1,-43,197
1,-43,201
0,-43,206
1,-43,216
-1,-43,238
1,-43,240
1,-43,241
1,-43,242
1,-43,243
1,-43,245
5,-43,246
-1,-43,247
-2,-43,248
1,-43,249
2,-43,250
2,-43,251
4,-43,252
3,-43,253
1,-43,255
3,-43,257
1,-43,258
1,-43,259
1,-43,260
1,-43,261
3,-43,262
0,-43,263
1,-43,264
2,-43,265
1,-43,266
2,-43,267
1,-43,269
1,-43,274
1,-43,277
2,-43,281
1,-43,302
1,-43,494
-1,-42,-18
-1,-42,-8
-1,-42,-5
1,-42,-4
-1,-42,-2
-1,-42,-1
-2,-42,0
-1,-42,1
1,-42,2
0,-42,3
-2,-42,4
-3,-42,5
0,-42,6
-2,-42,7
1,-42,8
-1,-42,9
-2,-42,10
-1,-42,11
3,-42,12
0,-42,13
1,-42,14
-1,-42,15
-1,-42,16
2,-42,17
-4,-42,18
-1,-42,19
2,-42,20
1,-42,21
3,-42,22
-6,-42,23
2,-42,24
2,-42,25
0,-42,26
-1,-42,27
-1,-42,28
-1,-42,29
-4,-42,30
-1,-42,31
3,-42,32
-4,-42,33
-2,-42,34
1,-42,35
0,-42,36
2,-42,37
1,-42,38
-3,-42,40
-1,-42,41
-3,-42,42
1,-42,43
-1,-42,45
1,-42,46
-5,-42,47
-1,-42,48
-1,-42,49
-7,-42,51
-1,-42,52
-2,-42,53
-1,-42,54
-4,-42,55
-3,-42,57
1,-42,58
1,-42,59
-3,-42,61
-1,-42,62
-2,-42,63
0,-42,64
1,-42,65
-1,-42,66
0,-42,67
-2,-42,70
-4,-42,72
1,-42,73
1,-42,74
3,-42,75
-1,-42,78
1,-42,79
1,-42,82
0,-42,85
-2,-42,87
-3,-42,89
1,-42,90
-2,-42,91
1,-42,92
-1,-42,95
1,-42,96
1,-42,97
0,-42,99
-1,-42,100
-2,-42,101
-1,-42,104
2,-42,105
1,-42,106
-2,-42,108
1,-42,110
1,-42,111
-2,-42,112
-2,-42,114
-3,-42,115
2,-42,117
-1,-42,121
-1,-42,136
1,-42,137
-1,-42,139
-3,-42,141
1,-42,142
0,-42,149
-1,-42,151
1,-42,154
0,-42,155
-1,-42,156
-2,-42,158
1,-42,159
1,-42,160
1,-42,161
-2,-42,162
-1,-42,163
1,-42,168
1,-42,170
1,-42,172
-2,-42,173
-1,-42,175
-2,-42,177
0,-42,179
0,-42,184
-2,-42,186
-2,-42,190
-4,-42,192
1,-42,193
-2,-42,194
-1,-42,196
-1,-42,198
-1,-42,199
-1,-42,200
-1,-42,203
1,-42,205
-1,-42,209
1,-42,213
-1,-42,215
-1,-42,219
-1,-42,220
-1,-42,222
-1,-42,227
-2,-42,236
-1,-42,238
0,-42,239
-1,-42,243
-4,-42,244
0,-42,246
2,-42,247
-1,-42,248
-2,-42,250
1,-42,251
1,-42,252
-1,-42,254
-1,-42,255
2,-42,256
-3,-42,257
2,-42,258
-1,-42,259
2,-42,260
2,-42,262
-1,-42,263
2,-42,264
1,-42,267
2,-42,271
1,-42,272
1,-42,278
-2,-42,281
1,-42,282
-1,-42,413
-1,-42,477
1,-41,-4
-1,-41,-3
1,-41,3
-2,-41,5
1,-41,7
-1,-41,8
-1,-41,12
1,-41,16
-3,-41,18
-1,-41,20
-1,-41,22
-2,-41,23
0,-41,25
1,-41,26
1,-41,27
-3,-41,30
1,-41,31
2,-41,32
-2,-41,33
-2,-41,35
2,-41,37
-1,-41,41
1,-41,43
-1,-41,46
-1,-41,49
1,-41,50
-4,-41,51
1,-41,53
1,-41,58
1,-41,59
-1,-41,61
-1,-41,63
0,-41,64
1,-41,67
-1,-41,71
1,-41,73
-1,-41,74
1,-41,76
0,-41,77
-1,-41,79
1,-41,80
-1,-41,81
-1,-41,82
1,-41,85
1,-41,92
1,-41,98
1,-41,99
1,-41,113
-1,-41,114
1,-41,120
1,-41,126
1,-41,129
1,-41,130
-1,-41,132
-2,-41,133
1,-41,137
-1,-41,145
-1,-41,156
-1,-41,158
-1,-41,164
1,-41,168
1,-41,179
-2,-41,184
-1,-41,189
-1,-41,191
1,-41,198
-1,-41,204
-1,-41,206
-1,-41,207
1,-41,209
-1,-41,214
-1,-41,219
1,-41,222
-1,-41,237
0,-41,240
1,-41,241
1,-41,246
1,-41,247
1,-41,248
1,-41,249
-1,-41,250
-1,-41,252
1,-41,253
1,-41,255
1,-41,258
1,-41,260
1,-41,268
1,-41,270
1,-41,271
1,-41,274
1,-41,278
1,-41,281
1,-41,285
1,-41,291
1,-41,378
-1,-40,-8
1,-40,-6
-2,-40,1
1,-40,4
1,-40,5
-1,-40,6
1,-40,7
1,-40,8
3,-40,10
-3,-40,12
2,-40,13
-3,-40,14
1,-40,15
1,-40,16
1,-40,17
0,-40,18
1,-40,19
0,-40,21
1,-40,22
3,-40,23
2,-40,24
1,-40,25
0,-40,27
3,-40,28
2,-40,29
-1,-40,30
-1,-40,31
0,-40,32
1,-40,33
4,-40,34
3,-40,36
1,-40,37
1,-40,38
2,-40,39
0,-40,40
1,-40,41
2,-40,42
2,-40,43
-1,-40,44
0,-40,45
-1,-40,46
3,-40,47
-3,-40,48
3,-40,49
3,-40,50
1,-40,51
1,-40,52
2,-40,53
1,-40,54
-2,-40,55
-2,-40,57
1,-40,58
-2,-40,59
1,-40,60
-2,-40,61
-2,-40,63
1,-40,64
-1,-40,66
0,-40,67
1,-40,68
-2,-40,69
1,-40,70
-1,-40,72
2,-40,73
0,-40,74
1,-40,75
0,-40,76
2,-40,77
-1,-40,78
3,-40,79
1,-40,80
2,-40,81
1,-40,85
0,-40,89
1,-40,90
2,-40,92
1,-40,94
2,-40,95
0,-40,96
1,-40,97
1,-40,99
-1,-40,100
1,-40,104
2,-40,105
1,-40,106
0,-40,109
1,-40,113
-1,-40,115
1,-40,116
0,-40,117
1,-40,118
-1,-40,119
1,-40,120
1,-40,125
1,-40,126
1,-40,129
-1,-40,130
-1,-40,132
-1,-40,134
1,-40,141
0,-40,143
1,-40,144
-1,-40,145
-2,-40,147
-1,-40,151
1,-40,152
-1,-40,154
-1,-40,155
-1,-40,156
1,-40,159
-1,-40,160
-1,-40,162
1,-40,163
-1,-40,164
1,-40,167
1,-40,168
-1,-40,169
1,-40,171
-1,-40,179
-1,-40,181
1,-40,186
2,-40,188
-1,-40,192
-1,-40,194
1,-40,195
1,-40,199
1,-40,205
0,-40,207
-1,-40,218
1,-40,223
1,-40,230
-1,-40,231
-1,-40,236
-1,-40,237
-1,-40,240
-1,-40,242
1,-40,244
1,-40,246
2,-40,247
1,-40,248
2,-40,250
1,-40,251
4,-40,252
2,-40,253
1,-40,255
3,-40,256
2,-40,257
2,-40,258
3,-40,260
1,-40,261
1,-40,263
1,-40,264
1,-40,266
2,-40,267
2,-40,268
3,-40,269
1,-40,270
2,-40,273
2,-40,277
1,-40,278
1,-40,280
1,-40,281
1,-40,291
-1,-40,293
1,-40,295
1,-40,407
1,-39,-9
-1,-39,-7
1,-39,-2
-1,-39,0
2,-39,1
-1,-39,2
3,-39,5
1,-39,6
1,-39,7
-1,-39,8
3,-39,9
2,-39,10
4,-39,11
1,-39,12
-1,-39,13
3,-39,14
5,-39,15
3,-39,16
1,-39,17
1,-39,18
-1,-39,19
3,-39,20
3,-39,21
2,-39,22
2,-39,23
2,-39,25
3,-39,26
2,-39,27
-1,-39,28
2,-39,29
-3,-39,30
1,-39,31
3,-39,32
0,-39,33
0,-39,34
1,-39,35
1,-39,36
1,-39,37
2,-39,38
2,-39,39
0,-39,40
-1,-39,41
0,-39,42
0,-39,43
-1,-39,46
0,-39,47
-1,-39,48
-2,-39,49
-1,-39,51
0,-39,53
2,-39,54
-1,-39,55
-1,-39,56
1,-39,57
1,-39,58
-2,-39,59
-2,-39,61
2,-39,62
-2,-39,63
-2,-39,64
1,-39,65
-1,-39,68
0,-39,69
0,-39,70
0,-39,71
-1,-39,72
-4,-39,74
2,-39,78
-1,-39,79
4,-39,80
0,-39,81
0,-39,82
1,-39,84
-1,-39,85
1,-39,86
1,-39,88
1,-39,89
1,-39,90
0,-39,91
1,-39,92
0,-39,94
1,-39,95
-3,-39,97
1,-39,99
1,-39,102
1,-39,103
1,-39,104
1,-39,112
2,-39,113
0,-39,114
3,-39,116
1,-39,123
3,-39,126
0,-39,131
1,-39,132
1,-39,133
-1,-39,143
1,-39,146
2,-39,148
1,-39,153
-2,-39,156
1,-39,159
-2,-39,160
-1,-39,161
-1,-39,168
1,-39,174
1,-39,175
-1,-39,176
2,-39,180
-1,-39,181
0,-39,186
-1,-39,187
-1,-39,189
-1,-39,192
-1,-39,196
-1,-39,203
-2,-39,207
-1,-39,211
-1,-39,217
1,-39,222
-2,-39,238
1,-39,239
-3,-39,240
-1,-39,241
1,-39,242
2,-39,246
2,-39,247
2,-39,248
1,-39,249
1,-39,250
1,-39,252
4,-39,253
1,-39,256
1,-39,257
3,-39,258
1,-39,259
2,-39,264
1,-39,265
1,-39,267
1,-39,270
1,-39,272
1,-39,273
-2,-39,276
1,-39,278
1,-39,279
2,-39,283
1,-39,524
-1,-39,590
1,-38,-10
0,-38,-1
-3,-38,0
-3,-38,2
1,-38,5
1,-38,6
2,-38,8
0,-38,9
0,-38,10
1,-38,11
2,-38,12
3,-38,13
4,-38,14
4,-38,15
-1,-38,16
6,-38,17
1,-38,18
0,-38,19
1,-38,20
1,-38,21
3,-38,22
-2,-38,23
3,-38,24
4,-38,25
3,-38,26
0,-38,27
0,-38,28
4,-38,29
-2,-38,30
2,-38,31
6,-38,32
-3,-38,33
3,-38,34
1,-38,35
-1,-38,36
5,-38,37
-2,-38,38
2,-38,39
-2,-38,40
-3,-38,41
-1,-38,42
3,-38,43
1,-38,44
-1,-38,45
-2,-38,46
-1,-38,47
2,-38,48
0,-38,49
-4,-38,51
-2,-38,53
-1,-38,54
-2,-38,55
-3,-38,57
1,-38,58
0,-38,59
-2,-38,61
0,-38,63
1,-38,65
-2,-38,66
0,-38,67
0,-38,68
-1,-38,69
-2,-38,71
-2,-38,72
4,-38,73
3,-38,74
1,-38,75
0,-38,77
1,-38,78
-1,-38,79
-1,-38,81
4,-38,83
-1,-38,84
1,-38,85
1,-38,86
-1,-38,87
-2,-38,89
1,-38,90
-1,-38,93
1,-38,94
1,-38,95
-1,-38,96
2,-38,97
0,-38,98
1,-38,99
2,-38,100
2,-38,104
1,-38,105
1,-38,106
2,-38,107
1,-38,108
1,-38,110
-1,-38,111
1,-38,112
-1,-38,113
1,-38,115
1,-38,116
1,-38,117
0,-38,118
1,-38,119
1,-38,120
-1,-38,124
2,-38,127
-1,-38,128
-1,-38,135
0,-38,136
1,-38,137
1,-38,138
-1,-38,140
1,-38,141
-1,-38,143
-1,-38,145
-1,-38,146
1,-38,148
-1,-38,149
-1,-38,150
-1,-38,154
-1,-38,156
1,-38,157
-3,-38,158
-1,-38,160
1,-38,162
1,-38,163
0,-38,164
1,-38,166
0,-38,168
-1,-38,169
1,-38,170
-1,-38,176
-2,-38,181
-1,-38,184
3,-38,185
1,-38,189
1,-38,194
1,-38,197
0,-38,203
-1,-38,205
1,-38,206
-1,-38,207
-1,-38,209
-1,-38,220
1,-38,221
-2,-38,222
-1,-38,223
0,-38,224
-1,-38,225
-1,-38,227
-1,-38,231
-1,-38,236
-1,-38,237
-1,-38,240
-1,-38,242
0,-38,244
0,-38,246
1,-38,247
-1,-38,248
-1,-38,249
-1,-38,250
4,-38,251
1,-38,252
0,-38,253
2,-38,255
4,-38,256
1,-38,257
2,-38,259
1,-38,260
1,-38,261
3,-38,262
1,-38,263
1,-38,264
-1,-38,267
1,-38,268
1,-38,269
3,-38,272
2,-38,273
1,-38,299
-1,-37,-6
1,-37,-5
-2,-37,0
1,-37,4
1,-37,5
1,-37,6
-1,-37,7
2,-37,8
3,-37,10
-1,-37,11
2,-37,12
4,-37,13
2,-37,14
5,-37,15
3,-37,16
5,-37,17
-2,-37,19
5,-37,20
2,-37,21
2,-37,22
2,-37,23
5,-37,25
4,-37,26
1,-37,27
-2,-37,28
2,-37,29
-1,-37,30
3,-37,31
1,-37,32
2,-37,34
2,-37,36
5,-37,37
5,-37,38
1,-37,39
-3,-37,40
3,-37,41
0,-37,42
4,-37,43
1,-37,44
-2,-37,45
0,-37,47
4,-37,48
-4,-37,49
1,-37,50
0,-37,51
1,-37,52
-1,-37,55
3,-37,59
1,-37,61
1,-37,62
2,-37,63
1,-37,64
2,-37,66
-3,-37,68
-2,-37,70
1,-37,71
1,-37,72
2,-37,73
1,-37,74
0,-37,76
1,-37,77
-2,-37,78
0,-37,80
0,-37,82
1,-37,83
-1,-37,85
1,-37,86
-1,-37,87
1,-37,88
1,-37,91
1,-37,92
2,-37,94
1,-37,96
1,-37,100
1,-37,102
1,-37,103
1,-37,105
2,-37,110
1,-37,112
1,-37,118
-1,-37,120
1,-37,121
1,-37,122
-1,-37,129
1,-37,132
-3,-37,133
1,-37,136
1,-37,139
-1,-37,141
2,-37,142
-1,-37,144
1,-37,147
1,-37,152
1,-37,155
0,-37,156
-1,-37,165
1,-37,166
-1,-37,169
-1,-37,171
0,-37,173
0,-37,177
-1,-37,181
1,-37,182
-2,-37,184
-1,-37,186
1,-37,188
1,-37,190
0,-37,192
1,-37,200
-2,-37,205
-1,-37,213
1,-37,215
-1,-37,222
-1,-37,236
1,-37,240
1,-37,242
1,-37,243
-1,-37,245
0,-37,247
2,-37,248
3,-37,250
2,-37,252
0,-37,253
0,-37,255
-3,-37,257
1,-37,258
1,-37,260
1,-37,261
2,-37,262
1,-37,263
2,-37,265
2,-37,266
1,-37,267
1,-37,271
2,-37,272
1,-37,273
1,-37,277
1,-37,279
-1,-36,-14
1,-36,-10
1,-36,-6
0,-36,-3
-1,-36,-1
-2,-36,0
1,-36,1
-1,-36,2
2,-36,3
2,-36,4
-5,-36,5
1,-36,6
2,-36,7
0,-36,8
1,-36,9
4,-36,10
2,-36,11
-7,-36,12
0,-36,13
1,-36,14
0,-36,15
4,-36,16
0,-36,17
-6,-36,18
1,-36,19
2,-36,20
4,-36,21
4,-36,22
-1,-36,23
3,-36,24
-1,-36,25
1,-36,26
2,-36,27
0,-36,28
-2,-36,29
-1,-36,30
1,-36,31
3,-36,32
-3,-36,33
4,-36,34
-1,-36,35
-2,-36,36
0,-36,38
0,-36,40
1,-36,41
0,-36,42
0,-36,43
3,-36,44
2,-36,45
-4,-36,46
2,-36,47
-4,-36,48
3,-36,49
1,-36,50
-1,-36,51
1,-36,52
-2,-36,53
1,-36,54
-2,-36,56
0,-36,57
-1,-36,58
1,-36,59
2,-36,60
-5,-36,61
-2,-36,63
1,-36,64
-1,-36,65
-2,-36,66
1,-36,67
-2,-36,68
1,-36,70
-2,-36,72
1,-36,73
1,-36,74
0,-36,75
-2,-36,76
-2,-36,78
2,-36,79
3,-36,80
-2,-36,81
-1,-36,83
-1,-36,85
-1,-36,86
-1,-36,87
0,-36,88
0,-36,89
0,-36,91
-1,-36,93
1,-36,94
-1,-36,96
0,-36,97
1,-36,99
2,-36,100
1,-36,101
-1,-36,102
1,-36,104
1,-36,106
1,-36,109
2,-36,113
-1,-36,115
-1,-36,116
-1,-36,117
1,-36,118
-1,-36,121
-1,-36,124
1,-36,125
-1,-36,126
1,-36,127
-1,-36,130
1,-36,131
-1,-36,136
-2,-36,139
-1,-36,140
-1,-36,141
0,-36,143
1,-36,144
-1,-36,147
1,-36,148
0,-36,149
2,-36,150
-1,-36,151
-1,-36,153
1,-36,155
-1,-36,156
-1,-36,158
-1,-36,161
-2,-36,162
0,-36,163
1,-36,164
-1,-36,166
-1,-36,168
1,-36,169
1,-36,172
-1,-36,173
-1,-36,179
-2,-36,181
1,-36,182
2,-36,183
-1,-36,184
1,-36,185
-1,-36,188
1,-36,189
-2,-36,190
-1,-36,191
-1,-36,194
-2,-36,196
-2,-36,201
1,-36,205
1,-36,215
-1,-36,216
-1,-36,220
-1,-36,224
1,-36,225
-1,-36,229
-1,-36,231
-1,-36,233
-2,-36,236
-3,-36,237
-2,-36,238
-3,-36,242
-1,-36,244
2,-36,245
1,-36,246
1,-36,247
-1,-36,248
2,-36,249
2,-36,250
2,-36,251
1,-36,252
2,-36,253
-1,-36,255
1,-36,257
-1,-36,259
1,-36,260
3,-36,263
1,-36,264
2,-36,265
1,-36,266
1,-36,267
3,-36,268
1,-36,269
1,-36,270
3,-36,272
3,-36,273
1,-36,274
1,-36,275
1,-36,277
1,-36,278
1,-36,281
-1,-36,284
1,-36,288
1,-35,-4
2,-35,7
1,-35,12
2,-35,13
1,-35,14
1,-35,15
2,-35,16
-1,-35,19
2,-35,22
-1,-35,23
1,-35,25
2,-35,26
1,-35,27
1,-35,28
-1,-35,32
-1,-35,34
1,-35,37
-1,-35,40
0,-35,42
1,-35,45
-1,-35,50
3,-35,51
-1,-35,53
2,-35,57
-1,-35,63
1,-35,75
-1,-35,80
1,-35,83
0,-35,85
1,-35,88
2,-35,92
2,-35,94
-1,-35,101
0,-35,106
1,-35,107
-1,-35,110
1,-35,120
1,-35,121
1,-35,122
1,-35,133
-1,-35,178
1,-35,188
1,-35,193
1,-35,204
-1,-35,219
1,-35,248
1,-35,251
0,-35,255
1,-35,258
1,-35,259
1,-35,263
1,-35,265
1,-35,270
1,-35,273
1,-35,275
1,-35,278
1,-35,285
1,-35,335
1,-34,-15
1,-34,-7
0,-34,-3
-1,-34,-1
1,-34,0
3,-34,1
1,-34,2
1,-34,3
3,-34,4
2,-34,5
3,-34,6
2,-34,7
4,-34,8
1,-34,9
0,-34,10
2,-34,11
2,-34,13
2,-34,14
2,-34,15
4,-34,16
2,-34,17
2,-34,18
1,-34,19
7,-34,20
2,-34,21
5,-34,22
3,-34,23
1,-34,24
4,-34,25
4,-34,26
2,-34,27
-1,-34,28
3,-34,29
4,-34,30
2,-34,31
1,-34,32
2,-34,33
5,-34,34
0,-34,35
-1,-34,36
5,-34,37
1,-34,39
1,-34,40
-2,-34,41
2,-34,42
-1,-34,43
-1,-34,45
-1,-34,46
2,-34,47
1,-34,48
-2,-34,49
3,-34,50
-5,-34,51
1,-34,52
-1,-34,53
0,-34,54
-1,-34,55
-2,-34,56
1,-34,59
1,-34,60
-1,-34,61
0,-34,62
2,-34,63
0,-34,64
1,-34,65
2,-34,66
1,-34,67
-2,-34,68
1,-34,72
-1,-34,73
-1,-34,74
-1,-34,75
1,-34,76
1,-34,78
-1,-34,80
-1,-34,81
1,-34,82
-1,-34,84
1,-34,86
2,-34,88
1,-34,89
1,-34,90
1,-34,91
1,-34,95
1,-34,102
-1,-34,105
1,-34,110
1,-34,112
1,-34,113
1,-34,114
1,-34,115
1,-34,116
1,-34,118
-1,-34,122
1,-34,126
1,-34,128
-1,-34,129
2,-34,139
-1,-34,141
1,-34,142
-1,-34,143
0,-34,145
-1,-34,148
1,-34,149
-1,-34,151
-1,-34,155
-1,-34,156
-1,-34,162
-1,-34,164
2,-34,172
0,-34,176
-2,-34,184
-1,-34,188
-1,-34,190
-1,-34,191
-1,-34,192
-1,-34,194
-1,-34,196
-1,-34,197
1,-34,206
-1,-34,210
-1,-34,238
1,-34,241
-1,-34,242
-1,-34,245
-1,-34,246
1,-34,249
2,-34,250
0,-34,252
1,-34,253
1,-34,258
2,-34,259
3,-34,260
2,-34,261
2,-34,262
2,-34,263
2,-34,264
1,-34,265
2,-34,267
1,-34,268
1,-34,269
3,-34,273
2,-34,275
1,-34,278
1,-34,298
-1,-34,488
-1,-34,564
0,-33,-10
-1,-33,-8
1,-33,-7
1,-33,-5
1,-33,-4
1,-33,-3
-1,-33,-1
-8,-33,0
0,-33,1
0,-33,3
2,-33,4
-2,-33,5
4,-33,6
-3,-33,7
-1,-33,8
-2,-33,9
3,-33,10
8,-33,11
1,-33,12
-2,-33,13
3,-33,14
-4,-33,15
3,-33,16
0,-33,17
4,-33,18
-2,-33,19
8,-33,20
1,-33,21
3,-33,22
3,-33,23
2,-33,24
6,-33,25
3,-33,26
6,-33,27
-1,-33,28
2,-33,29
1,-33,30
-1,-33,31
3,-33,32
0,-33,33
3,-33,34
2,-33,35
1,-33,36
3,-33,37
1,-33,38
1,-33,39
-2,-33,40
2,-33,41
-2,-33,42
-1,-33,43
-1,-33,44
-3,-33,45
0,-33,47
-1,-33,48
0,-33,49
2,-33,50
-8,-33,51
-2,-33,53
-1,-33,54
-1,-33,55
-2,-33,56
-2,-33,57
2,-33,58
0,-33,59
1,-33,60
-4,-33,61
1,-33,62
-6,-33,63
1,-33,64
2,-33,65
-3,-33,66
-8,-33,68
-2,-33,70
-1,-33,72
3,-33,73
-2,-33,74
-1,-33,76
-1,-33,78
-1,-33,79
1,-33,81
-3,-33,82
2,-33,83
1,-33,84
0,-33,85
0,-33,87
1,-33,88
2,-33,89
-1,-33,91
-2,-33,93
0,-33,95
1,-33,96
-2,-33,97
1,-33,98
-1,-33,101
2,-33,103
-1,-33,104
2,-33,105
-1,-33,106
-1,-33,108
2,-33,109
2,-33,110
1,-33,112
1,-33,113
-1,-33,114
1,-33,115
1,-33,116
-2,-33,118
2,-33,120
-3,-33,125
-2,-33,127
1,-33,131
-1,-33,135
1,-33,138
-1,-33,141
1,-33,142
-1,-33,143
-4,-33,150
-1,-33,154
-2,-33,155
-4,-33,156
-2,-33,158
-1,-33,160
1,-33,164
0,-33,165
-1,-33,166
-1,-33,167
1,-33,168
-1,-33,169
-1,-33,175
-1,-33,176
1,-33,177
-4,-33,179
-1,-33,181
-3,-33,184
-1,-33,186
0,-33,188
-2,-33,192
-1,-33,194
-1,-33,196
0,-33,198
-1,-33,199
-1,-33,200
1,-33,203
-2,-33,205
-3,-33,207
-1,-33,210
-1,-33,212
-1,-33,214
1,-33,217
-1,-33,220
-1,-33,222
-1,-33,224
-1,-33,225
1,-33,229
-1,-33,238
-1,-33,239
1,-33,240
-1,-33,241
-1,-33,246
2,-33,247
-1,-33,248
1,-33,249
0,-33,250
2,-33,251
-1,-33,252
2,-33,253
1,-33,254
-2,-33,255
3,-33,256
1,-33,258
0,-33,259
6,-33,260
2,-33,262
1,-33,263
0,-33,264
1,-33,265
1,-33,267
2,-33,269
1,-33,270
1,-33,277
-1,-33,283
2,-33,284
1,-33,287
1,-33,291
1,-33,296
1,-33,335
1,-32,-10
1,-32,-7
1,-32,-5
1,-32,-3
1,-32,-2
1,-32,-1
1,-32,0
1,-32,1
3,-32,4
1,-32,5
5,-32,6
1,-32,7
8,-32,8
1,-32,9
2,-32,10
4,-32,11
1,-32,12
5,-32,13
1,-32,14
11,-32,15
5,-32,16
6,-32,17
3,-32,18
1,-32,19
4,-32,20
2,-32,21
4,-32,22
3,-32,23
5,-32,24
6,-32,25
8,-32,26
4,-32,27
3,-32,28
2,-32,29
4,-32,31
5,-32,32
2,-32,33
5,-32,34
2,-32,35
2,-32,36
1,-32,37
1,-32,39
1,-32,40
2,-32,41
1,-32,43
1,-32,44
1,-32,45
3,-32,47
4,-32,48
1,-32,50
3,-32,52
2,-32,53
1,-32,55
2,-32,56
1,-32,57
3,-32,58
4,-32,63
1,-32,64
1,-32,65
1,-32,68
1,-32,69
1,-32,70
3,-32,71
1,-32,73
3,-32,74
1,-32,80
1,-32,81
1,-32,83
1,-32,84
2,-32,85
3,-32,86
1,-32,88
1,-32,90
1,-32,91
1,-32,92
1,-32,95
1,-32,96
1,-32,97
3,-32,103
3,-32,111
1,-32,113
1,-32,116
1,-32,118
1,-32,120
1,-32,127
1,-32,131
1,-32,134
2,-32,135
1,-32,137
1,-32,138
1,-32,141
1,-32,145
1,-32,162
-1,-32,172
1,-32,177
1,-32,179
1,-32,183
1,-32,195
1,-32,196
1,-32,198
1,-32,231
1,-32,243
1,-32,245
4,-32,246
3,-32,248
1,-32,250
1,-32,251
2,-32,252
3,-32,253
1,-32,254
1,-32,255
1,-32,256
5,-32,257
4,-32,258
1,-32,259
3,-32,260
1,-32,263
2,-32,265
1,-32,269
1,-32,273
3,-32,274
1,-32,275
1,-32,278
1,-32,279
1,-32,281
1,-32,285
1,-32,286
1,-32,291
1,-32,293
1,-32,300
1,-32,442
1,-32,446
0,-31,-8
1,-31,-4
1,-31,-2
1,-31,0
1,-31,1
-1,-31,2
1,-31,4
6,-31,6
1,-31,7
1,-31,8
1,-31,9
3,-31,10
2,-31,11
-1,-31,12
5,-31,13
1,-31,14
-3,-31,15
8,-31,16
1,-31,17
0,-31,18
-3,-31,19
6,-31,20
4,-31,21
5,-31,22
1,-31,23
0,-31,24
9,-31,25
3,-31,26
0,-31,27
-3,-31,28
0,-31,29
-1,-31,30
0,-31,31
0,-31,32
-2,-31,33
3,-31,34
2,-31,35
1,-31,36
2,-31,37
2,-31,38
-2,-31,39
-2,-31,40
2,-31,41
-1,-31,42
-3,-31,45
-2,-31,46
-4,-31,48
-3,-31,49
3,-31,50
-2,-31,51
0,-31,52
-1,-31,53
0,-31,54
1,-31,55
-1,-31,56
1,-31,57
-1,-31,58
1,-31,59
0,-31,60
-3,-31,61
1,-31,62
2,-31,63
-5,-31,68
-3,-31,70
1,-31,72
1,-31,74
1,-31,75
1,-31,76
-1,-31,78
1,-31,79
0,-31,80
1,-31,83
-2,-31,85
-1,-31,87
1,-31,90
-2,-31,91
2,-31,92
-2,-31,93
2,-31,94
-1,-31,97
1,-31,99
2,-31,104
-1,-31,105
-2,-31,106
3,-31,109
-1,-31,111
1,-31,113
2,-31,115
1,-31,119
-1,-31,120
1,-31,123
0,-31,124
1,-31,128
-2,-31,132
-2,-31,133
-1,-31,135
0,-31,137
1,-31,143
1,-31,147
-2,-31,149
0,-31,150
-1,-31,151
1,-31,153
-1,-31,156
1,-31,157
-2,-31,158
2,-31,159
1,-31,162
2,-31,163
0,-31,164
-1,-31,166
0,-31,169
-4,-31,171
-1,-31,174
2,-31,176
-1,-31,177
-1,-31,178
-1,-31,179
0,-31,181
0,-31,186
-2,-31,187
-2,-31,188
1,-31,190
1,-31,191
-2,-31,192
1,-31,193
-3,-31,194
-1,-31,196
-1,-31,198
0,-31,199
-2,-31,201
-1,-31,202
1,-31,203
-1,-31,204
-1,-31,209
-1,-31,212
-1,-31,213
-1,-31,218
-1,-31,219
-1,-31,227
-2,-31,229
-1,-31,231
-2,-31,236
-1,-31,237
1,-31,240
-4,-31,242
1,-31,243
-1,-31,244
-2,-31,245
0,-31,246
-1,-31,247
-2,-31,248
-1,-31,250
2,-31,251
0,-31,252
-1,-31,253
-1,-31,255
4,-31,256
4,-31,257
1,-31,258
0,-31,259
4,-31,260
-1,-31,261
1,-31,262
2,-31,263
1,-31,264
1,-31,267
1,-31,268
1,-31,269
2,-31,271
1,-31,272
1,-31,273
1,-31,277
1,-31,279
1,-31,281
1,-31,288
-1,-31,411
-1,-31,574
1,-30,-10
1,-30,0
1,-30,1
3,-30,4
3,-30,6
1,-30,8
3,-30,10
1,-30,11
2,-30,12
1,-30,13
2,-30,15
1,-30,16
3,-30,17
1,-30,19
2,-30,20
2,-30,22
1,-30,24
1,-30,25
2,-30,26
2,-30,30
1,-30,34
1,-30,38
1,-30,39
1,-30,41
1,-30,45
1,-30,49
1,-30,52
1,-30,60
1,-30,61
1,-30,72
2,-30,73
1,-30,75
1,-30,80
1,-30,83
1,-30,85
1,-30,86
2,-30,88
2,-30,92
1,-30,110
1,-30,130
1,-30,167
1,-30,184
1,-30,199
1,-30,242
2,-30,243
1,-30,247
2,-30,252
2,-30,253
1,-30,256
1,-30,258
1,-30,262
2,-30,263
1,-30,264
1,-30,270
1,-30,272
1,-30,274
1,-30,281
1,-30,356
-1,-29,-9
-1,-29,-5
3,-29,-4
-2,-29,-3
1,-29,-2
-1,-29,-1
-2,-29,0
2,-29,1
-1,-29,2
-3,-29,3
-2,-29,4
1,-29,5
3,-29,6
3,-29,7
8,-29,8
3,-29,10
7,-29,11
0,-29,12
0,-29,13
2,-29,14
6,-29,15
-4,-29,16
0,-29,17
0,-29,18
1,-29,19
2,-29,20
5,-29,21
8,-29,22
-3,-29,23
3,-29,24
-3,-29,25
2,-29,26
-3,-29,27
3,-29,28
2,-29,29
3,-29,30
-3,-29,31
4,-29,32
2,-29,33
5,-29,34
2,-29,35
-2,-29,36
2,-29,37
-6,-29,38
-1,-29,39
-4,-29,40
-2,-29,41
1,-29,42
0,-29,43
-1,-29,44
1,-29,45
1,-29,46
1,-29,47
-5,-29,48
-5,-29,49
-4,-29,51
1,-29,52
0,-29,53
1,-29,54
0,-29,55
-1,-29,56
0,-29,57
1,-29,58
-2,-29,59
-3,-29,61
0,-29,62
3,-29,63
1,-29,64
-5,-29,66
1,-29,68
-1,-29,69
-2,-29,70
1,-29,71
-1,-29,72
0,-29,74
1,-29,75
-2,-29,76
1,-29,77
0,-29,78
1,-29,79
-1,-29,80
-2,-29,82
-2,-29,83
1,-29,84
0,-29,85
1,-29,86
1,-29,88
0,-29,89
1,-29,90
-2,-29,91
1,-29,92
1,-29,94
-1,-29,95
3,-29,96
-1,-29,97
0,-29,99
-1,-29,100
1,-29,104
1,-29,108
-1,-29,110
-1,-29,112
1,-29,115
-1,-29,117
-1,-29,120
1,-29,122
2,-29,125
-1,-29,126
1,-29,128
0,-29,130
-1,-29,132
-2,-29,134
-1,-29,135
0,-29,136
1,-29,139
1,-29,141
-1,-29,145
0,-29,147
-2,-29,151
0,-29,153
-3,-29,154
1,-29,156
1,-29,159
1,-29,160
-1,-29,161
-1,-29,164
-1,-29,165
-1,-29,166
1,-29,167
-1,-29,168
-1,-29,171
0,-29,173
-1,-29,174
-1,-29,175
1,-29,177
-1,-29,178
-1,-29,179
-2,-29,181
-1,-29,183
-1,-29,184
1,-29,185
-1,-29,186
0,-29,188
-2,-29,192
-2,-29,194
-1,-29,197
-1,-29,198
-2,-29,199
0,-29,201
-1,-29,203
-1,-29,204
0,-29,205
-1,-29,207
-1,-29,212
-1,-29,215
-1,-29,218
-1,-29,224
-1,-29,225
-1,-29,233
-1,-29,237
-3,-29,238
-3,-29,240
-1,-29,242
-3,-29,244
1,-29,245
-2,-29,246
1,-29,247
-2,-29,248
1,-29,249
-3,-29,250
-1,-29,252
1,-29,253
-1,-29,254
1,-29,255
2,-29,256
2,-29,257
2,-29,258
1,-29,260
1,-29,261
0,-29,262
2,-29,263
2,-29,264
3,-29,267
3,-29,268
2,-29,269
2,-29,272
2,-29,273
1,-29,275
1,-29,280
1,-29,283
1,-29,284
1,-29,285
1,-29,291
-1,-29,340
1,-29,353
-1,-29,452
-1,-29,628
1,-28,-10
-1,-28,-6
1,-28,-4
1,-28,-2
1,-28,-1
-3,-28,0
8,-28,1
2,-28,2
0,-28,3
5,-28,4
6,-28,5
3,-28,6
0,-28,7
4,-28,8
3,-28,9
11,-28,10
6,-28,11
2,-28,12
6,-28,13
3,-28,14
2,-28,15
3,-28,16
3,-28,17
2,-28,18
2,-28,19
4,-28,20
3,-28,21
6,-28,22
0,-28,23
4,-28,24
4,-28,25
4,-28,26
3,-28,27
2,-28,28
4,-28,29
2,-28,30
1,-28,31
3,-28,32
2,-28,33
1,-28,34
1,-28,35
-4,-28,36
1,-28,37
-1,-28,38
3,-28,39
-1,-28,40
1,-28,41
2,-28,42
3,-28,43
2,-28,44
1,-28,45
3,-28,46
1,-28,47
-1,-28,48
1,-28,49
2,-28,50
1,-28,51
1,-28,53
1,-28,54
1,-28,55
-2,-28,56
1,-28,57
2,-28,59
-2,-28,61
1,-28,62
1,-28,63
2,-28,64
1,-28,67
-2,-28,68
1,-28,71
-1,-28,72
1,-28,73
1,-28,75
1,-28,78
-1,-28,79
2,-28,80
-1,-28,81
1,-28,82
1,-28,83
0,-28,84
3,-28,86
2,-28,88
2,-28,92
1,-28,95
1,-28,96
3,-28,99
1,-28,108
1,-28,110
1,-28,111
1,-28,117
1,-28,120
1,-28,122
1,-28,123
1,-28,125
1,-28,136
-2,-28,137
-1,-28,140
1,-28,141
1,-28,147
1,-28,150
-1,-28,151
1,-28,152
1,-28,154
0,-28,159
-1,-28,161
1,-28,163
1,-28,164
1,-28,167
-1,-28,183
-1,-28,191
-1,-28,194
-1,-28,201
1,-28,205
-1,-28,207
-1,-28,215
-1,-28,220
1,-28,230
-1,-28,238
-1,-28,240
1,-28,241
-1,-28,243
-1,-28,245
1,-28,246
-1,-28,247
2,-28,248
1,-28,250
1,-28,252
3,-28,253
1,-28,254
1,-28,256
1,-28,257
1,-28,258
2,-28,259
3,-28,260
1,-28,261
4,-28,262
2,-28,263
1,-28,264
1,-28,265
1,-28,266
1,-28,269
1,-28,270
1,-28,271
2,-28,272
1,-28,275
1,-28,276
1,-28,280
1,-28,284
1,-28,285
1,-28,292
1,-28,294
1,-28,298
1,-28,301
1,-28,304
1,-28,306
1,-28,316
1,-27,-7
0,-27,-6
2,-27,-5
2,-27,-4
1,-27,-2
1,-27,-1
-4,-27,0
1,-27,1
-1,-27,2
4,-27,3
1,-27,4
3,-27,5
6,-27,6
-2,-27,7
5,-27,8
1,-27,9
1,-27,10
9,-27,11
5,-27,12
1,-27,13
3,-27,14
0,-27,15
5,-27,16
11,-27,17
2,-27,18
-1,-27,19
9,-27,20
4,-27,21
7,-27,22
2,-27,23
4,-27,24
0,-27,25
4,-27,26
10,-27,27
4,-27,28
3,-27,29
-3,-27,30
4,-27,31
0,-27,32
-4,-27,33
-1,-27,34
1,-27,35
1,-27,36
2,-27,38
2,-27,39
-4,-27,40
1,-27,41
-1,-27,42
2,-27,43
4,-27,44
-3,-27,45
2,-27,46
-3,-27,47
1,-27,48
2,-27,49
2,-27,50
-4,-27,51
1,-27,52
-3,-27,53
-1,-27,54
-2,-27,55
1,-27,56
-9,-27,57
5,-27,58
0,-27,59
-3,-27,61
3,-27,62
0,-27,63
1,-27,64
-1,-27,67
-2,-27,68
2,-27,69
-4,-27,70
-1,-27,71
-2,-27,72
1,-27,73
-5,-27,76
1,-27,77
0,-27,78
-2,-27,80
-2,-27,82
1,-27,83
4,-27,84
-2,-27,85
0,-27,87
-1,-27,89
1,-27,90
-1,-27,91
-4,-27,93
2,-27,94
1,-27,96
-2,-27,97
1,-27,99
1,-27,100
-2,-27,101
3,-27,103
-3,-27,104
2,-27,105
2,-27,106
0,-27,108
-1,-27,109
2,-27,110
-3,-27,112
1,-27,113
-1,-27,115
1,-27,116
1,-27,125
1,-27,126
1,-27,127
1,-27,128
1,-27,129
1,-27,130
0,-27,131
-1,-27,137
-1,-27,141
1,-27,142
2,-27,147
-1,-27,148
-3,-27,150
1,-27,153
2,-27,157
-2,-27,158
1,-27,159
-1,-27,160
-1,-27,164
-2,-27,165
1,-27,168
-2,-27,169
0,-27,171
-1,-27,173
-1,-27,175
1,-27,176
-1,-27,179
0,-27,181
1,-27,183
-1,-27,184
-2,-27,188
-2,-27,190
-1,-27,192
1,-27,194
-2,-27,198
-1,-27,200
-2,-27,205
1,-27,206
-1,-27,209
-1,-27,210
-1,-27,216
-1,-27,219
0,-27,225
-4,-27,231
-1,-27,233
-3,-27,236
1,-27,242
1,-27,243
-1,-27,245
0,-27,246
1,-27,247
-1,-27,248
-2,-27,250
2,-27,251
1,-27,252
0,-27,253
1,-27,254
2,-27,256
-3,-27,257
2,-27,258
1,-27,259
2,-27,260
5,-27,262
3,-27,263
2,-27,264
3,-27,265
-1,-27,266
2,-27,268
1,-27,269
1,-27,270
0,-27,272
1,-27,273
1,-27,277
2,-27,279
1,-27,280
1,-27,281
1,-27,282
1,-27,283
1,-27,285
1,-27,289
2,-26,-7
1,-26,-5
2,-26,-4
3,-26,-3
3,-26,-2
4,-26,-1
3,-26,0
3,-26,1
3,-26,2
5,-26,3
10,-26,4
3,-26,5
5,-26,6
2,-26,7
10,-26,8
4,-26,9
9,-26,10
5,-26,11
0,-26,12
10,-26,13
1,-26,14
13,-26,15
6,-26,16
6,-26,17
3,-26,18
2,-26,19
5,-26,20
11,-26,21
10,-26,22
7,-26,23
5,-26,24
5,-26,25
4,-26,26
2,-26,27
3,-26,28
7,-26,29
2,-26,30
7,-26,31
6,-26,32
6,-26,34
2,-26,35
1,-26,36
2,-26,37
1,-26,38
1,-26,39
3,-26,40
1,-26,41
1,-26,42
1,-26,44
2,-26,45
6,-26,46
1,-26,47
2,-26,48
-1,-26,49
2,-26,50
-2,-26,51
1,-26,52
-1,-26,53
-2,-26,54
-1,-26,56
1,-26,57
1,-26,58
0,-26,59
1,-26,60
0,-26,61
2,-26,62
1,-26,64
-1,-26,66
1,-26,67
0,-26,68
2,-26,69
1,-26,70
0,-26,74
1,-26,75
-1,-26,76
2,-26,79
-3,-26,81
-1,-26,82
1,-26,85
-2,-26,86
-1,-26,87
1,-26,88
-1,-26,92
1,-26,94
1,-26,96
1,-26,97
1,-26,99
1,-26,100
1,-26,104
4,-26,106
1,-26,108
1,-26,111
1,-26,112
1,-26,113
1,-26,116
3,-26,120
1,-26,121
1,-26,125
2,-26,126
-1,-26,128
1,-26,130
1,-26,131
1,-26,132
-1,-26,138
-1,-26,140
-2,-26,141
1,-26,142
-3,-26,143
1,-26,146
1,-26,148
1,-26,152
-1,-26,153
1,-26,155
1,-26,157
1,-26,158
1,-26,162
0,-26,164
1,-26,166
1,-26,168
-1,-26,169
1,-26,170
-2,-26,173
2,-26,174
-1,-26,179
1,-26,184
1,-26,190
-2,-26,196
-1,-26,201
-1,-26,204
-1,-26,214
-1,-26,225
1,-26,230
-1,-26,238
-2,-26,240
1,-26,241
0,-26,242
0,-26,245
1,-26,246
-2,-26,247
2,-26,248
2,-26,249
2,-26,250
1,-26,252
2,-26,253
1,-26,255
2,-26,256
3,-26,257
2,-26,258
2,-26,260
2,-26,262
5,-26,264
1,-26,265
1,-26,268
1,-26,271
1,-26,272
1,-26,274
1,-26,281
1,-26,286
1,-26,436
1,-25,-16
1,-25,-10
-1,-25,-8
1,-25,-7
1,-25,-6
1,-25,-5
1,-25,-4
-1,-25,-3
0,-25,-2
0,-25,-1
2,-25,0
1,-25,1
2,-25,2
-3,-25,3
0,-25,4
4,-25,5
3,-25,6
0,-25,7
7,-25,8
2,-25,9
5,-25,10
8,-25,11
1,-25,12
-1,-25,13
4,-25,14
-1,-25,15
3,-25,16
6,-25,17
0,-25,18
-3,-25,19
12,-25,20
7,-25,21
4,-25,22
7,-25,23
3,-25,24
3,-25,25
2,-25,26
8,-25,27
-1,-25,28
-1,-25,29
-1,-25,30
2,-25,31
6,-25,32
-1,-25,33
-1,-25,34
3,-25,35
-3,-25,36
7,-25,37
1,-25,38
1,-25,40
5,-25,41
-3,-25,42
4,-25,43
1,-25,44
-2,-25,45
-10,-25,46
-4,-25,47
-4,-25,48
-1,-25,49
-1,-25,51
2,-25,52
-1,-25,53
1,-25,54
-1,-25,55
0,-25,56
-3,-25,57
0,-25,58
-3,-25,59
1,-25,60
-6,-25,61
-1,-25,62
2,-25,63
0,-25,64
2,-25,65
-3,-25,66
1,-25,67
-1,-25,68
1,-25,69
0,-25,70
-1,-25,71
1,-25,73
1,-25,74
2,-25,75
-2,-25,76
1,-25,77
2,-25,78
-1,-25,79
1,-25,80
-2,-25,82
2,-25,83
-1,-25,85
0,-25,86
-2,-25,87
-1,-25,89
1,-25,90
-1,-25,91
2,-25,92
2,-25,94
0,-25,95
-1,-25,97
1,-25,99
-1,-25,100
3,-25,101
0,-25,103
-2,-25,104
2,-25,105
1,-25,107
1,-25,110
1,-25,115
1,-25,117
-1,-25,118
-1,-25,121
-1,-25,122
0,-25,124
1,-25,125
3,-25,126
2,-25,127
1,-25,130
-2,-25,131
1,-25,134
1,-25,135
0,-25,139
-1,-25,141
-2,-25,145
-1,-25,148
-1,-25,149
-1,-25,151
1,-25,152
0,-25,153
1,-25,155
-1,-25,158
1,-25,159
-1,-25,160
-1,-25,162
1,-25,163
-1,-25,167
1,-25,168
-1,-25,169
-2,-25,171
-2,-25,173
1,-25,174
-1,-25,175
-3,-25,177
-1,-25,179
-2,-25,181
-1,-25,184
-1,-25,186
-1,-25,188
-1,-25,193
-1,-25,196
-1,-25,198
1,-25,200
-1,-25,201
-2,-25,205
-1,-25,209
1,-25,211
-1,-25,212
-1,-25,213
-1,-25,216
-1,-25,218
1,-25,220
-1,-25,222
-1,-25,223
-1,-25,225
-1,-25,227
-1,-25,237
1,-25,240
-2,-25,241
-2,-25,242
-2,-25,243
-1,-25,244
1,-25,245
0,-25,246
-1,-25,247
0,-25,248
0,-25,250
0,-25,251
3,-25,252
3,-25,253
-2,-25,254
0,-25,255
7,-25,256
4,-25,257
3,-25,258
0,-25,259
1,-25,260
0,-25,261
1,-25,262
2,-25,263
2,-25,267
-1,-25,268
4,-25,269
3,-25,270
1,-25,273
2,-25,277
1,-25,278
2,-25,283
1,-25,285
1,-25,289
1,-25,296
1,-25,321
2,-24,-4
1,-24,-3
1,-24,-1
2,-24,0
3,-24,1
2,-24,4
2,-24,5
3,-24,6
4,-24,7
3,-24,8
2,-24,9
5,-24,10
3,-24,11
2,-24,12
2,-24,13
1,-24,14
3,-24,15
3,-24,16
3,-24,17
2,-24,18
3,-24,19
4,-24,21
1,-24,22
1,-24,25
1,-24,26
3,-24,27
2,-24,28
1,-24,29
2,-24,30
1,-24,31
1,-24,35
2,-24,37
1,-24,38
1,-24,39
1,-24,40
1,-24,41
1,-24,42
1,-24,46
1,-24,53
1,-24,54
1,-24,55
1,-24,58
1,-24,59
1,-24,60
1,-24,73
1,-24,77
1,-24,81
1,-24,83
1,-24,91
1,-24,92
1,-24,94
1,-24,95
1,-24,96
1,-24,106
1,-24,115
1,-24,121
1,-24,125
1,-24,149
1,-24,172
1,-24,174
1,-24,185
1,-24,190
1,-24,195
1,-24,197
1,-24,251
4,-24,252
1,-24,255
1,-24,257
1,-24,258
1,-24,260
1,-24,267
1,-24,268
1,-24,270
1,-24,272
1,-24,298
1,-23,-13
-1,-23,-11
1,-23,-7
-2,-23,-6
1,-23,-5
2,-23,-4
-3,-23,-3
1,-23,-2
1,-23,-1
-1,-23,0
4,-23,1
-2,-23,2
-4,-23,3
1,-23,4
2,-23,5
16,-23,6
1,-23,7
6,-23,8
1,-23,9
-4,-23,10
6,-23,11
3,-23,12
3,-23,13
1,-23,14
2,-23,15
-3,-23,16
-3,-23,17
4,-23,18
0,-23,19
7,-23,20
2,-23,21
8,-23,22
-3,-23,23
0,-23,25
-3,-23,26
0,-23,27
6,-23,28
3,-23,29
-2,-23,30
1,-23,31
1,-23,32
-3,-23,33
3,-23,34
2,-23,35
0,-23,36
2,-23,37
3,-23,38
-1,-23,39
-4,-23,40
0,-23,41
3,-23,42
-3,-23,43
-2,-23,44
-5,-23,45
-3,-23,46
0,-23,47
-3,-23,48
-1,-23,49
-8,-23,51
1,-23,52
0,-23,53
2,-23,54
-14,-23,55
-2,-23,56
1,-23,57
3,-23,58
-2,-23,59
1,-23,60
-5,-23,61
1,-23,62
-2,-23,63
-1,-23,64
2,-23,65
-4,-23,66
-7,-23,68
-1,-23,69
-1,-23,70
-1,-23,71
-5,-23,72
1,-23,73
1,-23,74
0,-23,75
-3,-23,76
1,-23,77
1,-23,78
2,-23,79
-2,-23,80
0,-23,81
-1,-23,82
2,-23,84
0,-23,85
0,-23,86
-3,-23,87
1,-23,88
-4,-23,89
0,-23,91
1,-23,92
-1,-23,93
0,-23,95
1,-23,98
-1,-23,99
-1,-23,100
0,-23,101
1,-23,102
1,-23,103
-2,-23,104
2,-23,105
0,-23,106
1,-23,107
0,-23,109
1,-23,111
1,-23,112
0,-23,113
-1,-23,114
1,-23,115
-1,-23,116
0,-23,117
1,-23,122
1,-23,123
0,-23,126
-1,-23,127
-1,-23,128
-1,-23,130
-3,-23,133
-1,-23,139
-1,-23,140
-1,-23,141
1,-23,142
2,-23,143
-1,-23,144
-2,-23,145
-3,-23,147
-3,-23,149
-3,-23,150
-2,-23,151
2,-23,153
-1,-23,154
0,-23,155
-2,-23,156
-1,-23,158
-1,-23,160
1,-23,164
-1,-23,165
1,-23,167
-1,-23,168
-1,-23,169
-2,-23,171
1,-23,173
1,-23,174
-1,-23,176
1,-23,178
-2,-23,179
-1,-23,181
-1,-23,184
1,-23,185
-1,-23,186
-1,-23,188
0,-23,189
-1,-23,190
-1,-23,191
-4,-23,194
-1,-23,196
-1,-23,197
-1,-23,201
-2,-23,202
-1,-23,204
-1,-23,207
-2,-23,209
-1,-23,212
-3,-23,214
-1,-23,219
-1,-23,220
-1,-23,223
-1,-23,231
-2,-23,233
-3,-23,239
-2,-23,242
-3,-23,243
-1,-23,244
-5,-23,246
-1,-23,247
0,-23,248
-3,-23,250
-1,-23,251
0,-23,252
-1,-23,253
-2,-23,254
1,-23,255
6,-23,256
-1,-23,257
-2,-23,258
1,-23,262
1,-23,263
0,-23,264
1,-23,265
1,-23,267
1,-23,268
1,-23,269
-1,-23,270
0,-23,272
1,-23,274
1,-23,275
1,-23,277
-1,-23,278
1,-23,280
1,-23,294
-1,-23,310
1,-23,491
1,-22,-12
1,-22,-10
1,-22,-9
1,-22,-7
2,-22,-6
1,-22,-5
3,-22,-4
2,-22,-2
5,-22,-1
7,-22,0
4,-22,1
2,-22,2
6,-22,3
5,-22,4
8,-22,5
13,-22,6
7,-22,7
13,-22,8
7,-22,9
13,-22,10
6,-22,11
7,-22,12
10,-22,13
3,-22,14
7,-22,15
14,-22,16
8,-22,17
7,-22,18
5,-22,19
5,-22,20
14,-22,21
7,-22,22
1,-22,23
7,-22,24
8,-22,25
9,-22,26
6,-22,27
8,-22,29
4,-22,30
3,-22,31
4,-22,32
2,-22,33
3,-22,34
2,-22,35
5,-22,36
3,-22,37
3,-22,38
2,-22,39
7,-22,41
4,-22,42
4,-22,43
2,-22,44
5,-22,46
1,-22,47
2,-22,48
1,-22,49
2,-22,50
2,-22,52
2,-22,53
2,-22,54
4,-22,55
2,-22,57
1,-22,58
2,-22,59
1,-22,60
3,-22,61
2,-22,63
3,-22,64
1,-22,67
5,-22,69
1,-22,71
1,-22,73
1,-22,75
1,-22,76
1,-22,77
1,-22,78
2,-22,85
1,-22,86
1,-22,91
3,-22,92
1,-22,94
1,-22,96
2,-22,97
1,-22,100
2,-22,103
1,-22,104
1,-22,105
1,-22,106
1,-22,108
1,-22,110
1,-22,111
1,-22,115
1,-22,116
1,-22,117
3,-22,120
1,-22,122
1,-22,123
1,-22,124
1,-22,126
1,-22,132
1,-22,135
3,-22,137
3,-22,138
1,-22,143
1,-22,145
1,-22,154
1,-22,161
1,-22,163
3,-22,164
1,-22,167
1,-22,170
1,-22,172
2,-22,199
1,-22,208
1,-22,215
1,-22,240
1,-22,241
1,-22,244
1,-22,246
3,-22,248
1,-22,250
2,-22,251
2,-22,253
1,-22,254
2,-22,255
2,-22,256
4,-22,257
1,-22,258
1,-22,260
1,-22,261
2,-22,262
5,-22,263
2,-22,266
4,-22,267
1,-22,268
2,-22,270
1,-22,271
1,-22,272
2,-22,275
1,-22,281
1,-22,284
1,-22,285
1,-22,287
1,-22,447
1,-21,-12
2,-21,-11
1,-21,-8
-1,-21,-7
1,-21,-6
3,-21,-4
1,-21,-3
3,-21,-2
2,-21,-1
5,-21,0
2,-21,1
3,-21,2
5,-21,3
9,-21,4
4,-21,5
11,-21,6
4,-21,7
7,-21,8
8,-21,9
6,-21,10
10,-21,11
0,-21,12
12,-21,13
7,-21,14
10,-21,15
6,-21,16
7,-21,17
-7,-21,18
3,-21,19
9,-21,20
4,-21,21
6,-21,22
0,-21,23
2,-21,24
3,-21,25
5,-21,26
5,-21,27
0,-21,28
-1,-21,29
-2,-21,30
1,-21,31
1,-21,32
-2,-21,33
-1,-21,34
-1,-21,35
-2,-21,36
3,-21,37
5,-21,38
1,-21,39
0,-21,40
0,-21,41
3,-21,42
4,-21,43
2,-21,44
-1,-21,45
-2,-21,46
2,-21,47
-1,-21,48
-1,-21,49
2,-21,50
-1,-21,51
1,-21,52
2,-21,53
1,-21,54
-3,-21,55
2,-21,56
0,-21,57
0,-21,58
1,-21,59
1,-21,60
1,-21,61
0,-21,62
-2,-21,63
-1,-21,65
-1,-21,66
3,-21,67
1,-21,68
0,-21,69
1,-21,70
-3,-21,71
-1,-21,72
2,-21,75
1,-21,76
-1,-21,77
-2,-21,78
1,-21,80
-1,-21,81
-1,-21,82
2,-21,83
-1,-21,85
-2,-21,86
-1,-21,89
1,-21,90
-2,-21,91
-1,-21,93
3,-21,94
-1,-21,95
-1,-21,96
1,-21,97
-1,-21,99
-1,-21,100
1,-21,101
-1,-21,104
2,-21,105
1,-21,106
1,-21,111
1,-21,115
-1,-21,118
1,-21,124
1,-21,125
-1,-21,127
0,-21,128
1,-21,132
0,-21,134
-1,-21,135
0,-21,138
1,-21,142
1,-21,143
1,-21,144
-3,-21,147
-2,-21,151
1,-21,152
1,-21,153
-1,-21,155
-2,-21,156
-1,-21,162
2,-21,163
1,-21,167
-2,-21,169
-1,-21,171
2,-21,172
-1,-21,173
1,-21,174
-1,-21,178
-1,-21,183
-1,-21,192
1,-21,194
-1,-21,196
-2,-21,199
-2,-21,201
-2,-21,202
-1,-21,205
-1,-21,206
-1,-21,207
-1,-21,209
-1,-21,214
1,-21,225
-1,-21,227
-1,-21,229
-2,-21,231
-3,-21,233
-1,-21,236
-5,-21,238
-2,-21,239
-2,-21,244
1,-21,245
-1,-21,246
1,-21,247
-2,-21,250
1,-21,251
2,-21,252
1,-21,253
-3,-21,254
2,-21,255
2,-21,256
4,-21,257
2,-21,258
-2,-21,260
-2,-21,261
1,-21,262
0,-21,263
3,-21,265
1,-21,266
1,-21,267
1,-21,268
1,-21,270
1,-21,272
2,-21,280
-1,-21,285
1,-21,286
1,-21,290
1,-21,293
1,-21,299
1,-21,420
1,-21,477
-1,-20,-14
1,-20,-10
1,-20,-6
2,-20,-5
3,-20,-4
2,-20,-3
4,-20,-2
6,-20,-1
2,-20,0
10,-20,1
3,-20,2
7,-20,4
7,-20,5
11,-20,6
3,-20,7
22,-20,8
3,-20,9
11,-20,10
13,-20,11
5,-20,12
11,-20,13
8,-20,14
7,-20,15
14,-20,16
4,-20,17
4,-20,18
4,-20,19
14,-20,20
8,-20,21
8,-20,22
8,-20,23
3,-20,24
5,-20,25
4,-20,26
5,-20,27
5,-20,28
4,-20,29
7,-20,31
7,-20,32
2,-20,33
3,-20,34
2,-20,35
2,-20,36
1,-20,37
-1,-20,38
3,-20,41
6,-20,42
1,-20,43
2,-20,44
-2,-20,45
-2,-20,46
3,-20,47
3,-20,48
-1,-20,49
3,-20,50
1,-20,51
1,-20,52
0,-20,53
0,-20,54
-1,-20,55
1,-20,57
2,-20,58
2,-20,59
-3,-20,61
3,-20,62
3,-20,63
3,-20,64
-1,-20,66
2,-20,67
2,-20,68
-3,-20,69
1,-20,70
0,-20,71
1,-20,73
2,-20,74
1,-20,75
0,-20,76
0,-20,77
1,-20,78
4,-20,80
-2,-20,82
1,-20,84
3,-20,85
2,-20,88
-1,-20,89
1,-20,90
0,-20,91
-1,-20,92
1,-20,94
1,-20,96
1,-20,97
1,-20,99
1,-20,100
2,-20,101
1,-20,103
-1,-20,104
-1,-20,105
1,-20,109
2,-20,111
-1,-20,112
1,-20,114
1,-20,115
1,-20,118
1,-20,120
1,-20,121
1,-20,122
1,-20,126
1,-20,128
1,-20,129
1,-20,131
2,-20,134
1,-20,136
1,-20,142
-1,-20,143
-1,-20,145
1,-20,152
-1,-20,153
2,-20,154
-1,-20,156
1,-20,159
1,-20,162
-1,-20,169
-1,-20,171
1,-20,172
2,-20,174
0,-20,179
1,-20,180
-1,-20,184
1,-20,185
1,-20,190
-1,-20,192
1,-20,195
-3,-20,196
1,-20,197
1,-20,204
-1,-20,207
-1,-20,209
-1,-20,210
-1,-20,217
-1,-20,224
-1,-20,242
1,-20,245
2,-20,247
1,-20,248
1,-20,251
0,-20,252
-2,-20,253
1,-20,254
1,-20,256
1,-20,257
5,-20,258
1,-20,259
3,-20,260
1,-20,261
1,-20,262
0,-20,263
2,-20,265
1,-20,267
5,-20,268
2,-20,269
3,-20,272
2,-20,273
1,-20,274
3,-20,275
1,-20,276
2,-20,277
1,-20,278
1,-20,279
2,-20,281
1,-20,286
1,-20,288
1,-20,304
1,-19,-17
1,-19,-10
-1,-19,-7
1,-19,-4
1,-19,0
2,-19,1
2,-19,2
2,-19,3
4,-19,4
7,-19,5
6,-19,6
2,-19,7
6,-19,8
1,-19,9
7,-19,10
5,-19,11
5,-19,12
6,-19,13
3,-19,14
5,-19,15
3,-19,16
8,-19,17
2,-19,19
3,-19,20
3,-19,21
6,-19,22
2,-19,23
1,-19,24
1,-19,25
2,-19,26
-1,-19,27
1,-19,29
1,-19,32
1,-19,33
2,-19,36
1,-19,38
1,-19,39
1,-19,40
2,-19,41
1,-19,42
1,-19,44
1,-19,46
2,-19,48
1,-19,53
1,-19,54
1,-19,57
1,-19,62
2,-19,64
2,-19,67
1,-19,69
1,-19,80
1,-19,81
1,-19,86
1,-19,97
3,-19,104
1,-19,107
1,-19,117
1,-19,118
1,-19,132
1,-19,134
1,-19,143
1,-19,146
1,-19,153
1,-19,166
1,-19,167
1,-19,174
1,-19,197
1,-19,203
1,-19,213
1,-19,218
2,-19,250
1,-19,251
1,-19,252
1,-19,256
1,-19,257
1,-19,258
1,-19,259
1,-19,264
1,-19,268
2,-19,269
1,-19,275
1,-19,277
1,-19,284
1,-19,285
1,-19,344
1,-18,-11
2,-18,-8
0,-18,-7
1,-18,-6
4,-18,-5
2,-18,-4
-1,-18,-3
2,-18,-2
7,-18,-1
-7,-18,0
4,-18,1
-1,-18,2
0,-18,3
-2,-18,4
8,-18,5
9,-18,6
-8,-18,7
20,-18,8
7,-18,9
13,-18,10
18,-18,11
6,-18,12
10,-18,13
8,-18,14
8,-18,15
10,-18,16
5,-18,17
10,-18,18
1,-18,19
10,-18,20
9,-18,21
10,-18,22
3,-18,23
7,-18,24
1,-18,25
2,-18,26
4,-18,27
-4,-18,28
6,-18,29
-4,-18,30
8,-18,31
4,-18,32
-2,-18,33
3,-18,34
4,-18,35
-5,-18,36
4,-18,37
1,-18,38
1,-18,39
-3,-18,40
1,-18,41
0,-18,42
2,-18,43
1,-18,44
-5,-18,45
-2,-18,46
-4,-18,47
2,-18,48
-3,-18,49
1,-18,50
0,-18,51
0,-18,52
-10,-18,53
3,-18,54
-2,-18,55
-3,-18,56
1,-18,57
1,-18,58
-1,-18,59
1,-18,60
-13,-18,61
-2,-18,62
-6,-18,63
1,-18,64
3,-18,65
0,-18,66
1,-18,67
-1,-18,68
3,-18,69
-3,-18,70
2,-18,71
-4,-18,72
3,-18,74
1,-18,75
-8,-18,76
-1,-18,78
0,-18,79
0,-18,80
0,-18,82
-1,-18,83
-1,-18,84
-4,-18,85
0,-18,86
-3,-18,87
1,-18,88
0,-18,89
-1,-18,91
0,-18,92
2,-18,94
0,-18,95
1,-18,96
-2,-18,97
0,-18,99
-1,-18,100
1,-18,101
0,-18,102
-1,-18,104
1,-18,105
0,-18,106
1,-18,107
-3,-18,108
0,-18,109
1,-18,110
0,-18,111
-1,-18,112
-2,-18,113
-3,-18,114
-1,-18,115
0,-18,116
0,-18,118
-1,-18,119
0,-18,124
1,-18,126
2,-18,127
2,-18,130
-2,-18,131
1,-18,132
0,-18,134
-1,-18,135
-3,-18,136
-2,-18,141
-1,-18,144
-1,-18,145
-2,-18,146
1,-18,147
1,-18,148
-1,-18,149
-1,-18,150
-1,-18,151
-1,-18,152
2,-18,153
-2,-18,154
1,-18,155
0,-18,158
1,-18,159
-1,-18,160
-1,-18,162
-2,-18,163
1,-18,165
-1,-18,167
-1,-18,169
1,-18,172
-1,-18,173
2,-18,175
0,-18,177
-3,-18,179
-1,-18,181
-2,-18,186
0,-18,188
1,-18,189
-4,-18,190
2,-18,191
-2,-18,192
1,-18,193
0,-18,194
-1,-18,196
-1,-18,198
0,-18,199
-1,-18,200
-1,-18,201
-2,-18,203
1,-18,204
-1,-18,205
1,-18,206
-2,-18,207
-1,-18,209
-1,-18,213
-1,-18,214
-1,-18,218
-1,-18,219
-2,-18,220
1,-18,222
-2,-18,224
-1,-18,225
-1,-18,227
-1,-18,230
-1,-18,231
-2,-18,233
-1,-18,237
-1,-18,238
-1,-18,242
-2,-18,243
-1,-18,244
0,-18,245
1,-18,246
-4,-18,247
0,-18,248
-1,-18,249
-2,-18,250
-2,-18,251
4,-18,252
-1,-18,253
2,-18,254
-2,-18,255
4,-18,256
0,-18,257
3,-18,258
3,-18,259
0,-18,261
1,-18,262
0,-18,263
-1,-18,265
0,-18,266
1,-18,267
1,-18,268
0,-18,269
0,-18,272
1,-18,273
2,-18,274
1,-18,275
-2,-18,276
2,-18,279
1,-18,280
1,-18,284
-1,-18,325
-1,-18,329
1,-18,369
1,-18,606
1,-17,-50
2,-17,-9
2,-17,-6
1,-17,-5
1,-17,-4
1,-17,-3
1,-17,-2
1,-17,0
4,-17,1
8,-17,2
2,-17,3
7,-17,4
14,-17,5
13,-17,6
9,-17,7
18,-17,8
9,-17,9
17,-17,10
16,-17,11
8,-17,12
14,-17,13
2,-17,14
9,-17,15
13,-17,16
16,-17,17
6,-17,18
5,-17,19
14,-17,20
7,-17,21
5,-17,22
6,-17,23
5,-17,24
11,-17,25
4,-17,26
5,-17,27
4,-17,28
3,-17,29
1,-17,30
2,-17,31
10,-17,32
4,-17,33
1,-17,34
3,-17,35
1,-17,36
2,-17,37
3,-17,38
2,-17,39
2,-17,41
2,-17,42
1,-17,43
1,-17,44
1,-17,45
1,-17,46
1,-17,47
2,-17,48
1,-17,50
2,-17,52
1,-17,54
2,-17,55
1,-17,58
1,-17,59
1,-17,61
1,-17,63
3,-17,64
1,-17,65
2,-17,67
1,-17,68
1,-17,71
1,-17,76
2,-17,78
1,-17,79
1,-17,80
1,-17,81
2,-17,83
2,-17,90
2,-17,92
1,-17,95
2,-17,96
1,-17,99
1,-17,100
2,-17,101
1,-17,104
1,-17,107
2,-17,109
1,-17,110
1,-17,111
1,-17,115
1,-17,117
1,-17,118
1,-17,120
1,-17,121
1,-17,123
1,-17,124
2,-17,126
1,-17,133
1,-17,134
1,-17,138
1,-17,146
1,-17,148
1,-17,151
2,-17,153
1,-17,158
1,-17,175
1,-17,180
2,-17,194
1,-17,208
1,-17,231
1,-17,247
3,-17,248
1,-17,249
1,-17,250
2,-17,251
2,-17,252
2,-17,253
1,-17,256
2,-17,257
3,-17,258
1,-17,259
3,-17,260
2,-17,263
1,-17,267
1,-17,269
1,-17,273
2,-17,274
2,-17,275
2,-17,277
1,-17,278
1,-17,281
1,-17,283
1,-17,286
1,-17,288
1,-17,299
1,-17,302
1,-17,305
1,-17,421
-3,-16,-13
1,-16,-11
1,-16,-8
1,-16,-7
0,-16,-6
1,-16,-5
6,-16,-4
2,-16,-3
1,-16,-2
6,-16,-1
1,-16,0
7,-16,1
5,-16,2
5,-16,3
-1,-16,4
8,-16,5
15,-16,6
4,-16,7
25,-16,8
0,-16,9
15,-16,10
20,-16,11
7,-16,12
18,-16,13
6,-16,14
11,-16,15
14,-16,16
13,-16,17
6,-16,18
-4,-16,19
10,-16,20
6,-16,21
9,-16,22
6,-16,23
3,-16,24
7,-16,25
4,-16,26
5,-16,27
5,-16,28
3,-16,29
-2,-16,30
6,-16,31
4,-16,32
-2,-16,33
-4,-16,34
1,-16,35
2,-16,36
1,-16,37
3,-16,38
0,-16,39
-2,-16,40
3,-16,41
-1,-16,42
1,-16,43
2,-16,44
-4,-16,45
-2,-16,46
-4,-16,47
-1,-16,48
-7,-16,49
4,-16,50
-1,-16,51
3,-16,52
-1,-16,53
0,-16,54
-4,-16,55
-2,-16,56
-1,-16,57
-4,-16,58
1,-16,59
0,-16,60
-1,-16,61
3,-16,62
0,-16,63
3,-16,64
-2,-16,66
3,-16,67
3,-16,68
1,-16,69
2,-16,70
-1,-16,71
-4,-16,72
3,-16,73
0,-16,74
-3,-16,76
2,-16,77
3,-16,78
-2,-16,79
1,-16,80
3,-16,81
-3,-16,82
1,-16,84
-1,-16,85
0,-16,86
-1,-16,87
-2,-16,89
0,-16,90
-2,-16,91
-2,-16,92
-1,-16,93
1,-16,94
1,-16,95
0,-16,97
1,-16,98
3,-16,99
2,-16,100
-3,-16,104
-1,-16,106
-1,-16,109
-3,-16,110
-1,-16,112
1,-16,114
1,-16,115
0,-16,117
-1,-16,118
-1,-16,120
1,-16,121
0,-16,122
1,-16,125
-2,-16,127
1,-16,128
1,-16,130
1,-16,131
-1,-16,133
-2,-16,134
-2,-16,135
2,-16,136
-4,-16,137
0,-16,140
0,-16,141
1,-16,143
-1,-16,144
1,-16,145
0,-16,146
-1,-16,147
-1,-16,148
-2,-16,149
-1,-16,150
-1,-16,151
1,-16,152
1,-16,153
1,-16,154
-1,-16,155
-1,-16,156
-4,-16,158
3,-16,159
-2,-16,160
0,-16,162
-1,-16,163
-1,-16,164
1,-16,165
-1,-16,166
-3,-16,169
-2,-16,173
-1,-16,174
-2,-16,175
1,-16,176
-1,-16,177
1,-16,178
-2,-16,181
1,-16,182
-3,-16,184
-3,-16,186
-1,-16,187
0,-16,188
-1,-16,190
-2,-16,192
-3,-16,194
1,-16,195
-1,-16,196
-1,-16,198
-1,-16,199
1,-16,200
4,-16,201
-1,-16,202
-1,-16,205
-2,-16,207
1,-16,209
-1,-16,215
-1,-16,217
1,-16,218
-1,-16,219
-2,-16,220
-2,-16,222
-2,-16,224
-1,-16,225
-1,-16,227
1,-16,228
-2,-16,229
-1,-16,231
-3,-16,233
1,-16,234
-1,-16,238
-2,-16,241
-2,-16,242
-2,-16,243
-1,-16,244
-2,-16,245
2,-16,246
-1,-16,247
0,-16,248
-2,-16,249
-1,-16,250
1,-16,251
1,-16,252
1,-16,253
0,-16,254
2,-16,255
2,-16,256
1,-16,257
3,-16,258
6,-16,259
1,-16,260
1,-16,261
3,-16,263
3,-16,264
3,-16,265
1,-16,266
1,-16,267
-2,-16,268
1,-16,269
0,-16,270
1,-16,271
1,-16,272
1,-16,273
1,-16,274
1,-16,275
-1,-16,276
-1,-16,280
1,-16,286
-1,-16,291
1,-16,295
1,-16,296
1,-16,298
1,-15,-16
1,-15,-11
1,-15,-10
1,-15,-9
1,-15,-8
1,-15,-6
1,-15,-5
3,-15,-3
3,-15,-2
4,-15,-1
-1,-15,0
9,-15,1
2,-15,2
6,-15,3
4,-15,4
10,-15,5
10,-15,6
3,-15,7
16,-15,8
9,-15,9
3,-15,10
15,-15,11
8,-15,12
11,-15,13
8,-15,14
11,-15,15
8,-15,16
9,-15,17
1,-15,18
5,-15,19
11,-15,20
7,-15,21
10,-15,22
2,-15,23
2,-15,24
3,-15,25
2,-15,26
5,-15,27
0,-15,28
2,-15,29
2,-15,30
5,-15,31
3,-15,32
2,-15,33
6,-15,34
1,-15,35
1,-15,36
4,-15,38
1,-15,39
2,-15,40
5,-15,41
-1,-15,43
1,-15,44
3,-15,45
3,-15,46
2,-15,47
1,-15,49
0,-15,51
2,-15,52
-1,-15,53
-1,-15,54
1,-15,55
1,-15,56
3,-15,57
2,-15,58
1,-15,59
1,-15,60
1,-15,61
1,-15,62
-1,-15,63
0,-15,64
2,-15,65
-1,-15,66
0,-15,68
2,-15,69
1,-15,70
-2,-15,72
3,-15,73
3,-15,75
1,-15,76
-1,-15,77
-1,-15,79
1,-15,80
0,-15,81
1,-15,82
0,-15,84
2,-15,85
1,-15,87
1,-15,90
1,-15,96
0,-15,99
1,-15,101
2,-15,104
1,-15,105
2,-15,110
2,-15,111
2,-15,112
1,-15,113
-1,-15,114
1,-15,116
3,-15,121
4,-15,125
1,-15,126
-3,-15,128
2,-15,130
1,-15,133
-1,-15,138
1,-15,141
-1,-15,143
-1,-15,145
-1,-15,146
1,-15,147
1,-15,148
1,-15,154
-1,-15,155
1,-15,157
1,-15,158
-1,-15,161
0,-15,164
0,-15,169
-1,-15,171
1,-15,175
1,-15,179
-1,-15,183
-1,-15,184
2,-15,188
1,-15,189
-1,-15,191
-1,-15,194
-1,-15,196
-1,-15,214
-1,-15,225
-1,-15,237
-2,-15,240
-1,-15,242
1,-15,246
-2,-15,247
2,-15,248
-1,-15,252
-1,-15,253
2,-15,254
-1,-15,255
2,-15,256
0,-15,257
0,-15,258
2,-15,260
0,-15,261
1,-15,263
0,-15,265
2,-15,266
2,-15,267
1,-15,268
1,-15,269
1,-15,270
1,-15,272
2,-15,273
1,-15,274
1,-15,278
1,-15,279
1,-15,288
1,-15,293
1,-15,295
1,-15,307
1,-15,356
1,-15,567
2,-14,-6
-1,-14,-5
0,-14,-4
-1,-14,-3
-1,-14,-1
-2,-14,0
0,-14,1
3,-14,2
-7,-14,3
4,-14,4
0,-14,5
8,-14,6
4,-14,7
1,-14,8
8,-14,9
-3,-14,10
4,-14,11
3,-14,12
3,-14,13
2,-14,14
6,-14,15
-8,-14,16
2,-14,17
-2,-14,18
6,-14,19
9,-14,20
3,-14,21
3,-14,22
5,-14,23
3,-14,24
-1,-14,25
1,-14,26
1,-14,27
2,-14,28
1,-14,29
0,-14,31
0,-14,32
-5,-14,33
0,-14,34
-5,-14,36
-5,-14,38
-2,-14,39
-3,-14,40
0,-14,41
-3,-14,42
1,-14,43
-2,-14,44
1,-14,45
-3,-14,46
1,-14,47
-2,-14,48
-3,-14,49
1,-14,50
-2,-14,51
0,-14,52
0,-14,54
1,-14,55
0,-14,57
1,-14,58
2,-14,59
-1,-14,60
-10,-14,61
2,-14,62
0,-14,63
2,-14,64
-5,-14,66
1,-14,67
-1,-14,68
-1,-14,69
-3,-14,70
-5,-14,72
1,-14,73
0,-14,74
-1,-14,75
1,-14,76
1,-14,77
1,-14,81
1,-14,82
-2,-14,83
2,-14,84
0,-14,85
-1,-14,89
-2,-14,90
-1,-14,91
1,-14,92
-2,-14,93
1,-14,94
1,-14,95
-1,-14,98
0,-14,99
-1,-14,101
-1,-14,102
-1,-14,103
-2,-14,104
1,-14,106
1,-14,107
-1,-14,110
-1,-14,112
-1,-14,113
-2,-14,115
1,-14,118
-3,-14,121
2,-14,122
-1,-14,124
-1,-14,126
-1,-14,128
-2,-14,130
1,-14,131
1,-14,133
-1,-14,134
-1,-14,136
-1,-14,139
-1,-14,140
-1,-14,141
-1,-14,145
-2,-14,147
-1,-14,149
-1,-14,151
2,-14,153
-1,-14,156
-2,-14,158
1,-14,161
-2,-14,162
-4,-14,164
-1,-14,169
0,-14,171
-1,-14,173
1,-14,176
-1,-14,177
-3,-14,179
-1,-14,186
1,-14,191
-1,-14,192
-1,-14,196
-4,-14,199
-2,-14,201
-1,-14,207
-1,-14,210
-1,-14,214
-1,-14,216
-1,-14,218
-1,-14,220
1,-14,221
-3,-14,229
-2,-14,231
-2,-14,233
-1,-14,235
-1,-14,236
-1,-14,238
-3,-14,239
-1,-14,242
-1,-14,244
1,-14,245
-4,-14,246
3,-14,248
-4,-14,250
0,-14,253
1,-14,254
-1,-14,255
2,-14,256
1,-14,257
1,-14,259
2,-14,260
-1,-14,261
1,-14,262
2,-14,263
0,-14,264
2,-14,267
1,-14,275
1,-14,279
1,-14,280
-1,-14,413
-1,-14,497
-1,-14,745
1,-13,-23
1,-13,-10
2,-13,-9
4,-13,-8
2,-13,-6
4,-13,-4
2,-13,-3
2,-13,-2
7,-13,-1
1,-13,0
10,-13,1
4,-13,2
6,-13,3
11,-13,4
20,-13,5
16,-13,6
8,-13,7
20,-13,8
13,-13,9
7,-13,10
28,-13,11
8,-13,12
15,-13,13
15,-13,14
19,-13,15
12,-13,16
15,-13,17
11,-13,18
12,-13,20
17,-13,21
10,-13,22
6,-13,23
5,-13,24
7,-13,25
3,-13,26
10,-13,27
3,-13,28
8,-13,29
1,-13,30
2,-13,31
3,-13,32
1,-13,33
6,-13,34
-1,-13,35
4,-13,36
4,-13,37
0,-13,38
3,-13,39
6,-13,40
2,-13,41
3,-13,42
-2,-13,43
3,-13,44
0,-13,46
2,-13,47
2,-13,48
-1,-13,49
3,-13,50
0,-13,51
1,-13,52
1,-13,53
1,-13,54
2,-13,55
-1,-13,56
2,-13,58
1,-13,59
1,-13,60
-1,-13,61
1,-13,62
4,-13,63
0,-13,64
1,-13,65
2,-13,66
1,-13,67
0,-13,68
-1,-13,69
3,-13,70
2,-13,71
-1,-13,72
4,-13,73
2,-13,74
3,-13,75
1,-13,76
1,-13,77
1,-13,78
-1,-13,79
2,-13,80
0,-13,81
1,-13,82
1,-13,85
-2,-13,86
-1,-13,87
1,-13,89
2,-13,90
0,-13,91
1,-13,92
1,-13,96
2,-13,97
1,-13,98
3,-13,100
1,-13,102
1,-13,104
1,-13,105
1,-13,106
-1,-13,107
1,-13,111
2,-13,115
-1,-13,118
2,-13,121
2,-13,123
1,-13,125
0,-13,127
0,-13,130
1,-13,131
1,-13,134
1,-13,136
2,-13,137
1,-13,141
1,-13,142
1,-13,144
-1,-13,145
1,-13,146
1,-13,148
-1,-13,151
1,-13,152
-1,-13,153
2,-13,157
-1,-13,163
1,-13,164
2,-13,168
0,-13,174
1,-13,178
-1,-13,179
2,-13,182
1,-13,188
-2,-13,191
1,-13,193
-1,-13,194
-1,-13,197
-2,-13,199
-1,-13,201
1,-13,204
-2,-13,207
0,-13,217
-1,-13,222
-1,-13,240
-1,-13,243
-2,-13,245
1,-13,246
2,-13,247
-1,-13,248
1,-13,249
3,-13,252
5,-13,253
2,-13,254
-1,-13,255
5,-13,256
4,-13,257
4,-13,259
1,-13,260
3,-13,261
4,-13,262
4,-13,263
1,-13,264
1,-13,266
3,-13,267
1,-13,268
2,-13,269
1,-13,270
1,-13,271
2,-13,272
1,-13,273
4,-13,274
1,-13,277
1,-13,278
1,-13,284
1,-13,288
1,-13,304
1,-13,383
1,-13,494
1,-13,794
1,-12,-17
-1,-12,-10
-5,-12,-8
4,-12,-5
1,-12,-4
1,-12,-3
6,-12,-2
1,-12,-1
2,-12,0
-6,-12,1
11,-12,2
6,-12,3
4,-12,4
-13,-12,5
11,-12,6
-3,-12,7
14,-12,8
0,-12,9
11,-12,10
9,-12,11
-17,-12,12
-10,-12,13
2,-12,14
5,-12,15
10,-12,16
14,-12,17
-3,-12,18
-7,-12,19
6,-12,20
2,-12,21
5,-12,22
-2,-12,23
1,-12,24
0,-12,25
0,-12,26
2,-12,27
-3,-12,28
3,-12,29
-5,-12,30
3,-12,31
3,-12,32
-3,-12,33
0,-12,34
1,-12,35
-3,-12,36
2,-12,37
-1,-12,38
2,-12,39
1,-12,40
-2,-12,41
-7,-12,42
-1,-12,43
0,-12,44
-4,-12,45
-2,-12,46
-3,-12,47
-3,-12,48
1,-12,49
2,-12,50
-4,-12,51
0,-12,52
-6,-12,53
0,-12,54
-2,-12,55
2,-12,56
-12,-12,57
1,-12,58
-7,-12,59
-3,-12,61
3,-12,62
-9,-12,63
2,-12,64
0,-12,65
-6,-12,66
1,-12,67
-7,-12,68
5,-12,69
-5,-12,70
0,-12,71
-4,-12,72
4,-12,73
-3,-12,74
-1,-12,75
-3,-12,76
-4,-12,78
6,-12,79
-3,-12,80
1,-12,81
-8,-12,82
-1,-12,83
0,-12,84
0,-12,85
1,-12,86
-4,-12,87
0,-12,88
-1,-12,89
-1,-12,90
-5,-12,91
-1,-12,93
2,-12,94
0,-12,95
-5,-12,97
0,-12,99
-8,-12,101
-2,-12,104
1,-12,107
0,-12,108
-1,-12,109
0,-12,110
1,-12,111
-2,-12,114
1,-12,115
-1,-12,116
1,-12,117
-1,-12,118
0,-12,119
1,-12,120
-1,-12,121
2,-12,122
1,-12,123
-1,-12,125
0,-12,127
-1,-12,128
-2,-12,129
-2,-12,130
-1,-12,131
0,-12,132
1,-12,133
0,-12,134
-2,-12,135
1,-12,137
0,-12,138
2,-12,139
-4,-12,141
-2,-12,145
-1,-12,147
-1,-12,148
-1,-12,149
-5,-12,150
-2,-12,151
2,-12,152
-1,-12,153
-2,-12,154
-2,-12,155
-1,-12,156
-4,-12,160
1,-12,161
-3,-12,162
-2,-12,163
0,-12,164
-1,-12,166
0,-12,167
-1,-12,168
-4,-12,169
-4,-12,171
1,-12,172
-3,-12,173
-3,-12,175
-7,-12,177
-6,-12,179
-1,-12,186
-1,-12,188
-1,-12,190
-4,-12,194
0,-12,199
-2,-12,200
-2,-12,201
-4,-12,203
2,-12,204
-2,-12,207
0,-12,209
-1,-12,211
-1,-12,214
-1,-12,216
-1,-12,218
-1,-12,219
-1,-12,220
-1,-12,222
-1,-12,225
-1,-12,227
1,-12,228
-1,-12,229
1,-12,230
-2,-12,231
-2,-12,233
-2,-12,236
-2,-12,238
-1,-12,239
-1,-12,240
-1,-12,241
-2,-12,242
1,-12,244
-2,-12,246
-1,-12,247
-1,-12,250
2,-12,251
-2,-12,252
-2,-12,253
1,-12,254
0,-12,255
2,-12,256
-1,-12,257
1,-12,258
0,-12,259
2,-12,260
0,-12,261
3,-12,262
3,-12,263
-3,-12,264
-1,-12,265
-1,-12,267
2,-12,268
2,-12,269
-1,-12,270
1,-12,271
0,-12,272
1,-12,273
1,-12,276
1,-12,277
1,-12,279
1,-12,280
1,-12,281
1,-12,288
1,-12,305
1,-12,326
1,-12,410
1,-11,-15
1,-11,-12
2,-11,-7
2,-11,-6
2,-11,-5
2,-11,-4
3,-11,-3
4,-11,-2
9,-11,-1
5,-11,0
7,-11,1
6,-11,2
3,-11,3
12,-11,4
16,-11,5
20,-11,6
10,-11,7
15,-11,8
12,-11,9
11,-11,10
21,-11,11
7,-11,12
24,-11,13
7,-11,14
23,-11,15
10,-11,16
12,-11,17
6,-11,18
7,-11,19
15,-11,20
16,-11,21
8,-11,22
7,-11,23
3,-11,24
10,-11,25
6,-11,26
9,-11,27
4,-11,28
5,-11,29
5,-11,30
9,-11,31
8,-11,32
0,-11,33
5,-11,34
2,-11,35
6,-11,36
7,-11,37
5,-11,38
1,-11,40
1,-11,41
4,-11,42
2,-11,43
0,-11,45
3,-11,46
3,-11,47
2,-11,48
0,-11,49
4,-11,50
1,-11,51
0,-11,52
1,-11,53
-1,-11,54
3,-11,55
-1,-11,56
2,-11,57
4,-11,58
2,-11,59
1,-11,60
-3,-11,61
4,-11,62
0,-11,63
1,-11,64
2,-11,65
-1,-11,66
-2,-11,68
3,-11,69
1,-11,70
2,-11,71
-1,-11,72
3,-11,74
1,-11,75
-1,-11,77
1,-11,78
0,-11,79
1,-11,81
-1,-11,82
1,-11,83
-1,-11,84
2,-11,87
0,-11,89
1,-11,90
-1,-11,91
2,-11,92
-1,-11,94
-1,-11,95
1,-11,96
1,-11,97
2,-11,99
2,-11,101
1,-11,102
1,-11,104
1,-11,106
-1,-11,107
1,-11,109
1,-11,110
-1,-11,112
1,-11,113
1,-11,114
2,-11,116
1,-11,117
0,-11,118
1,-11,121
2,-11,124
0,-11,125
-1,-11,127
1,-11,131
1,-11,133
-1,-11,135
1,-11,136
0,-11,138
-1,-11,141
1,-11,142
1,-11,146
1,-11,147
1,-11,149
0,-11,150
-1,-11,151
1,-11,152
1,-11,155
1,-11,159
1,-11,160
-1,-11,161
1,-11,162
1,-11,164
-1,-11,165
1,-11,167
-1,-11,168
1,-11,170
1,-11,172
1,-11,174
1,-11,175
-1,-11,181
-1,-11,189
-2,-11,202
0,-11,206
0,-11,207
-1,-11,209
-1,-11,212
-1,-11,214
1,-11,225
1,-11,226
-1,-11,227
-2,-11,242
-1,-11,245
2,-11,246
1,-11,247
1,-11,248
1,-11,249
2,-11,250
1,-11,251
2,-11,252
-2,-11,253
2,-11,254
1,-11,255
4,-11,256
7,-11,257
0,-11,258
4,-11,259
1,-11,260
-1,-11,261
1,-11,262
3,-11,263
1,-11,266
2,-11,267
3,-11,268
1,-11,269
2,-11,273
2,-11,274
2,-11,275
1,-11,277
2,-11,278
1,-11,280
2,-11,281
1,-11,285
1,-11,288
1,-11,294
1,-11,295
1,-11,298
1,-11,348
0,-10,-13
0,-10,-12
-2,-10,-10
-4,-10,-8
1,-10,-7
3,-10,-6
1,-10,-5
2,-10,-4
-2,-10,-3
4,-10,-2
5,-10,-1
-7,-10,0
8,-10,1
3,-10,2
1,-10,3
2,-10,4
3,-10,5
10,-10,6
0,-10,7
14,-10,8
7,-10,9
16,-10,10
14,-10,11
11,-10,12
9,-10,13
7,-10,14
-5,-10,15
23,-10,16
12,-10,17
-1,-10,18
-3,-10,19
7,-10,20
12,-10,21
7,-10,22
0,-10,23
4,-10,24
4,-10,25
2,-10,26
3,-10,27
0,-10,28
1,-10,29
-1,-10,30
7,-10,31
3,-10,32
-2,-10,33
3,-10,34
0,-10,35
5,-10,36
6,-10,37
0,-10,38
0,-10,39
-3,-10,40
-5,-10,41
2,-10,42
4,-10,43
-2,-10,44
-2,-10,45
3,-10,46
0,-10,47
0,-10,48
0,-10,49
-8,-10,51
3,-10,52
-1,-10,53
1,-10,54
-2,-10,55
-2,-10,56
-2,-10,57
-2,-10,58
-5,-10,59
1,-10,60
-6,-10,61
0,-10,62
-2,-10,63
1,-10,64
-1,-10,65
-3,-10,66
1,-10,67
-3,-10,68
0,-10,69
-2,-10,70
-1,-10,71
-5,-10,72
1,-10,73
3,-10,74
1,-10,75
-3,-10,76
-3,-10,77
-1,-10,78
1,-10,80
0,-10,81
-4,-10,82
0,-10,83
2,-10,84
1,-10,85
1,-10,86
-1,-10,87
-1,-10,88
-1,-10,89
-1,-10,91
1,-10,92
-1,-10,93
0,-10,94
-3,-10,95
2,-10,96
-1,-10,97
1,-10,98
-2,-10,99
1,-10,101
0,-10,102
-1,-10,104
1,-10,106
1,-10,107
-1,-10,108
-1,-10,109
1,-10,110
1,-10,111
-5,-10,112
0,-10,113
2,-10,115
-1,-10,116
-2,-10,117
1,-10,119
-1,-10,120
1,-10,121
1,-10,122
-1,-10,124
-1,-10,125
-1,-10,127
-1,-10,129
1,-10,132
-1,-10,133
-1,-10,136
-1,-10,139
0,-10,140
-1,-10,143
-3,-10,145
0,-10,146
-2,-10,147
-2,-10,149
-1,-10,150
-1,-10,151
1,-10,152
-1,-10,153
0,-10,154
-1,-10,155
-2,-10,156
1,-10,157
-1,-10,158
1,-10,159
-4,-10,160
-2,-10,162
0,-10,163
-1,-10,164
-1,-10,165
-1,-10,166
-2,-10,168
2,-10,169
-2,-10,171
-1,-10,173
1,-10,176
-1,-10,177
-1,-10,179
2,-10,180
-2,-10,181
-1,-10,183
-1,-10,184
-1,-10,188
-1,-10,190
-1,-10,192
-5,-10,194
-1,-10,196
-1,-10,197
-3,-10,198
-2,-10,202
-1,-10,203
-1,-10,204
-4,-10,205
-1,-10,209
-2,-10,211
-3,-10,212
0,-10,213
-1,-10,214
-1,-10,216
-1,-10,220
-1,-10,224
-2,-10,225
0,-10,227
-2,-10,229
-3,-10,233
-2,-10,236
-2,-10,239
-5,-10,240
-3,-10,242
1,-10,243
-3,-10,244
-4,-10,245
-2,-10,247
1,-10,248
0,-10,250
2,-10,251
2,-10,252
1,-10,253
2,-10,254
-2,-10,255
-1,-10,257
4,-10,258
1,-10,261
3,-10,262
2,-10,263
-1,-10,264
-1,-10,265
1,-10,266
2,-10,268
1,-10,271
2,-10,272
-2,-10,274
2,-10,275
1,-10,277
0,-10,278
1,-10,294
2,-10,302
1,-10,306
1,-10,320
1,-10,647
1,-9,-15
1,-9,-13
1,-9,-12
1,-9,-11
1,-9,-10
1,-9,-8
1,-9,-7
4,-9,-6
5,-9,-4
1,-9,-3
4,-9,-2
9,-9,-1
17,-9,0
16,-9,1
4,-9,2
12,-9,3
15,-9,4
21,-9,5
21,-9,6
11,-9,7
27,-9,8
12,-9,9
13,-9,10
26,-9,11
10,-9,12
20,-9,13
14,-9,14
23,-9,15
23,-9,16
20,-9,17
7,-9,18
5,-9,19
13,-9,20
20,-9,21
11,-9,22
2,-9,23
6,-9,24
13,-9,25
10,-9,26
12,-9,27
2,-9,28
7,-9,29
3,-9,30
3,-9,31
5,-9,32
5,-9,34
5,-9,36
4,-9,37
7,-9,38
4,-9,39
6,-9,41
2,-9,42
7,-9,43
1,-9,44
2,-9,45
5,-9,46
5,-9,47
3,-9,48
3,-9,49
1,-9,50
2,-9,52
2,-9,53
3,-9,54
8,-9,55
1,-9,56
2,-9,57
4,-9,58
2,-9,59
1,-9,61
2,-9,62
5,-9,63
5,-9,64
1,-9,65
1,-9,66
-1,-9,67
1,-9,68
4,-9,69
2,-9,71
2,-9,74
2,-9,75
1,-9,76
2,-9,77
2,-9,78
1,-9,79
1,-9,80
1,-9,81
1,-9,82
2,-9,83
3,-9,84
4,-9,85
4,-9,88
2,-9,89
4,-9,90
1,-9,91
4,-9,95
2,-9,96
1,-9,98
3,-9,99
0,-9,100
3,-9,102
1,-9,103
2,-9,105
1,-9,107
1,-9,109
1,-9,110
3,-9,111
1,-9,112
2,-9,113
2,-9,114
3,-9,115
1,-9,116
2,-9,120
1,-9,121
1,-9,122
3,-9,125
2,-9,126
1,-9,131
3,-9,132
1,-9,134
1,-9,136
1,-9,138
1,-9,141
1,-9,142
1,-9,143
2,-9,146
1,-9,147
1,-9,152
1,-9,153
1,-9,158
3,-9,163
2,-9,165
1,-9,169
1,-9,171
1,-9,173
1,-9,176
1,-9,179
1,-9,183
1,-9,186
1,-9,192
1,-9,194
1,-9,196
1,-9,204
1,-9,208
1,-9,235
1,-9,247
2,-9,248
1,-9,250
3,-9,251
2,-9,252
4,-9,253
2,-9,254
4,-9,256
4,-9,257
2,-9,258
1,-9,259
3,-9,260
1,-9,261
2,-9,262
1,-9,263
3,-9,264
1,-9,266
3,-9,267
1,-9,268
1,-9,272
3,-9,273
2,-9,274
1,-9,276
1,-9,277
1,-9,278
1,-9,279
1,-9,280
1,-9,283
1,-9,288
1,-9,289
1,-9,291
1,-9,293
1,-9,335
1,-9,336
1,-9,624
1,-8,-19
-1,-8,-14
-2,-8,-12
-3,-8,-10
-4,-8,-8
0,-8,-6
-1,-8,-5
3,-8,-4
1,-8,-3
1,-8,-2
-8,-8,-1
-6,-8,0
3,-8,1
1,-8,2
-24,-8,3
-1,-8,4
9,-8,5
2,-8,6
-4,-8,7
0,-8,8
4,-8,9
-15,-8,10
8,-8,11
0,-8,12
8,-8,13
-2,-8,14
11,-8,15
2,-8,16
10,-8,17
-1,-8,18
5,-8,19
1,-8,20
3,-8,21
5,-8,22
-3,-8,23
2,-8,24
-3,-8,25
2,-8,26
2,-8,27
-3,-8,28
0,-8,29
-4,-8,30
-4,-8,31
-7,-8,33
-1,-8,34
3,-8,35
-4,-8,36
1,-8,37
-1,-8,38
1,-8,39
-3,-8,40
-2,-8,41
-2,-8,42
-1,-8,43
-7,-8,44
-6,-8,45
-6,-8,46
0,-8,47
-6,-8,48
-2,-8,49
1,-8,50
-7,-8,51
0,-8,52
-5,-8,53
-1,-8,54
-7,-8,55
-1,-8,56
-4,-8,57
-2,-8,58
-1,-8,59
1,-8,60
-6,-8,61
0,-8,62
1,-8,63
-1,-8,64
-2,-8,65
-8,-8,66
1,-8,67
-2,-8,68
-1,-8,69
-3,-8,70
0,-8,71
-6,-8,72
1,-8,75
-1,-8,76
1,-8,77
-3,-8,78
0,-8,79
0,-8,80
-1,-8,81
-4,-8,82
-5,-8,83
-1,-8,85
-2,-8,86
-5,-8,87
-2,-8,88
-3,-8,89
1,-8,90
-1,-8,91
-3,-8,93
1,-8,95
-1,-8,96
-2,-8,97
-1,-8,98
-2,-8,99
-4,-8,100
-2,-8,101
-1,-8,102
1,-8,104
0,-8,106
0,-8,110
-1,-8,111
-1,-8,113
1,-8,114
-3,-8,115
2,-8,116
0,-8,117
-2,-8,118
-4,-8,119
-2,-8,120
-1,-8,121
-1,-8,122
-4,-8,127
-2,-8,128
0,-8,129
-1,-8,130
-1,-8,132
-1,-8,133
-1,-8,134
1,-8,135
0,-8,136
-2,-8,137
-3,-8,138
0,-8,139
-1,-8,140
1,-8,141
-1,-8,143
-1,-8,144
-1,-8,145
-2,-8,147
1,-8,148
-1,-8,149
-1,-8,150
-4,-8,151
-2,-8,153
-2,-8,154
-2,-8,155
-2,-8,156
-4,-8,158
1,-8,159
-1,-8,160
-1,-8,161
-1,-8,162
-2,-8,164
-1,-8,165
-4,-8,166
-1,-8,168
-3,-8,169
-5,-8,171
-1,-8,173
-2,-8,175
-1,-8,177
-1,-8,178
0,-8,179
1,-8,180
-5,-8,181
-1,-8,184
-3,-8,186
-4,-8,188
-2,-8,189
-2,-8,192
1,-8,193
-4,-8,194
1,-8,195
-1,-8,196
-4,-8,199
-5,-8,201
-1,-8,204
-1,-8,205
-2,-8,207
-3,-8,209
-1,-8,212
-2,-8,213
-1,-8,214
-1,-8,216
-1,-8,219
-1,-8,220
-2,-8,222
-1,-8,224
-2,-8,225
-5,-8,227
-4,-8,229
-3,-8,231
-3,-8,233
-2,-8,238
-2,-8,239
-3,-8,242
-4,-8,244
-2,-8,245
-5,-8,246
-1,-8,247
1,-8,248
1,-8,249
-5,-8,250
3,-8,251
-2,-8,252
-1,-8,253
1,-8,254
0,-8,255
3,-8,256
1,-8,257
1,-8,258
1,-8,259
1,-8,260
-1,-8,261
1,-8,264
2,-8,265
1,-8,266
1,-8,269
0,-8,272
1,-8,273
1,-8,278
1,-8,288
-1,-8,293
-1,-8,319
1,-8,344
-1,-8,377
-1,-8,390
-1,-8,548
-1,-8,664
1,-7,-13
1,-7,-11
2,-7,-10
1,-7,-8
2,-7,-7
3,-7,-5
6,-7,-4
2,-7,-3
6,-7,-2
6,-7,-1
6,-7,0
13,-7,1
4,-7,2
5,-7,3
14,-7,4
17,-7,5
16,-7,6
9,-7,7
11,-7,8
9,-7,9
19,-7,10
20,-7,11
13,-7,12
20,-7,13
15,-7,14
15,-7,15
7,-7,16
10,-7,17
12,-7,18
6,-7,19
13,-7,20
9,-7,21
12,-7,22
6,-7,23
8,-7,24
7,-7,25
10,-7,26
15,-7,27
3,-7,28
8,-7,29
5,-7,30
6,-7,31
5,-7,32
3,-7,33
4,-7,34
3,-7,36
3,-7,37
5,-7,38
3,-7,39
3,-7,40
4,-7,41
7,-7,42
2,-7,43
5,-7,44
4,-7,47
3,-7,48
4,-7,49
1,-7,50
2,-7,51
4,-7,52
3,-7,53
2,-7,55
3,-7,57
3,-7,58
3,-7,59
1,-7,60
1,-7,62
3,-7,63
2,-7,65
3,-7,67
2,-7,68
1,-7,69
1,-7,73
3,-7,75
2,-7,77
1,-7,78
2,-7,79
1,-7,80
2,-7,81
2,-7,83
2,-7,84
2,-7,85
2,-7,86
1,-7,89
2,-7,90
1,-7,91
1,-7,92
1,-7,94
1,-7,95
3,-7,96
1,-7,97
1,-7,99
2,-7,100
3,-7,104
2,-7,105
3,-7,106
1,-7,108
2,-7,110
-1,-7,112
2,-7,115
3,-7,116
1,-7,120
2,-7,121
1,-7,122
1,-7,125
2,-7,130
1,-7,131
2,-7,136
1,-7,137
1,-7,142
1,-7,147
1,-7,151
1,-7,152
1,-7,155
1,-7,156
1,-7,157
2,-7,158
-1,-7,159
2,-7,160
1,-7,162
1,-7,163
1,-7,170
1,-7,176
1,-7,179
1,-7,182
1,-7,195
1,-7,199
1,-7,201
1,-7,212
1,-7,222
0,-7,248
1,-7,251
1,-7,252
2,-7,253
1,-7,255
3,-7,256
3,-7,258
3,-7,259
2,-7,260
1,-7,262
4,-7,263
1,-7,265
1,-7,267
1,-7,272
2,-7,273
2,-7,274
1,-7,275
1,-7,277
1,-7,278
1,-7,279
1,-7,280
1,-7,283
1,-7,284
2,-7,294
1,-7,309
1,-7,314
1,-7,315
2,-6,-13
-3,-6,-12
0,-6,-10
0,-6,-9
-1,-6,-8
2,-6,-7
4,-6,-6
6,-6,-5
9,-6,-4
-5,-6,-3
4,-6,-2
9,-6,-1
2,-6,0
-27,-6,1
11,-6,2
2,-6,3
17,-6,4
-42,-6,5
30,-6,6
14,-6,7
23,-6,8
13,-6,9
24,-6,10
25,-6,11
-27,-6,12
22,-6,13
6,-6,14
15,-6,15
25,-6,16
18,-6,17
-1,-6,18
9,-6,19
16,-6,20
18,-6,21
13,-6,22
0,-6,23
7,-6,24
9,-6,25
7,-6,26
8,-6,27
1,-6,28
7,-6,29
2,-6,30
9,-6,31
6,-6,32
1,-6,33
3,-6,34
2,-6,35
-1,-6,36
6,-6,37
-8,-6,38
1,-6,39
-5,-6,40
2,-6,41
0,-6,42
1,-6,43
2,-6,44
0,-6,45
-7,-6,46
1,-6,47
2,-6,48
-1,-6,49
2,-6,50
0,-6,51
2,-6,52
-16,-6,53
1,-6,54
0,-6,55
2,-6,56
-5,-6,57
3,-6,58
-3,-6,59
3,-6,60
-2,-6,61
1,-6,62
-5,-6,63
2,-6,64
3,-6,65
-5,-6,66
3,-6,67
-2,-6,68
-1,-6,69
-5,-6,70
3,-6,71
-6,-6,72
1,-6,73
-1,-6,74
2,-6,75
-7,-6,76
1,-6,77
-4,-6,78
4,-6,79
3,-6,80
0,-6,81
3,-6,82
2,-6,83
2,-6,84
-1,-6,85
1,-6,86
-6,-6,87
3,-6,88
1,-6,89
1,-6,90
1,-6,92
-2,-6,93
1,-6,94
0,-6,95
-2,-6,96
1,-6,97
1,-6,98
-2,-6,99
-2,-6,100
1,-6,101
0,-6,102
0,-6,103
-3,-6,104
0,-6,105
2,-6,106
-1,-6,107
-3,-6,108
2,-6,109
-1,-6,110
-3,-6,111
1,-6,112
1,-6,113
0,-6,114
-1,-6,115
1,-6,116
0,-6,117
-1,-6,119
1,-6,120
1,-6,122
1,-6,123
-2,-6,125
-1,-6,126
1,-6,127
1,-6,129
1,-6,130
-1,-6,131
-1,-6,132
1,-6,133
-1,-6,134
-4,-6,135
-1,-6,136
1,-6,137
-1,-6,139
-3,-6,140
-1,-6,141
-3,-6,143
0,-6,144
-1,-6,145
-1,-6,146
1,-6,149
-1,-6,150
1,-6,151
1,-6,152
-1,-6,154
2,-6,155
-1,-6,156
-5,-6,158
1,-6,159
-2,-6,160
1,-6,162
0,-6,163
1,-6,164
1,-6,165
-1,-6,166
1,-6,167
-4,-6,169
-4,-6,171
1,-6,172
-8,-6,173
-1,-6,174
-1,-6,175
1,-6,176
-1,-6,177
-8,-6,179
-1,-6,181
-1,-6,184
-1,-6,188
2,-6,189
-3,-6,192
-2,-6,194
2,-6,195
-2,-6,196
-1,-6,197
1,-6,198
-3,-6,199
-1,-6,201
-2,-6,202
-4,-6,203
1,-6,204
-1,-6,205
1,-6,206
-4,-6,207
-1,-6,209
-1,-6,210
-1,-6,211
-3,-6,212
-2,-6,214
-1,-6,215
-1,-6,216
-1,-6,218
-2,-6,222
-1,-6,226
-1,-6,229
-1,-6,230
-1,-6,238
-1,-6,239
-1,-6,240
-1,-6,242
-1,-6,243
-1,-6,244
0,-6,245
0,-6,246
0,-6,247
1,-6,248
-1,-6,249
-4,-6,250
2,-6,252
0,-6,253
-1,-6,255
3,-6,256
1,-6,257
2,-6,258
0,-6,259
3,-6,260
-1,-6,261
2,-6,262
4,-6,263
1,-6,264
1,-6,265
-1,-6,266
1,-6,267
2,-6,268
3,-6,269
1,-6,270
2,-6,271
2,-6,272
2,-6,273
2,-6,274
4,-6,277
2,-6,278
1,-6,279
2,-6,281
1,-6,282
-1,-6,284
1,-6,288
1,-6,293
1,-6,295
2,-6,298
1,-6,311
1,-6,315
1,-6,330
-1,-6,396
1,-6,449
1,-6,564
1,-6,826
1,-5,-16
1,-5,-13
2,-5,-11
2,-5,-10
3,-5,-8
1,-5,-7
8,-5,-5
11,-5,-4
3,-5,-3
4,-5,-2
12,-5,-1
8,-5,0
18,-5,1
5,-5,2
7,-5,3
16,-5,4
28,-5,5
31,-5,6
9,-5,7
25,-5,8
16,-5,9
26,-5,10
28,-5,11
7,-5,12
27,-5,13
14,-5,14
21,-5,15
31,-5,16
5,-5,17
9,-5,18
6,-5,19
14,-5,20
19,-5,21
4,-5,22
2,-5,23
5,-5,24
4,-5,25
10,-5,26
16,-5,27
5,-5,28
11,-5,29
6,-5,30
5,-5,31
11,-5,32
1,-5,33
12,-5,34
1,-5,35
8,-5,36
4,-5,37
2,-5,38
-3,-5,39
2,-5,40
2,-5,41
5,-5,42
5,-5,43
2,-5,44
-2,-5,45
0,-5,46
5,-5,47
4,-5,48
0,-5,49
3,-5,50
-2,-5,51
5,-5,52
1,-5,53
-2,-5,54
1,-5,55
1,-5,56
1,-5,57
-1,-5,58
5,-5,59
0,-5,60
-2,-5,61
5,-5,62
-1,-5,63
1,-5,64
6,-5,65
1,-5,66
0,-5,67
2,-5,68
-1,-5,69
5,-5,70
-2,-5,71
-1,-5,72
4,-5,73
3,-5,74
1,-5,75
3,-5,76
3,-5,77
5,-5,78
6,-5,80
-2,-5,81
1,-5,82
4,-5,83
4,-5,84
1,-5,85
1,-5,86
2,-5,88
0,-5,89
3,-5,90
2,-5,92
1,-5,93
4,-5,94
1,-5,95
2,-5,96
0,-5,97
1,-5,98
2,-5,99
0,-5,100
-1,-5,101
2,-5,102
1,-5,103
1,-5,104
2,-5,105
1,-5,106
0,-5,108
0,-5,109
2,-5,110
3,-5,112
1,-5,113
-1,-5,114
1,-5,115
2,-5,116
4,-5,117
0,-5,118
1,-5,120
1,-5,121
2,-5,122
1,-5,125
2,-5,126
-1,-5,127
1,-5,128
1,-5,129
1,-5,130
-1,-5,132
-1,-5,133
-1,-5,134
0,-5,135
0,-5,136
0,-5,138
1,-5,139
-1,-5,141
0,-5,142
1,-5,143
1,-5,144
-1,-5,145
-2,-5,146
1,-5,147
2,-5,148
-3,-5,149
0,-5,150
-2,-5,151
3,-5,152
0,-5,153
-1,-5,155
2,-5,157
-1,-5,158
-1,-5,160
-1,-5,161
1,-5,162
-1,-5,164
2,-5,165
-1,-5,166
1,-5,170
1,-5,172
-1,-5,173
-1,-5,174
1,-5,175
0,-5,176
1,-5,177
2,-5,178
-1,-5,179
-1,-5,181
-4,-5,183
-2,-5,184
-1,-5,186
-2,-5,187
-2,-5,188
0,-5,192
1,-5,194
1,-5,196
0,-5,197
1,-5,198
-1,-5,199
1,-5,200
2,-5,202
-1,-5,203
-1,-5,204
-2,-5,207
-1,-5,209
2,-5,211
1,-5,221
-1,-5,223
-3,-5,225
-1,-5,227
-1,-5,229
-1,-5,231
1,-5,232
-2,-5,233
-1,-5,236
-2,-5,238
-2,-5,240
-2,-5,242
-2,-5,243
-1,-5,244
-2,-5,246
-2,-5,247
-2,-5,248
-1,-5,249
1,-5,250
1,-5,251
1,-5,252
0,-5,253
2,-5,255
4,-5,256
3,-5,257
3,-5,258
1,-5,259
1,-5,260
2,-5,262
4,-5,263
3,-5,264
1,-5,265
-1,-5,266
1,-5,267
1,-5,269
2,-5,270
1,-5,271
2,-5,272
1,-5,273
1,-5,274
3,-5,275
3,-5,277
1,-5,280
1,-5,281
1,-5,284
1,-5,286
1,-5,291
-1,-5,294
1,-5,298
1,-5,300
1,-5,309
1,-5,313
1,-5,323
1,-5,393
1,-5,636
1,-4,-11
2,-4,-10
1,-4,-9
-3,-4,-8
2,-4,-7
2,-4,-6
4,-4,-5
1,-4,-4
1,-4,-3
1,-4,-2
17,-4,-1
3,-4,0
11,-4,1
3,-4,2
12,-4,3
13,-4,4
23,-4,5
29,-4,6
5,-4,7
37,-4,8
-2,-4,9
17,-4,10
29,-4,11
16,-4,12
16,-4,13
10,-4,14
-1,-4,15
19,-4,16
11,-4,17
7,-4,18
-1,-4,19
20,-4,20
10,-4,21
13,-4,22
-4,-4,23
5,-4,24
12,-4,25
1,-4,26
7,-4,27
1,-4,28
10,-4,29
2,-4,30
6,-4,31
3,-4,32
2,-4,34
1,-4,35
-3,-4,36
6,-4,37
7,-4,38
1,-4,39
-2,-4,40
2,-4,41
-2,-4,42
4,-4,43
1,-4,44
-1,-4,45
4,-4,46
1,-4,47
3,-4,48
0,-4,49
3,-4,50
0,-4,51
5,-4,52
1,-4,53
1,-4,54
0,-4,55
1,-4,56
-4,-4,57
2,-4,58
4,-4,59
2,-4,60
-9,-4,61
4,-4,62
-3,-4,63
4,-4,64
2,-4,65
-3,-4,66
2,-4,67
-10,-4,68
5,-4,69
-5,-4,70
5,-4,71
0,-4,72
1,-4,73
-1,-4,74
1,-4,75
-6,-4,76
-2,-4,78
2,-4,79
-1,-4,80
-1,-4,82
2,-4,83
3,-4,85
2,-4,86
-2,-4,87
-2,-4,89
1,-4,93
2,-4,94
1,-4,95
1,-4,96
-4,-4,97
1,-4,98
-3,-4,99
2,-4,100
-1,-4,101
1,-4,103
0,-4,106
1,-4,107
1,-4,108
3,-4,109
1,-4,110
3,-4,111
1,-4,112
1,-4,113
-3,-4,114
1,-4,115
-2,-4,116
1,-4,117
0,-4,118
1,-4,119
1,-4,120
1,-4,121
0,-4,122
1,-4,124
0,-4,125
2,-4,126
-1,-4,127
-1,-4,129
1,-4,130
0,-4,131
1,-4,132
-1,-4,133
1,-4,134
-2,-4,135
2,-4,137
2,-4,138
-1,-4,139
1,-4,141
1,-4,142
-1,-4,144
1,-4,146
-1,-4,148
0,-4,150
2,-4,151
1,-4,152
0,-4,154
-1,-4,156
2,-4,157
-4,-4,158
1,-4,160
1,-4,161
2,-4,162
-2,-4,163
2,-4,164
1,-4,165
-3,-4,167
1,-4,168
1,-4,171
1,-4,172
1,-4,174
1,-4,176
1,-4,177
1,-4,178
0,-4,179
1,-4,183
-1,-4,184
-1,-4,186
0,-4,188
1,-4,189
1,-4,190
1,-4,191
-1,-4,192
1,-4,194
1,-4,195
-1,-4,196
1,-4,197
-3,-4,198
-1,-4,200
-1,-4,201
1,-4,204
-1,-4,205
-3,-4,207
-2,-4,209
0,-4,211
-1,-4,213
1,-4,217
-2,-4,219
1,-4,220
-1,-4,230
0,-4,241
-1,-4,243
-2,-4,245
2,-4,246
0,-4,247
2,-4,248
-3,-4,249
3,-4,250
1,-4,251
5,-4,252
1,-4,253
2,-4,254
-1,-4,255
4,-4,256
1,-4,257
2,-4,258
1,-4,259
2,-4,260
3,-4,262
3,-4,263
-1,-4,264
-2,-4,266
2,-4,267
1,-4,268
5,-4,269
-1,-4,270
2,-4,271
-1,-4,272
1,-4,273
1,-4,276
0,-4,281
1,-4,282
1,-4,293
1,-4,297
-1,-4,304
1,-4,305
1,-4,306
-1,-4,308
1,-4,336
1,-4,337
1,-4,682
-2,-3,-16
1,-3,-11
-4,-3,-10
-6,-3,-8
-3,-3,-5
1,-3,-4
-3,-3,-3
2,-3,-2
-8,-3,-1
3,-3,0
7,-3,1
-1,-3,2
-2,-3,3
11,-3,4
10,-3,5
8,-3,6
1,-3,7
3,-3,8
7,-3,9
14,-3,10
14,-3,11
-1,-3,12
5,-3,13
1,-3,14
8,-3,15
8,-3,16
6,-3,17
1,-3,18
1,-3,19
7,-3,20
5,-3,21
2,-3,22
-2,-3,23
2,-3,24
0,-3,25
9,-3,26
0,-3,27
2,-3,28
1,-3,29
1,-3,31
1,-3,32
-2,-3,33
0,-3,34
-1,-3,35
-4,-3,36
4,-3,37
4,-3,38
1,-3,39
-2,-3,40
3,-3,41
-3,-3,42
1,-3,43
0,-3,44
-3,-3,45
-7,-3,46
-2,-3,47
-3,-3,48
-3,-3,49
2,-3,50
-7,-3,51
-4,-3,53
-4,-3,54
-5,-3,55
-4,-3,56
-2,-3,57
-1,-3,59
-3,-3,61
-6,-3,63
-5,-3,66
-3,-3,68
-3,-3,69
-6,-3,70
-1,-3,71
-5,-3,72
2,-3,73
-2,-3,74
-2,-3,76
-6,-3,78
1,-3,79
-1,-3,81
-1,-3,82
-2,-3,84
-1,-3,85
1,-3,86
-1,-3,87
-2,-3,89
-1,-3,90
-2,-3,91
0,-3,92
-2,-3,93
-1,-3,95
-3,-3,97
-1,-3,98
0,-3,99
1,-3,100
-1,-3,101
1,-3,102
-2,-3,103
0,-3,104
-2,-3,106
-2,-3,109
-3,-3,110
1,-3,111
-3,-3,112
1,-3,117
1,-3,118
1,-3,120
0,-3,121
-1,-3,122
-1,-3,123
-2,-3,124
2,-3,125
-2,-3,128
-2,-3,130
0,-3,132
-3,-3,134
-4,-3,136
-2,-3,140
-3,-3,141
-4,-3,143
-3,-3,145
-2,-3,146
-3,-3,147
-4,-3,149
-2,-3,150
-9,-3,151
1,-3,152
-2,-3,153
-1,-3,154
-1,-3,155
0,-3,156
-5,-3,158
-2,-3,160
-2,-3,162
-2,-3,164
1,-3,168
0,-3,169
-1,-3,171
1,-3,172
-2,-3,173
-1,-3,174
-3,-3,175
-1,-3,176
-4,-3,177
1,-3,178
-4,-3,179
-1,-3,181
-1,-3,186
-1,-3,188
-2,-3,189
-2,-3,190
-2,-3,191
-2,-3,192
1,-3,193
-2,-3,194
-2,-3,196
-2,-3,197
-2,-3,199
-2,-3,201
-1,-3,202
-2,-3,204
-1,-3,206
-1,-3,207
-3,-3,209
0,-3,214
-1,-3,215
1,-3,221
-2,-3,222
-1,-3,224
1,-3,226
-4,-3,227
-1,-3,231
-5,-3,233
-1,-3,235
-2,-3,236
-3,-3,238
-1,-3,240
-3,-3,242
-1,-3,243
-2,-3,244
-1,-3,245
-3,-3,246
-2,-3,248
-3,-3,250
1,-3,251
0,-3,252
-1,-3,253
1,-3,254
1,-3,256
-1,-3,257
2,-3,260
-1,-3,261
1,-3,262
1,-3,263
2,-3,265
-1,-3,266
2,-3,267
0,-3,269
2,-3,272
1,-3,273
-1,-3,274
1,-3,277
-1,-3,278
1,-3,281
-1,-3,284
1,-3,294
1,-3,305
1,-3,348
-1,-3,396
-1,-3,405
1,-3,458
-1,-3,630
1,-2,-17
1,-2,-15
1,-2,-12
-1,-2,-11
1,-2,-10
1,-2,-8
3,-2,-7
0,-2,-6
2,-2,-5
10,-2,-4
3,-2,-3
6,-2,-2
16,-2,-1
5,-2,0
25,-2,1
9,-2,2
8,-2,3
30,-2,4
24,-2,5
31,-2,6
14,-2,7
33,-2,8
9,-2,9
30,-2,10
34,-2,11
22,-2,12
21,-2,13
21,-2,14
27,-2,15
21,-2,16
21,-2,17
18,-2,18
12,-2,19
29,-2,20
19,-2,21
23,-2,22
3,-2,23
8,-2,24
13,-2,25
17,-2,26
12,-2,27
4,-2,28
11,-2,29
4,-2,30
8,-2,31
10,-2,32
2,-2,33
7,-2,34
2,-2,35
2,-2,36
7,-2,37
3,-2,38
3,-2,39
1,-2,40
3,-2,41
4,-2,42
2,-2,43
2,-2,44
-2,-2,45
0,-2,46
10,-2,47
5,-2,48
2,-2,49
3,-2,50
-1,-2,51
5,-2,52
-1,-2,53
3,-2,54
4,-2,55
1,-2,56
1,-2,57
2,-2,58
6,-2,59
1,-2,60
0,-2,61
3,-2,62
1,-2,63
2,-2,64
3,-2,65
-4,-2,66
6,-2,67
6,-2,68
2,-2,69
2,-2,70
3,-2,71
1,-2,72
3,-2,73
1,-2,74
6,-2,75
1,-2,76
0,-2,77
3,-2,78
2,-2,79
3,-2,80
1,-2,82
0,-2,84
1,-2,85
2,-2,86
-2,-2,87
2,-2,88
3,-2,89
2,-2,90
2,-2,91
1,-2,92
1,-2,93
2,-2,95
1,-2,96
-2,-2,97
-1,-2,99
1,-2,100
3,-2,101
-1,-2,102
2,-2,103
2,-2,104
2,-2,105
-2,-2,107
1,-2,109
3,-2,110
1,-2,111
1,-2,112
1,-2,113
1,-2,114
3,-2,115
2,-2,116
1,-2,117
2,-2,118
1,-2,120
1,-2,121
2,-2,122
1,-2,125
1,-2,127
1,-2,133
3,-2,134
-1,-2,135
1,-2,136
0,-2,137
1,-2,138
-1,-2,140
1,-2,141
2,-2,142
1,-2,143
0,-2,145
1,-2,146
1,-2,147
-2,-2,148
2,-2,149
0,-2,150
-1,-2,151
1,-2,152
1,-2,153
1,-2,154
-1,-2,155
1,-2,157
-1,-2,158
2,-2,159
-1,-2,160
1,-2,161
-1,-2,164
1,-2,165
1,-2,166
1,-2,167
-1,-2,169
4,-2,170
0,-2,171
1,-2,172
-1,-2,174
0,-2,178
-1,-2,179
-1,-2,181
-1,-2,183
-2,-2,184
1,-2,186
-1,-2,187
1,-2,193
0,-2,196
-1,-2,197
-1,-2,199
-3,-2,204
1,-2,206
-1,-2,207
-2,-2,210
1,-2,211
-2,-2,212
1,-2,213
-1,-2,217
-1,-2,219
-2,-2,238
1,-2,241
-1,-2,243
1,-2,244
3,-2,246
-1,-2,247
-2,-2,248
-2,-2,250
5,-2,252
0,-2,253
1,-2,254
3,-2,256
4,-2,257
7,-2,258
4,-2,259
3,-2,260
1,-2,261
2,-2,262
2,-2,263
2,-2,264
1,-2,266
3,-2,267
2,-2,268
1,-2,269
1,-2,270
1,-2,272
2,-2,273
1,-2,274
2,-2,275
1,-2,276
1,-2,277
1,-2,278
1,-2,283
1,-2,322
-1,-2,345
1,-2,370
0,-1,-13
2,-1,-11
0,-1,-10
0,-1,-9
2,-1,-8
1,-1,-7
3,-1,-6
3,-1,-5
6,-1,-4
-1,-1,-3
5,-1,-2
8,-1,-1
3,-1,0
18,-1,1
4,-1,2
-1,-1,3
24,-1,4
20,-1,5
29,-1,6
11,-1,7
26,-1,8
10,-1,9
10,-1,10
10,-1,11
14,-1,12
13,-1,13
6,-1,14
11,-1,15
8,-1,16
11,-1,17
12,-1,18
2,-1,19
20,-1,20
7,-1,21
17,-1,22
2,-1,23
2,-1,24
11,-1,25
-7,-1,26
4,-1,27
-2,-1,28
8,-1,29
0,-1,30
4,-1,31
5,-1,32
-2,-1,33
-3,-1,34
3,-1,35
-3,-1,36
7,-1,37
-6,-1,38
1,-1,39
-14,-1,40
0,-1,41
-3,-1,42
5,-1,43
-4,-1,44
-1,-1,45
-5,-1,46
-2,-1,47
-9,-1,48
-6,-1,49
5,-1,50
-8,-1,51
1,-1,52
-8,-1,53
1,-1,54
-12,-1,55
3,-1,56
-9,-1,57
2,-1,59
3,-1,60
-19,-1,61
4,-1,62
-2,-1,63
2,-1,65
-7,-1,66
1,-1,67
-3,-1,68
3,-1,69
-7,-1,70
1,-1,71
-7,-1,72
2,-1,73
-2,-1,74
0,-1,75
-5,-1,76
3,-1,77
-9,-1,78
1,-1,79
0,-1,80
1,-1,81
0,-1,82
-2,-1,83
-2,-1,84
1,-1,85
-2,-1,86
-2,-1,87
2,-1,88
0,-1,89
2,-1,90
-3,-1,91
4,-1,92
-1,-1,93
2,-1,94
1,-1,95
-1,-1,96
1,-1,97
1,-1,98
-4,-1,99
0,-1,100
-4,-1,101
1,-1,102
1,-1,103
-2,-1,104
1,-1,105
-2,-1,106
1,-1,107
0,-1,108
2,-1,109
-2,-1,110
-1,-1,111
0,-1,112
-1,-1,115
1,-1,116
-1,-1,117
0,-1,118
0,-1,119
0,-1,120
-2,-1,121
-1,-1,122
2,-1,123
1,-1,124
1,-1,125
2,-1,126
-1,-1,127
-1,-1,128
1,-1,129
-3,-1,130
2,-1,131
-2,-1,133
-3,-1,134
1,-1,136
-4,-1,137
1,-1,138
-1,-1,139
1,-1,140
-2,-1,141
-2,-1,143
1,-1,144
0,-1,145
1,-1,146
-3,-1,147
2,-1,148
-7,-1,149
1,-1,150
-5,-1,151
-3,-1,152
-2,-1,154
-5,-1,156
-5,-1,158
2,-1,159
-4,-1,160
-3,-1,162
1,-1,164
-1,-1,165
-3,-1,166
1,-1,167
0,-1,168
-3,-1,169
1,-1,170
-1,-1,171
-1,-1,173
-7,-1,175
1,-1,176
-2,-1,177
-1,-1,179
-5,-1,181
1,-1,182
-2,-1,184
1,-1,185
-3,-1,186
-3,-1,188
-4,-1,190
-2,-1,192
-7,-1,194
-3,-1,196
-1,-1,197
-4,-1,199
-1,-1,200
-2,-1,201
-3,-1,203
-7,-1,205
-3,-1,207
-4,-1,209
-1,-1,214
-2,-1,216
-1,-1,217
0,-1,218
-2,-1,219
-2,-1,222
-1,-1,225
-1,-1,226
1,-1,227
-3,-1,229
-1,-1,230
-3,-1,231
-2,-1,232
-3,-1,233
-3,-1,236
-2,-1,239
-2,-1,240
-3,-1,242
-1,-1,244
-3,-1,245
-1,-1,246
-1,-1,247
-2,-1,248
-1,-1,249
-6,-1,250
-1,-1,251
-1,-1,252
-1,-1,253
1,-1,254
-2,-1,255
2,-1,256
2,-1,257
4,-1,258
1,-1,259
2,-1,260
1,-1,261
2,-1,262
2,-1,263
3,-1,264
1,-1,265
0,-1,266
1,-1,267
2,-1,268
1,-1,270
-1,-1,272
2,-1,273
1,-1,274
0,-1,275
1,-1,277
-1,-1,278
1,-1,281
1,-1,283
1,-1,284
1,-1,285
-1,-1,291
-1,-1,295
2,-1,315
-1,-1,344
1,-1,398
-1,-1,403
-1,-1,407
1,-1,467
1,-1,505
-1,-1,628
2,0,-17
1,0,-15
-1,0,-14
-2,0,-12
1,0,-11
-1,0,-10
1,0,-8
1,0,-7
322,0,-6
-1,0,-5
12,0,-4
4,0,-3
5,0,-2
13,0,-1
10,0,1
11,0,2
8,0,3
30,0,4
34,0,5
40,0,6
22,0,7
30,0,8
18,0,9
24,0,10
32,0,11
13,0,12
26,0,13
9,0,14
19,0,15
15,0,16
15,0,17
4,0,18
13,0,19
14,0,20
25,0,21
16,0,22
-1,0,23
6,0,24
13,0,25
9,0,26
8,0,27
4,0,28
7,0,29
-3,0,30
10,0,31
4,0,32
5,0,33
4,0,34
-2,0,35
0,0,36
4,0,37
4,0,38
2,0,39
-1,0,40
0,0,41
3,0,42
5,0,43
0,0,44
1,0,45
-3,0,46
5,0,47
-3,0,48
-2,0,49
2,0,50
0,0,51
3,0,52
4,0,53
-1,0,54
7,0,55
-3,0,56
1,0,57
-3,0,58
0,0,59
3,0,60
-4,0,61
1,0,62
-3,0,63
-3,0,64
-1,0,65
-7,0,66
4,0,67
-1,0,68
-4,0,69
2,0,70
-1,0,71
-5,0,72
2,0,73
-3,0,74
3,0,75
-2,0,76
2,0,78
-6,0,79
1,0,80
-1,0,81
-2,0,82
3,0,83
-1,0,84
3,0,85
1,0,86
2,0,87
1,0,88
-1,0,89
1,0,90
-1,0,91
-1,0,92
-1,0,93
-1,0,94
1,0,95
2,0,96
0,0,97
1,0,98
1,0,99
4,0,100
2,0,101
-1,0,102
3,0,103
-1,0,104
1,0,105
1,0,106
1,0,107
3,0,108
2,0,109
-1,0,110
1,0,111
0,0,112
0,0,113
-2,0,114
-3,0,115
2,0,117
0,0,118
1,0,119
2,0,120
-1,0,121
0,0,122
1,0,123
-1,0,124
-1,0,125
2,0,126
2,0,127
0,0,128
1,0,129
1,0,130
1,0,131
1,0,132
-1,0,133
0,0,134
-1,0,136
1,0,137
-2,0,138
-1,0,139
-3,0,140
0,0,141
3,0,142
-1,0,143
-5,0,145
0,0,146
-3,0,147
-2,0,148
-2,0,149
0,0,150
-4,0,151
0,0,153
-4,0,154
1,0,155
-2,0,156
-1,0,158
3,0,159
-1,0,160
1,0,161
-4,0,162
-2,0,163
-1,0,164
1,0,165
-2,0,166
-1,0,168
-4,0,169
1,0,170
-1,0,171
-2,0,173
-3,0,174
-2,0,175
1,0,176
-1,0,177
1,0,178
-4,0,179
1,0,180
1,0,181
-1,0,183
-1,0,184
-1,0,186
-1,0,187
0,0,188
1,0,189
-2,0,190
-1,0,191
-5,0,192
1,0,193
-4,0,194
-3,0,196
-3,0,197
0,0,201
-1,0,204
1,0,205
-1,0,206
-2,0,207
-3,0,209
-2,0,210
-1,0,212
-1,0,214
-2,0,216
-1,0,217
-1,0,219
-1,0,224
-2,0,225
-1,0,227
-1,0,231
-1,0,233
-1,0,235
-3,0,236
-5,0,238
-2,0,240
0,0,242
-3,0,243
-2,0,244
0,0,246
2,0,247
-1,0,248
2,0,249
-2,0,250
2,0,251
-3,0,252
1,0,253
3,0,254
2,0,255
5,0,256
6,0,257
3,0,258
2,0,259
5,0,260
1,0,261
1,0,262
2,0,263
0,0,264
-1,0,265
-1,0,266
2,0,267
3,0,268
2,0,269
4,0,272
2,0,273
-1,0,277
2,0,278
2,0,279
1,0,283
0,0,284
1,0,285
1,0,288
1,0,290
-1,0,297
1,0,300
-1,0,302
1,0,305
1,0,307
1,0,315
-1,0,317
1,0,322
1,0,325
1,0,393
1,1,-50
-1,1,-23
-1,1,-21
1,1,-16
0,1,-13
1,1,-11
-7,1,-10
-7,1,-8
3,1,-7
1,1,-6
-1,1,-5
4,1,-4
-25,1,-3
5,1,-2
4,1,-1
3,1,0
-38,1,1
3,1,2
-3,1,3
18,1,4
-49,1,5
24,1,6
-5,1,7
22,1,8
11,1,9
18,1,10
23,1,11
-26,1,12
6,1,13
14,1,14
7,1,15
28,1,16
15,1,17
5,1,18
5,1,19
20,1,20
5,1,21
18,1,22
-7,1,23
7,1,24
8,1,25
3,1,26
9,1,27
-8,1,28
6,1,29
-5,1,30
1,1,31
1,1,32
-17,1,33
-1,1,34
0,1,35
-1,1,36
5,1,37
-5,1,38
1,1,39
-12,1,40
5,1,41
-13,1,42
-1,1,43
-3,1,44
-5,1,45
-10,1,46
-3,1,47
-6,1,48
-7,1,49
3,1,50
-19,1,51
2,1,52
-22,1,53
0,1,54
-17,1,55
-2,1,56
-32,1,57
3,1,58
-9,1,59
3,1,60
-20,1,61
3,1,62
-27,1,63
0,1,64
-1,1,65
-5,1,66
3,1,67
-12,1,68
3,1,69
-12,1,70
3,1,71
-10,1,72
1,1,73
-3,1,74
2,1,75
-18,1,76
0,1,77
-5,1,78
3,1,79
-5,1,80
-4,1,81
-5,1,82
-2,1,83
2,1,84
-7,1,85
0,1,86
-10,1,87
1,1,88
-3,1,89
-7,1,91
-9,1,93
1,1,94
1,1,95
-1,1,96
-3,1,97
-2,1,99
-4,1,100
-3,1,101
-1,1,102
-6,1,104
0,1,105
-1,1,106
-1,1,108
3,1,110
-2,1,111
0,1,112
-1,1,113
-5,1,114
2,1,115
0,1,117
-5,1,118
1,1,119
1,1,120
-2,1,121
2,1,122
-6,1,125
-1,1,126
-2,1,127
3,1,128
-1,1,129
1,1,130
-1,1,131
1,1,132
-1,1,133
-3,1,134
-3,1,135
0,1,136
-1,1,137
0,1,138
1,1,140
-1,1,141
4,1,142
-3,1,143
-3,1,144
-5,1,145
-1,1,146
-2,1,147
-3,1,148
-7,1,149
-5,1,150
-5,1,151
-1,1,152
0,1,153
-3,1,154
-1,1,155
-11,1,156
-6,1,158
3,1,159
-3,1,160
-4,1,161
-3,1,162
-5,1,163
-2,1,164
1,1,166
1,1,168
-2,1,169
-5,1,171
-6,1,173
1,1,174
-3,1,175
-5,1,177
0,1,178
-4,1,179
-4,1,181
-1,1,183
-7,1,184
-3,1,186
-3,1,188
-1,1,189
-3,1,190
-2,1,191
-9,1,192
-7,1,194
-2,1,196
-3,1,197
-1,1,198
-6,1,199
-1,1,200
-3,1,201
-1,1,202
-2,1,203
-9,1,205
0,1,206
-1,1,207
1,1,210
1,1,211
-3,1,212
-2,1,214
-1,1,216
-1,1,217
-5,1,218
-2,1,219
-2,1,220
-2,1,222
-2,1,224
-3,1,225
-1,1,226
-1,1,227
-3,1,228
-3,1,231
-3,1,233
-2,1,236
-1,1,238
-3,1,239
-2,1,240
-4,1,242
-1,1,243
-6,1,244
-2,1,245
1,1,246
-2,1,247
0,1,248
-1,1,249
-2,1,250
-3,1,251
0,1,252
-7,1,253
1,1,254
0,1,255
1,1,256
-1,1,257
1,1,258
-4,1,259
2,1,260
0,1,261
0,1,262
1,1,263
0,1,264
2,1,265
-2,1,266
3,1,267
2,1,268
1,1,269
-1,1,270
-1,1,272
1,1,274
0,1,276
1,1,277
2,1,281
1,1,282
1,1,288
-1,1,289
1,1,294
-1,1,297
1,1,315
1,1,374
-1,1,399
-1,1,452
1,1,659
-1,1,767
1,1,773
1,2,-15
1,2,-13
2,2,-10
2,2,-8
2,2,-7
2,2,-6
5,2,-5
8,2,-4
2,2,-3
4,2,-2
17,2,-1
25,2,0
25,2,1
13,2,2
6,2,3
18,2,4
33,2,5
39,2,6
15,2,7
42,2,8
23,2,9
29,2,10
41,2,11
21,2,12
30,2,13
17,2,14
35,2,15
19,2,16
32,2,17
8,2,18
12,2,19
17,2,20
13,2,21
27,2,22
5,2,23
6,2,24
21,2,25
11,2,26
18,2,27
7,2,28
11,2,29
9,2,30
8,2,31
4,2,32
8,2,34
6,2,36
6,2,37
9,2,38
4,2,39
1,2,40
5,2,41
7,2,42
4,2,43
4,2,44
6,2,46
4,2,47
3,2,48
2,2,49
3,2,50
4,2,51
4,2,52
5,2,53
3,2,54
4,2,55
4,2,56
3,2,57
2,2,58
1,2,59
1,2,60
1,2,61
2,2,62
6,2,63
8,2,64
3,2,65
3,2,66
6,2,67
2,2,68
2,2,69
1,2,70
5,2,71
1,2,72
3,2,73
4,2,74
3,2,75
1,2,76
4,2,77
2,2,78
3,2,79
5,2,80
3,2,81
1,2,82
3,2,83
2,2,84
3,2,85
3,2,86
2,2,88
3,2,89
2,2,92
4,2,94
3,2,95
3,2,96
1,2,98
3,2,99
4,2,100
1,2,101
1,2,103
1,2,104
2,2,105
1,2,107
1,2,109
1,2,111
2,2,112
1,2,113
1,2,114
3,2,115
1,2,116
3,2,117
1,2,119
2,2,124
1,2,125
2,2,127
1,2,129
4,2,130
1,2,131
1,2,132
1,2,134
2,2,137
4,2,138
1,2,141
2,2,143
1,2,147
2,2,148
1,2,151
2,2,153
1,2,154
1,2,155
1,2,159
1,2,160
3,2,162
1,2,163
1,2,167
1,2,169
1,2,173
1,2,174
1,2,182
1,2,184
1,2,185
1,2,193
1,2,199
1,2,201
1,2,214
1,2,216
1,2,219
1,2,230
1,2,243
1,2,244
1,2,247
2,2,248
2,2,250
1,2,251
1,2,252
7,2,253
1,2,254
3,2,255
4,2,256
3,2,257
6,2,258
2,2,259
1,2,260
5,2,262
3,2,263
2,2,264
1,2,266
3,2,267
1,2,268
2,2,269
4,2,272
3,2,273
1,2,274
1,2,275
1,2,276
2,2,277
1,2,278
1,2,285
1,2,289
1,2,292
1,2,295
1,2,296
1,2,299
1,2,301
1,2,304
1,2,348
1,2,396
1,2,555
-1,3,-23
-1,3,-16
-5,3,-13
1,3,-11
0,3,-8
-11,3,-6
-3,3,-5
5,3,-4
-1,3,-3
0,3,-2
0,3,-1
-25,3,0
7,3,1
-3,3,2
-7,3,3
1,3,4
14,3,5
9,3,6
-9,3,7
11,3,8
-7,3,9
-4,3,10
6,3,11
-2,3,12
-1,3,13
4,3,14
-2,3,15
12,3,16
9,3,17
-1,3,18
-7,3,19
1,3,20
-1,3,21
4,3,22
-1,3,23
3,3,24
4,3,25
-5,3,26
6,3,27
-3,3,28
5,3,29
-3,3,30
-2,3,31
3,3,32
-2,3,33
-1,3,34
1,3,35
-6,3,36
1,3,37
-2,3,38
0,3,39
-2,3,40
0,3,41
-6,3,42
-1,3,43
-1,3,44
-4,3,45
-2,3,46
-3,3,47
-3,3,48
-4,3,49
2,3,50
-14,3,51
3,3,52
-9,3,53
-2,3,54
-3,3,55
0,3,56
-2,3,57
-2,3,58
-6,3,59
1,3,60
-15,3,61
-7,3,63
-2,3,64
-16,3,66
1,3,67
-4,3,68
2,3,69
-3,3,70
0,3,71
-3,3,72
-2,3,73
-2,3,74
-4,3,76
1,3,77
-2,3,78
-1,3,79
1,3,80
0,3,81
-3,3,82
-2,3,83
-1,3,84
-1,3,85
-1,3,86
-4,3,87
-1,3,88
-3,3,89
-4,3,91
-4,3,93
0,3,94
-1,3,95
-1,3,97
-2,3,98
1,3,99
-1,3,100
-2,3,101
-2,3,104
-1,3,105
-1,3,106
-1,3,107
-1,3,108
-1,3,109
-1,3,110
-2,3,112
2,3,113
-1,3,114
-1,3,115
-2,3,116
1,3,117
1,3,120
-2,3,121
2,3,122
0,3,123
-1,3,125
-3,3,127
1,3,128
-1,3,129
-2,3,130
1,3,131
-1,3,133
-2,3,134
-3,3,136
-4,3,137
-1,3,139
-3,3,141
-5,3,143
-2,3,144
-4,3,145
0,3,146
-3,3,148
-3,3,149
-5,3,150
0,3,151
-1,3,152
-3,3,153
-2,3,154
-1,3,155
-9,3,156
-3,3,158
-4,3,160
0,3,162
-2,3,163
-2,3,164
0,3,165
-1,3,166
0,3,167
-1,3,168
-2,3,169
-3,3,171
-1,3,173
-1,3,176
-4,3,178
-3,3,179
1,3,180
-5,3,181
-3,3,184
-6,3,186
-3,3,187
-1,3,188
-4,3,190
-3,3,192
1,3,193
-5,3,194
-4,3,196
-2,3,197
-3,3,198
-1,3,199
-2,3,200
1,3,202
-4,3,203
-2,3,204
1,3,205
-3,3,207
-3,3,209
-1,3,212
0,3,214
-2,3,216
-1,3,218
-2,3,222
-2,3,224
-1,3,228
-4,3,229
-2,3,230
-2,3,231
-8,3,233
-1,3,236
-3,3,240
-1,3,241
-3,3,242
-3,3,243
-4,3,244
-2,3,245
-3,3,247
0,3,248
-3,3,250
-1,3,251
-4,3,252
-3,3,253
-3,3,254
-1,3,255
1,3,256
0,3,257
4,3,258
-1,3,261
2,3,262
0,3,264
-2,3,265
-1,3,266
1,3,269
0,3,270
1,3,271
-1,3,272
-1,3,276
-1,3,281
2,3,284
2,3,291
1,3,299
-1,3,351
1,3,363
1,3,404
-1,3,413
1,3,511
1,4,-11
2,4,-10
1,4,-9
4,4,-8
1,4,-7
5,4,-6
8,4,-5
7,4,-4
7,4,-3
3,4,-2
11,4,-1
8,4,0
14,4,1
13,4,2
11,4,3
26,4,4
27,4,5
28,4,6
17,4,7
30,4,8
14,4,9
29,4,10
31,4,11
23,4,12
28,4,13
10,4,14
22,4,15
14,4,16
24,4,17
11,4,18
9,4,19
15,4,20
16,4,21
11,4,22
9,4,23
13,4,24
6,4,25
17,4,26
4,4,27
6,4,28
6,4,29
4,4,30
4,4,31
9,4,32
6,4,34
4,4,35
9,4,36
2,4,37
2,4,38
3,4,39
1,4,40
5,4,41
3,4,42
7,4,43
4,4,44
2,4,45
4,4,46
3,4,47
2,4,48
2,4,49
2,4,50
5,4,51
4,4,52
1,4,53
2,4,54
1,4,55
1,4,56
2,4,57
2,4,58
5,4,59
2,4,60
2,4,61
1,4,62
6,4,63
2,4,65
1,4,66
3,4,67
5,4,68
3,4,69
3,4,70
2,4,71
1,4,72
3,4,73
1,4,74
1,4,75
2,4,77
2,4,78
1,4,79
2,4,80
1,4,81
1,4,83
3,4,84
1,4,85
3,4,86
1,4,87
1,4,89
1,4,90
2,4,91
1,4,92
2,4,93
4,4,97
3,4,100
3,4,102
1,4,104
4,4,105
2,4,106
1,4,109
2,4,112
1,4,113
2,4,114
1,4,118
1,4,121
2,4,122
2,4,123
1,4,125
1,4,126
1,4,127
3,4,129
1,4,131
1,4,135
2,4,136
1,4,137
1,4,139
1,4,142
2,4,143
1,4,148
3,4,153
2,4,154
2,4,155
1,4,156
1,4,157
1,4,158
2,4,162
1,4,163
2,4,164
1,4,166
1,4,167
1,4,169
1,4,171
1,4,177
1,4,178
2,4,179
1,4,180
1,4,183
1,4,186
1,4,189
1,4,241
1,4,243
1,4,246
1,4,248
1,4,249
2,4,251
2,4,252
3,4,253
1,4,255
4,4,256
5,4,257
7,4,258
3,4,259
4,4,260
1,4,261
4,4,262
1,4,263
1,4,264
1,4,265
2,4,267
2,4,268
1,4,271
3,4,272
1,4,275
3,4,277
1,4,279
1,4,281
2,4,286
1,4,289
1,4,296
1,4,578
1,4,642
1,5,-21
1,5,-15
1,5,-12
-1,5,-11
-1,5,-10
-1,5,-9
2,5,-8
2,5,-7
0,5,-6
0,5,-5
9,5,-4
5,5,-3
4,5,-2
14,5,-1
1,5,0
13,5,1
2,5,2
-3,5,3
26,5,4
17,5,5
27,5,6
6,5,7
32,5,8
18,5,9
21,5,10
35,5,11
17,5,12
24,5,13
15,5,14
23,5,15
10,5,16
14,5,17
10,5,18
9,5,19
12,5,20
15,5,21
10,5,22
2,5,23
10,5,24
17,5,25
6,5,26
12,5,27
0,5,28
10,5,29
1,5,30
2,5,31
7,5,32
-3,5,33
4,5,34
2,5,35
5,5,36
5,5,37
3,5,38
2,5,39
-8,5,40
4,5,41
10,5,42
5,5,43
0,5,44
-2,5,45
1,5,46
2,5,47
-1,5,48
0,5,49
3,5,50
-9,5,51
4,5,52
-5,5,53
2,5,54
-8,5,55
0,5,56
-7,5,57
3,5,58
0,5,59
3,5,60
-8,5,61
4,5,62
-1,5,63
0,5,64
-3,5,66
3,5,67
-4,5,68
0,5,69
0,5,70
3,5,71
-3,5,72
3,5,73
1,5,74
2,5,75
-4,5,76
0,5,77
1,5,78
4,5,79
1,5,80
0,5,82
0,5,83
3,5,84
-1,5,85
1,5,86
2,5,87
3,5,88
-3,5,89
2,5,90
-4,5,91
1,5,93
2,5,94
1,5,95
0,5,96
0,5,97
1,5,98
-1,5,99
1,5,100
2,5,101
1,5,102
1,5,103
2,5,104
4,5,105
0,5,106
0,5,107
4,5,109
0,5,110
0,5,112
-2,5,113
0,5,115
0,5,116
2,5,117
-1,5,118
-1,5,119
0,5,120
1,5,121
2,5,122
1,5,123
3,5,124
1,5,125
1,5,126
2,5,127
-1,5,128
0,5,130
2,5,131
0,5,132
1,5,134
-2,5,135
1,5,136
-2,5,137
-1,5,140
-3,5,141
1,5,142
-1,5,143
-1,5,145
0,5,147
0,5,148
2,5,149
-1,5,150
-3,5,151
0,5,152
0,5,154
-4,5,155
-2,5,156
4,5,157
-2,5,158
1,5,159
-3,5,160
-3,5,162
0,5,163
-1,5,164
-1,5,165
-1,5,166
-1,5,167
-1,5,169
1,5,170
-2,5,171
-1,5,173
1,5,175
2,5,176
-5,5,179
2,5,181
1,5,183
-1,5,184
2,5,185
-3,5,186
0,5,188
-2,5,189
-1,5,190
1,5,191
-3,5,192
-4,5,194
-5,5,196
-1,5,198
-2,5,199
-2,5,201
-2,5,202
-1,5,204
-3,5,205
-3,5,207
-2,5,209
-1,5,210
0,5,211
-1,5,214
-1,5,216
-1,5,222
-1,5,227
1,5,229
-1,5,231
0,5,232
-1,5,238
1,5,240
-3,5,242
-2,5,243
1,5,245
-3,5,246
1,5,247
0,5,248
-2,5,249
-4,5,250
3,5,251
-1,5,252
-1,5,253
1,5,254
-1,5,255
1,5,256
0,5,257
1,5,258
0,5,259
2,5,260
-1,5,261
2,5,262
1,5,263
3,5,265
-1,5,266
1,5,268
-2,5,270
1,5,272
2,5,273
3,5,276
1,5,283
1,5,284
1,5,285
-1,5,297
2,5,298
1,5,306
1,5,310
1,5,311
1,5,318
-1,5,376
-1,5,416
-1,5,493
1,5,529
-1,5,674
3,6,-11
1,6,-10
-1,6,-9
1,6,-8
0,6,-7
0,6,-6
2,6,-5
3,6,-4
4,6,-3
5,6,-2
11,6,-1
7,6,0
13,6,1
7,6,2
10,6,3
22,6,4
21,6,5
35,6,6
10,6,7
23,6,8
19,6,9
19,6,10
28,6,11
10,6,12
13,6,13
13,6,14
20,6,15
32,6,16
19,6,17
7,6,18
7,6,19
12,6,20
10,6,21
18,6,22
0,6,23
10,6,24
11,6,25
10,6,26
8,6,27
3,6,28
11,6,29
1,6,30
6,6,31
12,6,32
2,6,33
6,6,34
2,6,35
3,6,36
2,6,37
10,6,38
0,6,39
4,6,40
2,6,41
7,6,42
2,6,43
0,6,45
1,6,46
5,6,47
1,6,48
-3,6,49
2,6,50
3,6,51
2,6,52
2,6,53
-2,6,54
4,6,55
1,6,56
7,6,57
4,6,58
-1,6,59
3,6,60
0,6,61
2,6,63
1,6,64
-1,6,65
-1,6,66
1,6,67
4,6,68
4,6,69
2,6,70
2,6,71
2,6,72
3,6,73
3,6,74
1,6,75
1,6,76
3,6,77
1,6,78
-1,6,79
2,6,80
1,6,81
-2,6,82
1,6,83
2,6,85
0,6,86
3,6,87
3,6,88
2,6,91
1,6,92
1,6,94
5,6,95
2,6,96
-1,6,97
2,6,98
-2,6,100
1,6,101
-2,6,102
2,6,104
2,6,105
2,6,106
1,6,108
3,6,109
-1,6,110
1,6,111
2,6,112
2,6,113
-2,6,114
3,6,115
5,6,116
-1,6,117
1,6,119
0,6,120
-1,6,122
2,6,123
1,6,124
-1,6,125
3,6,127
1,6,128
1,6,129
1,6,130
1,6,131
-1,6,132
1,6,135
1,6,136
0,6,137
1,6,138
2,6,142
1,6,146
-1,6,147
0,6,149
-1,6,150
-1,6,151
1,6,152
0,6,153
1,6,155
-1,6,156
-1,6,158
1,6,159
-2,6,161
2,6,162
1,6,163
2,6,164
-3,6,166
2,6,168
1,6,171
1,6,172
-2,6,173
1,6,174
-1,6,175
-3,6,176
0,6,177
-1,6,178
-1,6,179
0,6,181
1,6,182
1,6,183
-2,6,184
2,6,185
1,6,188
1,6,189
1,6,190
-2,6,191
1,6,192
1,6,194
-3,6,197
-1,6,199
-2,6,201
-2,6,202
1,6,203
-1,6,204
-1,6,207
-2,6,212
-1,6,214
-1,6,225
1,6,227
-2,6,229
-2,6,231
-2,6,236
-1,6,238
-2,6,240
-2,6,243
-2,6,244
-1,6,245
2,6,246
-1,6,247
1,6,248
1,6,249
2,6,250
2,6,251
1,6,252
2,6,253
3,6,254
0,6,255
4,6,256
-1,6,257
1,6,258
2,6,259
1,6,260
1,6,261
2,6,263
1,6,264
2,6,266
1,6,267
1,6,268
4,6,269
2,6,271
1,6,272
2,6,273
3,6,274
1,6,276
1,6,279
2,6,288
1,6,292
1,6,298
1,6,300
1,6,305
1,6,306
1,6,347
1,6,415
-1,6,510
1,6,549
-1,6,627
1,7,-10
1,7,-9
2,7,-8
4,7,-6
2,7,-5
1,7,-4
1,7,-3
1,7,-2
6,7,-1
-1,7,0
5,7,1
4,7,2
2,7,3
14,7,4
24,7,5
23,7,6
4,7,7
28,7,8
10,7,9
25,7,10
23,7,11
13,7,12
20,7,13
14,7,14
22,7,15
20,7,16
17,7,17
6,7,18
9,7,19
15,7,20
10,7,21
15,7,22
4,7,23
5,7,24
8,7,25
12,7,26
7,7,27
2,7,28
10,7,29
0,7,30
9,7,31
-2,7,32
2,7,33
2,7,34
1,7,35
8,7,36
1,7,37
-2,7,38
1,7,39
-3,7,40
4,7,41
3,7,42
4,7,43
2,7,44
-2,7,45
5,7,46
-1,7,47
4,7,48
-10,7,49
3,7,50
-2,7,51
3,7,52
-4,7,53
1,7,55
-7,7,57
4,7,58
1,7,59
-3,7,61
2,7,62
-7,7,63
2,7,64
1,7,65
-1,7,66
1,7,67
0,7,68
1,7,69
-1,7,70
1,7,71
-3,7,72
2,7,73
3,7,74
2,7,75
-3,7,76
2,7,77
1,7,78
1,7,79
-6,7,80
-1,7,82
3,7,83
2,7,84
-3,7,85
1,7,86
0,7,87
1,7,89
-5,7,91
3,7,92
-2,7,93
1,7,94
1,7,95
3,7,96
-3,7,97
4,7,98
2,7,99
1,7,100
-1,7,101
1,7,102
-1,7,104
1,7,105
1,7,106
-2,7,108
3,7,109
-2,7,110
1,7,112
-1,7,114
3,7,115
-2,7,118
1,7,119
1,7,120
1,7,121
-1,7,122
1,7,123
-3,7,125
1,7,127
-3,7,129
1,7,130
1,7,131
-1,7,135
1,7,136
0,7,137
1,7,138
0,7,141
1,7,143
1,7,149
-1,7,150
-1,7,152
1,7,153
1,7,155
-1,7,156
1,7,158
1,7,161
1,7,162
-1,7,163
1,7,164
-1,7,165
1,7,166
-1,7,167
1,7,168
0,7,169
-1,7,171
-1,7,173
-1,7,177
1,7,178
0,7,179
1,7,180
-2,7,186
1,7,188
1,7,189
-1,7,192
-1,7,194
-1,7,198
-1,7,200
1,7,201
-1,7,203
-2,7,205
-2,7,209
-3,7,213
-1,7,226
-1,7,238
1,7,240
0,7,245
1,7,246
1,7,247
3,7,248
2,7,251
-5,7,253
2,7,254
1,7,257
6,7,258
1,7,259
7,7,260
3,7,261
3,7,262
4,7,263
2,7,264
1,7,265
3,7,267
2,7,268
1,7,269
1,7,270
1,7,271
2,7,272
2,7,273
-1,7,274
2,7,277
1,7,278
1,7,279
1,7,282
3,7,285
1,7,287
1,7,294
1,7,306
1,7,327
1,7,333
-1,7,373
1,7,597
1,7,747
-1,8,-14
-2,8,-10
1,8,-9
0,8,-8
1,8,-7
-1,8,-6
-1,8,-5
-16,8,-3
3,8,-1
-4,8,0
-21,8,1
0,8,2
-2,8,3
14,8,4
-54,8,5
7,8,6
5,8,7
-3,8,8
6,8,9
3,8,10
19,8,11
-33,8,12
9,8,13
1,8,14
9,8,15
11,8,16
3,8,17
-4,8,18
3,8,19
5,8,20
4,8,21
2,8,22
-5,8,23
1,8,24
3,8,25
7,8,26
5,8,27
-5,8,29
0,8,30
2,8,31
2,8,32
-3,8,33
4,8,34
1,8,35
-4,8,36
2,8,37
2,8,38
-1,8,39
-4,8,40
1,8,41
1,8,42
-3,8,43
0,8,45
-1,8,46
3,8,47
-3,8,48
-2,8,49
6,8,50
-3,8,51
2,8,52
-9,8,53
-3,8,54
0,8,55
0,8,56
-13,8,57
-2,8,58
-5,8,59
-5,8,61
-2,8,62
-17,8,63
0,8,64
-2,8,66
2,8,67
-1,8,68
-2,8,69
-3,8,70
-2,8,71
-3,8,72
-1,8,73
0,8,74
-1,8,75
-6,8,76
-1,8,78
-4,8,81
1,8,82
1,8,83
-1,8,85
-2,8,86
0,8,87
-1,8,88
-1,8,90
-1,8,91
1,8,92
-1,8,93
-1,8,94
-1,8,95
1,8,96
-1,8,97
2,8,98
2,8,99
0,8,100
-1,8,102
0,8,104
0,8,106
-1,8,107
1,8,108
-1,8,109
-1,8,110
0,8,111
0,8,114
1,8,115
2,8,116
-1,8,121
-5,8,126
-1,8,127
-1,8,128
1,8,129
-1,8,130
-1,8,132
-1,8,133
-3,8,134
-1,8,135
-1,8,136
-1,8,138
-2,8,141
1,8,142
2,8,143
-6,8,145
-1,8,148
-2,8,149
-4,8,151
1,8,152
-1,8,153
-2,8,154
-3,8,155
-1,8,156
-2,8,158
-2,8,160
-2,8,161
-3,8,162
-2,8,163
-2,8,164
-1,8,166
-2,8,169
-4,8,171
0,8,173
-1,8,174
-1,8,175
-1,8,176
0,8,179
1,8,180
-2,8,183
-2,8,184
-2,8,189
0,8,190
-2,8,191
-1,8,192
-2,8,194
-2,8,196
1,8,197
-4,8,201
0,8,203
-1,8,204
-2,8,207
-1,8,209
-2,8,214
-2,8,216
-1,8,219
-1,8,220
-3,8,222
-2,8,227
-5,8,229
-6,8,233
-3,8,236
-2,8,238
-1,8,239
-3,8,244
-2,8,246
0,8,247
-1,8,248
-2,8,249
-4,8,250
1,8,251
-1,8,252
0,8,253
-1,8,254
0,8,258
2,8,259
0,8,261
2,8,264
2,8,266
0,8,268
1,8,269
0,8,270
1,8,273
1,8,274
1,8,277
-1,8,280
-1,8,284
0,8,289
-1,8,319
-1,8,333
-1,8,525
-1,9,-15
1,9,-12
1,9,-11
4,9,-10
-1,9,-8
3,9,-7
4,9,-6
4,9,-5
8,9,-4
7,9,-3
-5,9,-2
13,9,-1
2,9,0
14,9,1
6,9,2
14,9,3
15,9,4
36,9,5
32,9,6
-3,9,7
28,9,8
8,9,9
31,9,10
17,9,11
16,9,12
2,9,13
7,9,14
6,9,15
23,9,16
21,9,17
9,9,18
2,9,19
21,9,20
18,9,21
12,9,22
3,9,23
5,9,24
6,9,25
8,9,26
11,9,27
3,9,28
5,9,29
-5,9,30
8,9,31
4,9,32
3,9,33
5,9,34
-3,9,36
2,9,37
0,9,38
4,9,39
-1,9,40
4,9,41
0,9,42
7,9,43
2,9,44
1,9,45
3,9,46
2,9,47
4,9,48
2,9,49
1,9,50
3,9,51
1,9,52
2,9,53
2,9,54
2,9,55
2,9,56
3,9,57
1,9,58
-1,9,59
1,9,60
-3,9,61
1,9,62
1,9,63
3,9,64
2,9,65
-1,9,66
3,9,67
0,9,68
1,9,69
1,9,71
-2,9,72
2,9,73
5,9,74
2,9,77
2,9,79
2,9,80
1,9,82
2,9,83
2,9,84
4,9,85
0,9,87
1,9,88
3,9,90
2,9,91
1,9,96
1,9,97
1,9,101
2,9,102
1,9,103
0,9,104
1,9,105
0,9,108
1,9,109
2,9,110
1,9,113
1,9,115
2,9,117
0,9,118
1,9,121
1,9,122
1,9,123
1,9,124
1,9,125
1,9,126
1,9,128
1,9,129
7,9,132
0,9,133
1,9,134
2,9,135
0,9,141
0,9,146
1,9,147
-1,9,150
-2,9,152
3,9,155
1,9,157
1,9,158
-1,9,163
1,9,164
-1,9,165
4,9,167
1,9,169
1,9,170
3,9,172
2,9,173
1,9,176
1,9,178
-1,9,186
1,9,189
-1,9,192
0,9,194
-1,9,200
1,9,203
1,9,204
1,9,205
1,9,207
1,9,220
-1,9,224
1,9,226
-1,9,243
2,9,245
1,9,246
-2,9,247
1,9,249
2,9,250
3,9,251
2,9,252
3,9,253
0,9,255
1,9,256
2,9,257
2,9,258
2,9,259
6,9,260
1,9,261
2,9,262
4,9,263
3,9,266
2,9,267
1,9,268
1,9,269
1,9,272
2,9,273
1,9,276
1,9,277
2,9,282
1,9,289
1,9,290
1,9,298
1,9,304
1,9,305
1,9,316
-1,9,323
1,9,559
1,9,707
1,10,-20
1,10,-12
1,10,-11
-1,10,-10
1,10,-7
4,10,-6
-1,10,-5
3,10,-4
-6,10,-3
2,10,-2
8,10,-1
12,10,0
-1,10,1
14,10,2
0,10,3
17,10,4
12,10,5
17,10,6
1,10,7
6,10,8
7,10,9
9,10,10
16,10,11
11,10,12
12,10,13
5,10,14
13,10,15
16,10,16
8,10,17
2,10,18
4,10,19
8,10,20
13,10,21
10,10,22
4,10,23
1,10,24
8,10,25
9,10,26
7,10,27
0,10,28
9,10,29
-2,10,30
7,10,31
6,10,32
-4,10,33
4,10,34
4,10,36
5,10,37
1,10,38
1,10,39
-5,10,40
1,10,41
3,10,42
3,10,43
-5,10,44
-2,10,45
0,10,46
3,10,47
1,10,48
2,10,49
1,10,50
-2,10,51
2,10,52
-2,10,53
0,10,54
-1,10,55
-3,10,56
0,10,57
-1,10,58
-5,10,59
1,10,60
-2,10,61
2,10,62
-7,10,63
2,10,64
-1,10,65
-3,10,66
1,10,67
-2,10,68
-3,10,69
1,10,70
-2,10,71
-3,10,72
2,10,73
2,10,74
-1,10,76
-1,10,77
3,10,78
2,10,79
2,10,80
-2,10,81
1,10,82
-2,10,83
1,10,84
1,10,85
-2,10,86
-1,10,87
1,10,88
1,10,89
3,10,90
1,10,91
-2,10,93
1,10,94
0,10,96
-1,10,97
2,10,98
5,10,99
-4,10,100
1,10,101
0,10,102
-1,10,103
-1,10,104
1,10,105
0,10,106
-1,10,107
1,10,109
1,10,111
-1,10,112
1,10,114
-2,10,115
1,10,116
-1,10,117
-1,10,120
-1,10,122
0,10,123
-1,10,124
0,10,125
0,10,126
-1,10,130
2,10,131
-1,10,132
1,10,135
1,10,136
1,10,137
1,10,138
1,10,140
-1,10,141
-3,10,143
1,10,144
-7,10,145
-1,10,146
-1,10,147
-1,10,148
1,10,149
-1,10,150
-1,10,151
1,10,152
-3,10,153
-3,10,155
-1,10,156
1,10,157
0,10,158
1,10,159
-4,10,160
1,10,162
-1,10,163
1,10,164
-1,10,168
-2,10,169
-1,10,171
3,10,172
0,10,173
-2,10,174
0,10,178
-1,10,179
-1,10,181
-1,10,183
-1,10,184
-1,10,186
0,10,188
-1,10,189
-1,10,192
1,10,193
-4,10,194
-2,10,196
2,10,197
-7,10,201
-2,10,202
-2,10,203
-2,10,204
-2,10,205
-3,10,207
-1,10,210
-1,10,212
-2,10,215
-2,10,216
1,10,218
-1,10,220
1,10,221
-1,10,222
-1,10,223
-1,10,224
-4,10,227
-1,10,229
-1,10,230
-2,10,231
-3,10,233
-1,10,235
-1,10,236
-1,10,238
-1,10,239
-2,10,242
-1,10,243
-4,10,244
-2,10,245
0,10,246
-1,10,247
-2,10,248
2,10,249
0,10,250
1,10,251
5,10,252
2,10,254
2,10,255
4,10,256
2,10,257
0,10,258
2,10,259
1,10,260
-1,10,261
2,10,263
-2,10,265
0,10,267
3,10,268
3,10,269
1,10,272
1,10,273
1,10,274
-1,10,278
1,10,280
1,10,285
1,10,287
1,10,293
2,10,294
2,10,301
1,10,309
-1,10,405
-1,10,409
0,11,-19
-1,11,-13
1,11,-10
2,11,-8
3,11,-7
-1,11,-6
5,11,-5
6,11,-4
6,11,-3
4,11,-2
7,11,-1
-3,11,0
17,11,1
5,11,2
6,11,3
6,11,4
28,11,5
29,11,6
6,11,7
18,11,8
6,11,9
22,11,10
22,11,11
9,11,12
10,11,13
10,11,14
10,11,15
24,11,16
14,11,17
9,11,18
4,11,19
12,11,20
22,11,21
11,11,22
6,11,23
8,11,24
7,11,25
-1,11,26
3,11,27
2,11,28
3,11,29
1,11,30
9,11,31
9,11,32
3,11,33
1,11,34
2,11,35
-6,11,36
8,11,37
5,11,38
2,11,39
-7,11,40
2,11,41
-7,11,42
1,11,43
1,11,44
-4,11,45
1,11,46
-3,11,47
2,11,48
-3,11,49
2,11,50
-10,11,51
-1,11,52
-1,11,53
-1,11,54
-3,11,55
1,11,56
0,11,57
-1,11,58
3,11,59
1,11,60
-2,11,61
3,11,62
-3,11,63
0,11,64
1,11,66
3,11,67
2,11,68
2,11,69
-4,11,70
1,11,71
2,11,72
1,11,73
0,11,74
2,11,75
-3,11,76
0,11,77
-1,11,78
0,11,79
0,11,80
-4,11,82
1,11,83
2,11,84
2,11,85
-4,11,87
2,11,88
-1,11,89
1,11,90
2,11,92
-1,11,93
2,11,94
-2,11,95
1,11,98
-4,11,99
0,11,100
-2,11,101
1,11,102
1,11,103
-1,11,104
5,11,105
1,11,106
2,11,107
1,11,109
0,11,110
1,11,111
1,11,113
4,11,115
2,11,116
-1,11,117
2,11,119
3,11,120
2,11,122
-1,11,123
-2,11,125
-1,11,127
0,11,129
1,11,131
-2,11,133
1,11,135
-2,11,137
1,11,138
-1,11,140
1,11,141
-1,11,143
-2,11,144
-3,11,145
0,11,146
2,11,147
1,11,148
1,11,149
-2,11,150
1,11,151
-1,11,152
1,11,153
1,11,154
1,11,155
-3,11,156
3,11,158
-3,11,163
1,11,164
-3,11,165
0,11,167
-1,11,171
1,11,172
-3,11,175
-4,11,177
-1,11,179
-2,11,181
-2,11,184
1,11,185
-1,11,188
-2,11,189
0,11,190
-1,11,192
2,11,193
-6,11,194
-2,11,197
-2,11,198
-1,11,199
-1,11,201
-3,11,204
-1,11,205
-1,11,207
1,11,209
-1,11,215
1,11,216
-2,11,226
-1,11,240
-2,11,241
-1,11,242
-2,11,243
-2,11,245
3,11,246
-3,11,247
-2,11,248
-1,11,249
-1,11,250
-4,11,251
2,11,252
-1,11,253
1,11,255
2,11,256
2,11,257
6,11,258
1,11,259
3,11,260
2,11,261
4,11,262
2,11,263
1,11,264
1,11,265
1,11,266
3,11,267
3,11,268
1,11,269
-1,11,270
1,11,272
2,11,274
1,11,276
1,11,288
1,11,290
0,11,291
1,11,294
-1,11,312
1,11,318
1,11,521
-1,11,700
2,12,-10
-1,12,-8
1,12,-6
2,12,-5
9,12,-4
-1,12,-3
-6,12,-1
10,12,0
2,12,1
4,12,2
-5,12,3
19,12,4
11,12,5
16,12,6
5,12,7
4,12,8
10,12,9
-4,12,10
20,12,11
6,12,12
13,12,13
3,12,14
11,12,15
3,12,16
8,12,17
-4,12,18
8,12,19
7,12,20
10,12,21
9,12,22
1,12,23
9,12,24
4,12,25
5,12,26
7,12,27
1,12,28
6,12,29
3,12,30
-1,12,31
7,12,32
0,12,33
1,12,34
0,12,36
2,12,37
-1,12,38
-1,12,40
0,12,41
2,12,42
2,12,43
-3,12,44
-3,12,45
-1,12,46
1,12,47
-4,12,48
0,12,49
1,12,50
-1,12,51
0,12,52
-5,12,53
-2,12,55
-2,12,56
3,12,57
3,12,58
3,12,59
2,12,60
-5,12,61
0,12,62
1,12,63
2,12,64
-2,12,66
0,12,67
1,12,68
2,12,69
-3,12,70
1,12,71
-3,12,72
3,12,73
4,12,74
3,12,75
0,12,76
1,12,77
-1,12,78
2,12,79
0,12,81
0,12,82
1,12,84
1,12,85
1,12,87
1,12,89
-1,12,90
1,12,91
1,12,92
-1,12,93
1,12,97
3,12,98
2,12,99
3,12,101
1,12,104
3,12,105
-2,12,106
3,12,108
-1,12,109
2,12,111
-1,12,113
1,12,114
-2,12,115
-1,12,119
1,12,120
2,12,121
2,12,122
2,12,126
1,12,127
-1,12,128
-1,12,130
1,12,131
-2,12,134
-1,12,136
1,12,137
1,12,138
-1,12,141
2,12,142
-1,12,143
-1,12,145
0,12,147
1,12,150
1,12,151
-1,12,154
-2,12,156
1,12,158
1,12,159
-1,12,160
1,12,161
1,12,163
-1,12,164
-3,12,166
1,12,169
1,12,171
0,12,173
-1,12,175
-1,12,177
-3,12,181
-2,12,186
-1,12,188
0,12,190
1,12,192
1,12,193
-1,12,194
-4,12,201
1,12,204
-2,12,207
-2,12,216
-2,12,218
-1,12,223
-1,12,224
-2,12,225
-1,12,227
-2,12,229
-1,12,231
-4,12,233
-1,12,236
1,12,237
-1,12,238
-3,12,239
-1,12,240
-2,12,242
-1,12,244
-4,12,246
2,12,247
0,12,249
-2,12,250
2,12,251
0,12,252
2,12,253
2,12,255
1,12,256
3,12,257
2,12,258
1,12,260
4,12,261
2,12,262
1,12,263
2,12,264
1,12,266
2,12,267
1,12,268
1,12,269
1,12,271
2,12,272
1,12,273
2,12,277
1,12,278
1,12,285
1,12,295
1,12,306
1,12,309
1,13,-21
1,13,-17
1,13,-10
1,13,-8
2,13,-7
1,13,-6
1,13,-5
5,13,-4
2,13,-3
2,13,-2
8,13,-1
8,13,0
14,13,1
6,13,2
7,13,3
17,13,4
19,13,5
21,13,6
8,13,7
7,13,8
12,13,9
13,13,10
16,13,11
-1,13,12
8,13,13
11,13,14
17,13,15
13,13,16
11,13,17
7,13,18
7,13,19
7,13,20
7,13,21
7,13,22
4,13,23
1,13,24
5,13,25
6,13,26
12,13,27
0,13,28
9,13,29
1,13,30
4,13,31
3,13,32
1,13,33
6,13,34
-2,13,35
1,13,36
3,13,37
2,13,38
2,13,39
3,13,40
-1,13,41
2,13,42
-1,13,43
0,13,45
2,13,46
3,13,47
3,13,48
2,13,49
-4,13,51
2,13,52
0,13,53
1,13,54
6,13,55
1,13,56
5,13,58
1,13,59
2,13,60
-2,13,61
1,13,62
1,13,63
7,13,64
2,13,65
1,13,66
2,13,67
1,13,69
3,13,71
0,13,72
4,13,73
2,13,75
0,13,77
4,13,78
4,13,79
1,13,80
-1,13,81
-2,13,82
1,13,83
1,13,84
2,13,85
-1,13,86
-1,13,87
2,13,88
0,13,89
4,13,90
-1,13,92
2,13,93
3,13,95
0,13,97
1,13,98
2,13,99
-1,13,100
1,13,101
3,13,102
1,13,103
-1,13,104
3,13,105
1,13,110
2,13,111
1,13,113
1,13,115
1,13,117
1,13,118
1,13,120
1,13,125
2,13,126
1,13,127
2,13,130
1,13,132
1,13,134
-1,13,137
1,13,138
-1,13,140
0,13,143
1,13,149
1,13,150
-1,13,156
2,13,157
2,13,158
1,13,160
1,13,161
1,13,162
1,13,164
1,13,168
-1,13,169
0,13,173
1,13,177
1,13,180
0,13,181
1,13,182
-1,13,183
-1,13,186
-1,13,189
1,13,190
-1,13,191
-1,13,194
-1,13,197
1,13,201
1,13,205
1,13,206
1,13,207
-1,13,210
-1,13,212
1,13,240
-1,13,241
1,13,242
1,13,243
3,13,246
1,13,247
1,13,248
0,13,250
1,13,252
-1,13,253
1,13,254
2,13,256
7,13,257
5,13,258
1,13,260
4,13,261
4,13,262
2,13,263
1,13,265
1,13,267
1,13,268
1,13,269
1,13,270
1,13,271
1,13,272
1,13,274
1,13,276
1,13,279
1,13,284
2,13,288
1,13,290
1,13,294
1,13,304
1,13,309
1,13,529
1,13,668
1,14,-17
2,14,-9
1,14,-8
1,14,-5
1,14,-4
1,14,-3
0,14,-1
-6,14,0
2,14,1
1,14,2
1,14,3
2,14,4
5,14,5
5,14,6
8,14,7
1,14,8
-1,14,9
6,14,10
6,14,11
3,14,12
2,14,13
5,14,14
4,14,15
6,14,16
2,14,17
1,14,18
2,14,19
8,14,20
1,14,21
3,14,22
-2,14,23
3,14,24
4,14,25
5,14,26
5,14,27
0,14,28
2,14,29
2,14,30
-5,14,31
4,14,32
0,14,33
2,14,34
1,14,35
0,14,36
2,14,37
-1,14,38
1,14,39
2,14,40
0,14,41
1,14,43
-2,14,44
-2,14,46
-3,14,47
-3,14,48
-1,14,49
1,14,50
1,14,51
2,14,52
-6,14,53
-1,14,54
0,14,55
3,14,56
-3,14,57
-1,14,59
2,14,60
-5,14,61
0,14,62
-4,14,63
-1,14,65
-2,14,66
2,14,67
-1,14,68
-4,14,70
-4,14,74
-2,14,75
1,14,76
1,14,77
-3,14,78
-1,14,81
-4,14,87
1,14,88
1,14,89
-6,14,91
1,14,93
1,14,94
-1,14,98
2,14,104
1,14,105
0,14,108
1,14,110
0,14,112
-3,14,114
1,14,119
-1,14,125
-1,14,127
-1,14,128
1,14,129
-1,14,131
-1,14,132
1,14,133
-1,14,134
-2,14,141
1,14,142
-2,14,143
-3,14,146
-1,14,147
0,14,149
-1,14,153
0,14,154
-2,14,155
-1,14,158
-1,14,160
-1,14,162
-1,14,164
-2,14,166
1,14,168
-1,14,171
-1,14,175
1,14,176
-1,14,179
-2,14,181
-3,14,184
-1,14,186
0,14,188
-1,14,190
-1,14,192
-2,14,196
-1,14,203
-1,14,211
-1,14,224
-3,14,225
1,14,226
-2,14,231
-2,14,233
-1,14,243
-1,14,244
0,14,247
-1,14,249
-1,14,250
2,14,251
1,14,253
0,14,255
1,14,257
2,14,258
-2,14,259
1,14,260
1,14,262
1,14,263
-2,14,264
1,14,266
1,14,268
-1,14,270
-1,14,274
-1,14,276
1,14,278
-1,14,301
1,14,319
-1,14,557
-1,15,-28
-1,15,-16
1,15,-11
3,15,-10
1,15,-9
1,15,-8
3,15,-7
3,15,-5
1,15,-4
2,15,-3
2,15,-2
9,15,-1
3,15,0
17,15,1
10,15,2
5,15,3
15,15,4
16,15,5
22,15,6
9,15,7
18,15,8
4,15,9
8,15,10
11,15,11
4,15,12
10,15,13
8,15,14
14,15,15
18,15,16
8,15,17
6,15,18
1,15,19
7,15,20
3,15,21
5,15,22
1,15,23
4,15,24
7,15,25
3,15,26
6,15,27
2,15,28
6,15,29
3,15,30
1,15,31
5,15,32
0,15,33
3,15,34
0,15,35
4,15,36
1,15,37
1,15,39
3,15,40
2,15,41
1,15,42
2,15,43
3,15,44
2,15,45
1,15,46
2,15,47
2,15,48
-2,15,49
3,15,50
-1,15,51
-2,15,53
3,15,55
-1,15,56
2,15,57
3,15,58
2,15,59
1,15,60
-1,15,61
1,15,62
2,15,64
1,15,65
1,15,66
-3,15,68
1,15,69
1,15,70
0,15,72
2,15,73
-1,15,74
1,15,75
2,15,76
1,15,77
1,15,78
1,15,79
-1,15,82
1,15,83
1,15,84
3,15,85
-1,15,86
1,15,87
1,15,88
1,15,89
1,15,90
0,15,91
2,15,93
3,15,94
0,15,95
1,15,96
1,15,97
2,15,98
2,15,99
1,15,100
-1,15,102
1,15,103
2,15,104
2,15,105
2,15,109
1,15,110
1,15,111
1,15,112
2,15,119
2,15,122
-1,15,123
1,15,126
2,15,129
-2,15,135
-1,15,137
1,15,145
0,15,146
1,15,148
-1,15,150
2,15,151
0,15,153
1,15,154
0,15,155
1,15,158
1,15,159
-1,15,161
0,15,164
-1,15,166
1,15,167
1,15,172
-2,15,176
0,15,178
0,15,179
-1,15,183
-1,15,184
0,15,191
-1,15,194
1,15,195
-1,15,196
1,15,201
-1,15,202
-2,15,204
-1,15,209
-1,15,210
2,15,215
1,15,222
1,15,235
1,15,239
-2,15,240
-2,15,242
-1,15,243
-1,15,245
1,15,248
3,15,251
1,15,252
2,15,253
1,15,254
4,15,256
1,15,257
3,15,258
2,15,259
1,15,260
2,15,261
4,15,262
1,15,263
3,15,264
1,15,266
1,15,267
3,15,268
2,15,269
1,15,272
1,15,275
1,15,277
1,15,278
1,15,281
-1,15,284
1,15,314
1,15,435
-1,16,-16
-1,16,-13
2,16,-12
-1,16,-10
-3,16,-8
1,16,-7
0,16,-6
6,16,-5
9,16,-4
-4,16,-3
2,16,-2
6,16,-1
-18,16,0
-19,16,1
7,16,2
-3,16,3
12,16,4
-31,16,5
15,16,6
-10,16,7
16,16,8
6,16,9
3,16,10
20,16,11
-26,16,12
10,16,13
11,16,14
10,16,15
13,16,16
12,16,17
-4,16,18
1,16,19
17,16,20
2,16,21
5,16,22
-7,16,23
4,16,24
7,16,25
-1,16,26
3,16,27
2,16,28
9,16,29
1,16,30
-1,16,31
3,16,32
-3,16,33
3,16,34
3,16,35
2,16,36
2,16,37
2,16,38
2,16,39
-5,16,40
6,16,41
-3,16,42
3,16,43
-3,16,44
0,16,45
1,16,46
1,16,47
-3,16,48
-4,16,49
4,16,50
-5,16,51
6,16,52
-10,16,53
-2,16,54
3,16,55
-1,16,56
-17,16,57
3,16,58
2,16,59
-5,16,61
0,16,62
-1,16,63
5,16,64
-2,16,65
2,16,66
2,16,67
-4,16,68
2,16,69
-4,16,70
-1,16,71
-4,16,72
0,16,73
3,16,74
0,16,75
-3,16,76
1,16,77
-8,16,78
1,16,80
-2,16,81
-5,16,82
0,16,84
-5,16,85
0,16,86
-1,16,89
3,16,90
-4,16,91
2,16,92
-2,16,93
-3,16,95
1,16,96
3,16,98
-3,16,99
0,16,100
3,16,101
-2,16,102
1,16,103
-1,16,104
2,16,106
1,16,109
3,16,110
0,16,111
-1,16,112
-1,16,114
0,16,115
1,16,117
1,16,119
-2,16,120
2,16,121
0,16,122
-1,16,125
-1,16,127
-1,16,129
0,16,132
-1,16,133
-1,16,134
1,16,135
-1,16,136
-2,16,141
-2,16,143
2,16,147
-1,16,149
-4,16,150
0,16,151
1,16,152
0,16,153
4,16,155
-2,16,156
2,16,157
-4,16,158
2,16,159
-2,16,160
1,16,162
-2,16,163
0,16,164
-1,16,166
1,16,168
-1,16,169
-3,16,171
-3,16,173
-1,16,175
-1,16,178
-8,16,179
1,16,183
-2,16,186
-1,16,187
-1,16,188
-1,16,189
-1,16,190
-1,16,192
2,16,193
-4,16,194
-2,16,196
-1,16,198
-3,16,199
-5,16,201
-3,16,203
-2,16,205
0,16,206
-1,16,207
-3,16,209
-1,16,211
-1,16,212
1,16,213
-1,16,215
-1,16,217
-1,16,220
-1,16,230
1,16,231
-3,16,233
-2,16,235
-1,16,236
-2,16,238
-2,16,241
-2,16,242
-2,16,243
-2,16,244
-1,16,245
-2,16,246
-2,16,247
1,16,248
-2,16,249
-2,16,250
1,16,251
-1,16,252
-1,16,253
-1,16,254
-1,16,255
2,16,256
-3,16,257
5,16,258
-1,16,259
2,16,260
2,16,261
7,16,262
4,16,263
-1,16,264
6,16,267
0,16,268
2,16,269
-1,16,270
1,16,271
1,16,272
1,16,273
2,16,274
-1,16,276
1,16,278
2,16,281
1,16,284
1,16,285
1,16,287
1,16,289
-1,16,291
1,16,299
1,16,307
1,16,418
1,17,-13
1,17,-8
4,17,-5
3,17,-4
2,17,-3
2,17,-2
1,17,-1
4,17,0
8,17,1
1,17,2
7,17,3
6,17,4
5,17,5
13,17,6
8,17,7
13,17,8
6,17,9
14,17,10
14,17,11
6,17,12
15,17,13
6,17,14
14,17,15
12,17,16
10,17,17
5,17,18
8,17,19
10,17,20
8,17,21
8,17,22
2,17,23
3,17,24
3,17,25
8,17,26
14,17,27
18,17,29
5,17,30
3,17,31
6,17,32
1,17,33
6,17,34
5,17,35
4,17,36
1,17,37
2,17,38
2,17,39
4,17,41
2,17,43
1,17,44
3,17,46
2,17,47
2,17,48
2,17,49
4,17,50
3,17,51
1,17,52
1,17,53
1,17,54
1,17,55
2,17,56
2,17,57
3,17,59
2,17,60
3,17,61
2,17,62
1,17,63
1,17,65
2,17,67
2,17,68
3,17,69
1,17,70
1,17,71
2,17,74
1,17,75
0,17,76
1,17,77
1,17,78
1,17,79
3,17,80
1,17,81
1,17,84
1,17,85
1,17,87
1,17,88
2,17,89
1,17,90
1,17,91
2,17,92
2,17,94
2,17,95
2,17,96
1,17,98
2,17,101
2,17,103
2,17,104
1,17,105
1,17,106
1,17,110
2,17,113
3,17,115
2,17,116
1,17,117
1,17,118
2,17,121
1,17,122
3,17,125
1,17,126
1,17,128
2,17,129
1,17,131
3,17,132
1,17,136
1,17,137
3,17,148
1,17,150
1,17,151
1,17,152
1,17,159
1,17,163
1,17,164
1,17,168
1,17,171
1,17,172
1,17,178
1,17,179
1,17,185
1,17,187
1,17,189
1,17,192
1,17,193
1,17,194
1,17,245
1,17,246
2,17,247
-1,17,250
2,17,251
1,17,252
5,17,253
1,17,254
2,17,255
1,17,257
1,17,258
1,17,259
1,17,260
3,17,261
4,17,264
2,17,267
5,17,268
1,17,269
1,17,272
1,17,274
1,17,279
1,17,281
1,17,310
1,17,312
1,17,598
0,18,-18
1,18,-16
-1,18,-14
-2,18,-13
2,18,-8
-4,18,-6
2,18,-5
2,18,-4
0,18,-3
0,18,-2
4,18,-1
-11,18,0
3,18,1
-1,18,2
-3,18,3
11,18,4
7,18,5
12,18,6
7,18,7
2,18,8
3,18,9
8,18,10
9,18,11
-7,18,12
13,18,13
4,18,14
4,18,15
13,18,16
12,18,17
0,18,18
2,18,19
10,18,20
11,18,21
11,18,22
-2,18,23
6,18,24
6,18,25
7,18,26
3,18,27
-2,18,28
4,18,29
4,18,30
3,18,31
2,18,32
2,18,33
0,18,34
2,18,35
-3,18,36
4,18,37
1,18,38
-7,18,40
4,18,41
-1,18,42
2,18,43
-3,18,44
-1,18,45
1,18,46
2,18,47
1,18,48
-3,18,49
3,18,50
0,18,51
4,18,52
3,18,53
2,18,54
-1,18,55
0,18,56
-2,18,57
2,18,58
-7,18,59
2,18,60
-4,18,61
-2,18,63
3,18,64
1,18,65
-2,18,66
3,18,67
-1,18,68
1,18,69
-2,18,70
1,18,71
-4,18,72
1,18,73
-3,18,74
1,18,75
-4,18,76
0,18,78
0,18,79
0,18,80
-1,18,81
-5,18,82
0,18,83
-1,18,84
-1,18,85
-2,18,87
1,18,88
-3,18,89
-3,18,91
-1,18,92
-1,18,93
2,18,94
-1,18,95
4,18,96
0,18,97
1,18,98
-2,18,99
1,18,100
-1,18,101
2,18,103
1,18,105
0,18,106
1,18,108
2,18,109
1,18,110
2,18,111
-1,18,112
-1,18,115
-2,18,116
-1,18,117
-1,18,118
1,18,119
1,18,124
0,18,128
1,18,132
-2,18,133
-1,18,135
0,18,136
-2,18,137
1,18,138
-1,18,141
-4,18,143
-1,18,144
-3,18,145
-2,18,146
-3,18,149
-1,18,150
2,18,153
-1,18,154
2,18,157
0,18,158
-3,18,160
2,18,161
1,18,162
-4,18,163
-1,18,165
1,18,166
0,18,167
1,18,168
-4,18,169
-1,18,171
0,18,173
1,18,174
-2,18,177
-1,18,178
-3,18,179
1,18,180
-1,18,181
1,18,182
1,18,184
-2,18,187
-1,18,188
-1,18,194
1,18,195
-1,18,196
-1,18,197
-3,18,198
-2,18,200
-2,18,201
-2,18,203
-1,18,205
1,18,206
-3,18,207
-1,18,209
-1,18,215
-2,18,217
-1,18,219
-1,18,225
-1,18,227
-1,18,231
1,18,241
-1,18,242
-1,18,243
-1,18,244
1,18,246
-3,18,247
2,18,248
-1,18,249
-2,18,250
0,18,251
1,18,252
2,18,253
1,18,254
2,18,255
3,18,256
1,18,257
0,18,259
1,18,260
1,18,261
7,18,262
3,18,263
1,18,264
2,18,265
1,18,267
1,18,268
1,18,270
2,18,272
2,18,273
1,18,275
1,18,276
0,18,278
1,18,279
1,18,285
1,18,291
1,18,297
1,18,305
2,18,309
1,18,312
-1,18,367
-1,18,396
-1,18,407
1,19,-3
2,19,-1
3,19,0
1,19,1
3,19,2
5,19,3
4,19,4
1,19,5
3,19,6
2,19,8
4,19,9
3,19,10
10,19,11
3,19,12
6,19,13
2,19,14
2,19,15
8,19,16
4,19,17
1,19,18
1,19,19
3,19,20
4,19,21
6,19,22
0,19,23
5,19,25
1,19,26
2,19,29
1,19,30
4,19,31
0,19,32
-1,19,35
1,19,36
1,19,39
0,19,41
1,19,42
0,19,43
1,19,46
-1,19,47
1,19,48
-1,19,49
-2,19,54
-2,19,56
1,19,57
1,19,59
1,19,61
2,19,62
1,19,63
1,19,64
1,19,72
-1,19,73
-1,19,75
1,19,78
1,19,84
1,19,90
1,19,92
-2,19,93
1,19,115
0,19,121
1,19,125
1,19,129
1,19,131
-1,19,134
1,19,138
-1,19,140
-1,19,145
1,19,158
1,19,161
-1,19,162
-1,19,175
-1,19,179
1,19,180
1,19,183
1,19,185
-1,19,186
1,19,187
-1,19,225
-1,19,227
-2,19,229
-2,19,231
-1,19,233
1,19,246
1,19,247
1,19,251
2,19,253
2,19,254
1,19,255
1,19,257
2,19,258
1,19,259
2,19,260
1,19,261
1,19,262
1,19,271
1,19,274
1,19,278
1,19,279
1,19,283
1,19,307
-1,20,-8
3,20,-6
2,20,-5
3,20,-4
-1,20,-3
1,20,-2
4,20,-1
-2,20,0
11,20,1
3,20,2
3,20,3
10,20,4
11,20,5
10,20,6
6,20,7
5,20,8
6,20,9
14,20,10
22,20,11
0,20,12
13,20,13
5,20,14
14,20,15
18,20,16
4,20,17
8,20,18
7,20,19
7,20,20
14,20,21
12,20,22
3,20,23
5,20,24
11,20,25
6,20,26
11,20,27
-1,20,28
5,20,29
4,20,30
1,20,31
3,20,32
2,20,33
6,20,34
-1,20,35
-1,20,36
4,20,37
-1,20,38
2,20,39
0,20,40
1,20,41
1,20,42
3,20,43
0,20,45
-1,20,46
2,20,47
-2,20,48
-2,20,49
4,20,50
0,20,51
1,20,52
0,20,53
-1,20,54
1,20,55
-4,20,56
-1,20,57
2,20,58
-1,20,59
2,20,60
-1,20,61
4,20,62
-1,20,63
-1,20,64
0,20,66
1,20,67
-2,20,68
1,20,69
1,20,70
4,20,71
-1,20,72
1,20,73
1,20,74
1,20,76
-1,20,77
3,20,79
2,20,80
-1,20,81
-2,20,82
0,20,83
1,20,84
0,20,87
0,20,89
1,20,90
0,20,91
1,20,92
-1,20,94
2,20,96
0,20,98
1,20,99
-1,20,100
1,20,101
1,20,104
3,20,105
0,20,106
1,20,109
1,20,110
0,20,115
1,20,116
2,20,119
2,20,121
-1,20,123
1,20,125
1,20,126
-1,20,128
1,20,129
0,20,130
1,20,131
-1,20,133
-2,20,135
1,20,137
2,20,138
-1,20,141
1,20,143
1,20,145
2,20,146
-2,20,148
-1,20,149
2,20,153
-1,20,154
0,20,155
-1,20,156
-1,20,158
1,20,159
0,20,162
1,20,163
-1,20,164
-1,20,169
1,20,173
-3,20,176
-1,20,179
1,20,181
-2,20,184
-1,20,187
-1,20,190
-2,20,194
1,20,197
0,20,199
0,20,203
-1,20,204
-1,20,207
-1,20,209
-1,20,212
-1,20,213
-1,20,216
-1,20,240
-1,20,242
-1,20,243
-2,20,244
-1,20,245
-2,20,246
1,20,247
-3,20,248
-3,20,250
3,20,251
0,20,252
1,20,253
0,20,254
5,20,255
4,20,256
1,20,257
1,20,258
0,20,259
2,20,260
-2,20,261
3,20,263
1,20,264
0,20,265
1,20,267
2,20,268
1,20,271
1,20,272
2,20,273
-1,20,274
1,20,287
1,20,294
1,20,306
-1,20,391
-1,20,415
-1,20,432
1,20,501
-1,20,521
1,20,663
-1,20,681
1,20,773
1,21,-10
1,21,-9
1,21,-8
1,21,-7
1,21,-6
1,21,-5
1,21,-4
-1,21,-3
0,21,-1
2,21,0
5,21,1
-2,21,2
3,21,3
7,21,4
4,21,5
8,21,6
3,21,7
15,21,8
2,21,9
11,21,10
13,21,11
1,21,12
8,21,13
10,21,14
9,21,15
12,21,16
9,21,17
5,21,18
1,21,19
8,21,20
9,21,21
12,21,22
4,21,23
4,21,24
4,21,25
4,21,26
6,21,27
0,21,28
5,21,29
4,21,30
4,21,31
3,21,32
-1,21,33
4,21,34
2,21,35
-2,21,36
5,21,37
4,21,38
4,21,39
1,21,40
-1,21,41
2,21,42
5,21,43
2,21,45
2,21,46
3,21,47
1,21,48
-2,21,49
3,21,50
0,21,51
1,21,52
1,21,53
2,21,54
2,21,55
0,21,56
-2,21,58
4,21,59
-2,21,61
0,21,62
1,21,63
-2,21,64
0,21,66
1,21,67
2,21,68
1,21,69
-1,21,71
-2,21,72
1,21,73
-1,21,74
-1,21,75
1,21,76
1,21,77
1,21,78
-1,21,79
1,21,80
0,21,82
1,21,83
1,21,84
-1,21,86
3,21,89
1,21,90
1,21,91
1,21,92
0,21,94
-1,21,95
1,21,96
-1,21,97
1,21,98
2,21,99
1,21,101
0,21,103
1,21,105
1,21,113
0,21,115
3,21,116
1,21,117
1,21,119
0,21,121
1,21,122
-1,21,123
1,21,126
0,21,132
1,21,134
1,21,136
1,21,138
1,21,139
1,21,142
1,21,147
-1,21,149
-1,21,151
1,21,152
0,21,153
-3,21,155
-1,21,156
1,21,157
-1,21,160
-1,21,161
1,21,162
1,21,164
-1,21,166
0,21,168
1,21,172
-1,21,174
-1,21,178
1,21,179
0,21,181
-1,21,183
-1,21,184
1,21,185
0,21,186
-1,21,188
-2,21,192
-1,21,194
-1,21,197
-1,21,201
-1,21,204
-1,21,209
0,21,210
-1,21,214
-1,21,219
-2,21,224
-1,21,240
-1,21,243
-1,21,245
-1,21,246
0,21,247
1,21,248
-1,21,249
1,21,251
1,21,252
2,21,253
1,21,254
-1,21,255
4,21,256
2,21,257
1,21,258
2,21,260
2,21,262
1,21,263
1,21,264
-1,21,265
-1,21,266
2,21,267
4,21,272
-1,21,275
1,21,278
1,21,280
1,21,285
1,21,304
1,21,426
1,22,-13
1,22,-11
2,22,-10
1,22,-8
2,22,-6
2,22,-5
3,22,-4
2,22,-3
-1,22,-2
5,22,-1
-3,22,0
8,22,1
3,22,2
5,22,3
3,22,4
14,22,5
15,22,6
-2,22,7
16,22,8
-2,22,9
15,22,10
5,22,11
8,22,12
1,22,13
11,22,14
12,22,15
11,22,16
10,22,17
10,22,18
2,22,19
16,22,20
8,22,21
11,22,22
2,22,23
7,22,24
5,22,25
1,22,26
8,22,27
-2,22,28
8,22,29
2,22,30
10,22,31
2,22,32
1,22,33
0,22,34
4,22,35
1,22,36
3,22,37
-1,22,38
1,22,39
0,22,40
2,22,41
4,22,42
2,22,43
-1,22,45
1,22,46
-1,22,47
1,22,48
0,22,49
0,22,50
-3,22,51
6,22,52
-2,22,53
1,22,54
3,22,55
2,22,56
-5,22,57
2,22,58
2,22,59
-5,22,61
3,22,62
-2,22,63
4,22,64
1,22,66
1,22,67
-1,22,68
-3,22,70
2,22,71
-1,22,72
1,22,73
-2,22,74
-1,22,76
-3,22,78
2,22,79
-1,22,80
1,22,81
2,22,82
3,22,83
1,22,84
-2,22,85
-1,22,87
1,22,90
-2,22,91
1,22,94
2,22,95
1,22,98
-2,22,99
2,22,100
-1,22,101
0,22,104
1,22,105
1,22,106
-1,22,108
1,22,110
3,22,113
2,22,115
-2,22,118
1,22,119
-1,22,127
2,22,132
-1,22,133
-2,22,135
1,22,137
1,22,138
0,22,141
-1,22,144
-1,22,146
-1,22,148
-2,22,150
1,22,151
0,22,152
1,22,153
1,22,160
-2,22,163
-1,22,165
-1,22,169
1,22,170
-1,22,171
-2,22,173
1,22,174
2,22,177
-1,22,179
1,22,183
1,22,185
0,22,190
-1,22,198
-1,22,211
-1,22,215
-2,22,224
1,22,228
-2,22,241
1,22,243
1,22,245
1,22,246
1,22,247
2,22,248
-2,22,249
1,22,250
5,22,251
1,22,253
-1,22,255
5,22,256
0,22,257
1,22,258
0,22,259
3,22,260
3,22,261
2,22,262
3,22,263
3,22,265
2,22,266
2,22,267
1,22,268
0,22,270
1,22,272
1,22,273
-1,22,278
1,22,280
1,22,281
1,22,288
1,22,289
1,22,292
1,22,293
1,22,299
-2,22,304
1,22,439
1,23,-10
-1,23,-8
2,23,-5
1,23,-4
-6,23,-3
0,23,-1
-1,23,0
-19,23,1
0,23,2
-3,23,3
4,23,4
-17,23,5
6,23,6
3,23,7
4,23,8
5,23,9
1,23,10
12,23,11
-13,23,12
4,23,13
7,23,14
10,23,15
5,23,16
8,23,17
0,23,18
4,23,19
6,23,20
3,23,21
6,23,22
3,23,23
4,23,24
2,23,25
5,23,26
1,23,27
2,23,28
6,23,29
6,23,31
2,23,32
-2,23,33
1,23,34
0,23,35
1,23,36
4,23,37
3,23,38
2,23,39
1,23,40
0,23,41
2,23,42
1,23,43
-1,23,44
1,23,45
-3,23,46
2,23,48
-1,23,49
2,23,50
-4,23,51
6,23,52
-2,23,53
2,23,54
2,23,55
1,23,56
0,23,57
2,23,58
0,23,59
1,23,60
1,23,61
4,23,62
-2,23,63
1,23,65
-2,23,66
2,23,67
0,23,68
-1,23,69
-2,23,71
1,23,72
0,23,73
2,23,74
0,23,76
1,23,77
0,23,78
-2,23,79
4,23,80
2,23,81
0,23,82
-1,23,84
0,23,86
1,23,89
-1,23,90
0,23,92
-1,23,93
1,23,94
-1,23,95
-1,23,98
0,23,100
1,23,101
-1,23,102
1,23,105
2,23,108
-1,23,110
-1,23,112
1,23,114
-1,23,115
1,23,117
1,23,118
1,23,120
2,23,127
1,23,131
-2,23,136
-1,23,141
-1,23,142
-1,23,143
1,23,144
-2,23,145
-1,23,149
-1,23,150
-3,23,151
-1,23,158
1,23,160
1,23,161
-3,23,162
-1,23,164
1,23,168
0,23,171
1,23,173
-2,23,177
-1,23,179
1,23,182
-2,23,184
-1,23,186
-2,23,187
-1,23,188
-1,23,189
-1,23,191
1,23,193
1,23,197
-2,23,199
-1,23,201
-1,23,204
-2,23,209
-1,23,210
1,23,211
-1,23,212
-1,23,219
-1,23,222
-2,23,223
-1,23,225
-3,23,229
-1,23,233
-1,23,235
0,23,236
-1,23,240
1,23,241
-2,23,242
0,23,243
-4,23,244
-2,23,246
1,23,247
0,23,248
2,23,249
-1,23,250
3,23,252
2,23,253
3,23,256
1,23,257
2,23,258
2,23,259
1,23,260
2,23,262
0,23,263
2,23,264
3,23,266
4,23,267
3,23,269
1,23,270
1,23,271
2,23,272
2,23,273
1,23,274
1,23,277
1,23,278
1,23,279
1,23,280
1,23,282
2,23,283
1,23,300
1,23,335
1,23,601
1,23,787
-3,24,-6
1,24,-5
1,24,-4
1,24,-3
2,24,-2
-3,24,0
4,24,1
0,24,2
0,24,3
-3,24,4
-1,24,5
4,24,6
-3,24,7
-3,24,8
-1,24,9
-5,24,10
4,24,11
1,24,12
-1,24,13
1,24,14
5,24,15
5,24,16
2,24,17
-2,24,18
1,24,19
5,24,20
1,24,21
1,24,22
-3,24,23
4,24,24
0,24,25
-1,24,26
1,24,27
-2,24,28
2,24,29
-2,24,31
-1,24,32
1,24,34
-2,24,36
-3,24,40
-1,24,41
-4,24,42
-1,24,43
-2,24,45
-1,24,46
-4,24,47
0,24,48
1,24,49
1,24,50
-1,24,51
1,24,53
-1,24,54
-1,24,55
-1,24,56
-2,24,57
1,24,58
-1,24,61
1,24,62
-3,24,63
-3,24,66
0,24,69
-1,24,70
-3,24,71
-4,24,72
1,24,75
1,24,78
-1,24,79
-1,24,81
-2,24,82
-1,24,84
-1,24,85
1,24,89
1,24,92
1,24,94
-1,24,99
-1,24,101
2,24,102
2,24,103
1,24,112
-1,24,116
-1,24,120
-1,24,129
0,24,130
-1,24,133
1,24,134
1,24,136
-1,24,143
-1,24,145
-1,24,150
-1,24,155
-1,24,158
-2,24,165
-1,24,171
-1,24,177
-1,24,179
1,24,180
-2,24,181
-1,24,183
-1,24,186
-1,24,187
-1,24,190
-1,24,198
-2,24,201
-1,24,205
-1,24,206
-2,24,210
1,24,211
-2,24,212
-1,24,214
-1,24,215
-1,24,217
-1,24,219
-1,24,220
-1,24,235
-1,24,240
-1,24,241
-1,24,243
-1,24,245
-2,24,247
-2,24,248
-1,24,251
0,24,252
-1,24,255
-1,24,257
-1,24,261
-1,24,262
2,24,263
1,24,266
1,24,277
-1,24,283
1,24,286
-1,25,-16
-1,25,-14
1,25,-10
0,25,-7
0,25,-5
1,25,-4
-2,25,-3
-2,25,-1
7,25,0
0,25,1
1,25,2
2,25,3
11,25,4
4,25,5
15,25,6
5,25,7
16,25,8
4,25,9
6,25,10
15,25,11
9,25,12
7,25,13
4,25,14
10,25,15
6,25,16
9,25,17
0,25,18
1,25,19
11,25,20
6,25,21
6,25,22
2,25,23
3,25,24
7,25,25
6,25,26
4,25,27
2,25,28
5,25,29
2,25,30
3,25,31
4,25,32
0,25,33
6,25,34
2,25,35
1,25,36
3,25,37
4,25,38
3,25,39
-1,25,40
2,25,41
0,25,42
2,25,43
1,25,44
-1,25,45
2,25,46
1,25,47
0,25,48
2,25,49
1,25,50
2,25,51
3,25,52
0,25,53
1,25,54
0,25,55
1,25,57
4,25,58
1,25,59
-1,25,61
1,25,62
0,25,63
4,25,64
-1,25,66
1,25,67
0,25,68
2,25,69
1,25,70
1,25,71
1,25,72
2,25,74
1,25,75
-3,25,76
1,25,78
2,25,79
-1,25,80
2,25,82
3,25,84
1,25,86
-2,25,87
2,25,88
-1,25,89
1,25,90
3,25,92
0,25,93
3,25,95
2,25,96
1,25,97
1,25,99
2,25,101
1,25,102
1,25,103
-1,25,104
1,25,105
1,25,106
-1,25,108
-2,25,109
2,25,110
-1,25,111
1,25,113
0,25,114
1,25,116
2,25,117
1,25,119
3,25,120
1,25,121
-1,25,124
1,25,127
2,25,130
0,25,132
1,25,133
-1,25,136
1,25,137
0,25,141
1,25,142
0,25,143
1,25,146
-2,25,147
2,25,151
-1,25,153
-1,25,156
2,25,157
1,25,158
-2,25,160
1,25,164
1,25,166
2,25,167
1,25,170
-1,25,171
-1,25,175
-4,25,179
0,25,184
1,25,190
-1,25,192
-2,25,194
-2,25,201
-1,25,203
0,25,205
-1,25,209
-1,25,214
1,25,216
1,25,219
-1,25,222
-1,25,223
-1,25,224
-1,25,229
-2,25,233
-1,25,238
-2,25,240
1,25,241
1,25,242
1,25,245
1,25,247
1,25,248
3,25,249
-2,25,250
1,25,251
1,25,252
3,25,253
1,25,254
1,25,255
1,25,256
2,25,257
5,25,258
2,25,260
1,25,261
2,25,262
2,25,263
1,25,264
-1,25,265
1,25,267
1,25,268
1,25,271
2,25,273
1,25,274
1,25,277
1,25,278
2,25,280
1,25,281
1,25,283
1,25,284
1,25,290
1,25,291
-1,25,295
1,25,306
1,25,590
1,26,-10
-1,26,-8
1,26,-5
1,26,-4
1,26,-3
0,26,-2
3,26,-1
-6,26,0
1,26,1
1,26,2
-7,26,3
2,26,4
4,26,5
6,26,6
4,26,7
9,26,8
3,26,9
10,26,10
5,26,11
7,26,12
8,26,13
4,26,14
4,26,15
5,26,16
6,26,17
3,26,18
0,26,19
4,26,20
8,26,21
7,26,22
0,26,23
3,26,24
3,26,25
-1,26,26
2,26,27
-1,26,28
1,26,29
-1,26,30
4,26,31
2,26,32
1,26,33
4,26,34
0,26,35
-1,26,36
1,26,37
5,26,38
2,26,39
1,26,40
5,26,41
2,26,42
5,26,43
1,26,45
1,26,46
2,26,47
-1,26,48
1,26,49
4,26,50
0,26,51
3,26,52
0,26,53
1,26,54
-1,26,55
1,26,56
3,26,57
0,26,58
1,26,59
1,26,60
1,26,61
1,26,62
0,26,64
1,26,65
1,26,66
-3,26,68
2,26,69
4,26,71
-3,26,72
4,26,73
-1,26,74
1,26,75
1,26,80
-1,26,81
-1,26,82
1,26,85
-1,26,86
-1,26,87
2,26,89
1,26,90
2,26,91
4,26,92
1,26,93
3,26,94
1,26,95
-1,26,97
-1,26,99
1,26,100
1,26,101
2,26,102
1,26,106
1,26,110
2,26,111
1,26,112
1,26,113
1,26,114
-3,26,116
1,26,121
2,26,122
-1,26,125
1,26,126
1,26,127
1,26,129
1,26,132
1,26,134
1,26,136
-1,26,141
1,26,142
1,26,145
-1,26,146
1,26,148
1,26,149
2,26,150
-1,26,151
1,26,156
1,26,157
2,26,158
1,26,160
-1,26,163
1,26,164
-1,26,166
1,26,167
-3,26,168
1,26,170
-1,26,171
-1,26,173
-1,26,174
-1,26,175
-1,26,178
-1,26,179
1,26,180
2,26,185
0,26,186
-1,26,187
2,26,190
-1,26,192
1,26,193
-1,26,199
-1,26,203
1,26,204
0,26,205
-1,26,210
-1,26,215
1,26,234
1,26,243
1,26,245
-1,26,247
1,26,248
0,26,250
2,26,251
0,26,252
1,26,253
1,26,255
3,26,256
0,26,257
2,26,258
0,26,259
1,26,260
1,26,261
2,26,263
1,26,264
0,26,268
1,26,269
1,26,272
1,26,274
0,26,278
1,26,279
1,26,290
1,26,291
1,26,294
1,26,303
1,26,525
1,27,-8
1,27,-6
-1,27,-5
1,27,-4
4,27,-1
4,27,0
5,27,1
1,27,2
5,27,3
5,27,4
3,27,5
2,27,6
4,27,7
13,27,8
7,27,9
8,27,10
9,27,11
-2,27,12
13,27,13
4,27,14
7,27,15
0,27,16
6,27,17
8,27,18
4,27,19
5,27,20
10,27,21
4,27,22
0,27,23
1,27,24
4,27,25
6,27,26
2,27,27
1,27,28
3,27,29
1,27,30
2,27,31
3,27,32
4,27,33
4,27,34
0,27,36
6,27,37
5,27,38
-1,27,39
-1,27,40
4,27,41
5,27,42
3,27,43
1,27,44
0,27,45
2,27,46
3,27,47
1,27,48
1,27,49
0,27,51
1,27,52
3,27,53
0,27,54
-2,27,55
1,27,56
2,27,57
3,27,58
-1,27,59
1,27,60
-1,27,61
0,27,62
2,27,63
0,27,65
1,27,66
1,27,67
0,27,68
0,27,69
1,27,71
1,27,73
2,27,74
1,27,75
-2,27,78
1,27,80
-1,27,81
1,27,84
-1,27,86
-1,27,87
1,27,88
-2,27,89
1,27,91
2,27,93
4,27,94
3,27,95
0,27,97
1,27,99
3,27,100
1,27,103
2,27,104
2,27,105
2,27,106
-1,27,110
3,27,111
-1,27,112
2,27,113
1,27,117
-1,27,119
1,27,121
-1,27,123
-1,27,130
1,27,132
1,27,135
-1,27,136
-1,27,139
-1,27,145
2,27,146
-1,27,147
-1,27,149
-1,27,151
2,27,155
1,27,156
-1,27,158
2,27,159
1,27,161
-1,27,162
-2,27,164
1,27,169
-1,27,171
2,27,172
-1,27,173
-2,27,175
-1,27,179
1,27,180
-3,27,181
-2,27,184
-1,27,186
-1,27,188
1,27,190
-2,27,192
0,27,196
-2,27,203
-1,27,209
1,27,214
1,27,220
-2,27,239
-2,27,244
1,27,245
0,27,246
-1,27,249
1,27,251
1,27,252
2,27,253
-2,27,254
1,27,255
1,27,257
4,27,258
1,27,260
2,27,262
1,27,263
1,27,264
2,27,265
1,27,268
1,27,279
-1,27,282
1,27,283
1,27,292
1,27,296
-1,27,536
1,28,-8
1,28,-5
-1,28,-3
2,28,-1
-3,28,0
3,28,1
1,28,2
2,28,3
5,28,4
3,28,5
2,28,6
0,28,7
1,28,8
4,28,9
2,28,10
2,28,11
0,28,12
5,28,13
4,28,14
2,28,15
6,28,16
8,28,17
3,28,18
3,28,19
7,28,20
6,28,21
6,28,22
2,28,23
7,28,24
8,28,25
2,28,26
2,28,27
0,28,28
3,28,29
4,28,30
-1,28,31
1,28,32
-1,28,33
5,28,34
-1,28,35
4,28,36
3,28,37
5,28,38
2,28,39
0,28,40
-2,28,41
-1,28,42
1,28,44
0,28,45
0,28,46
-2,28,47
1,28,48
-1,28,49
2,28,50
-2,28,51
-3,28,53
1,28,54
2,28,55
-2,28,56
0,28,57
1,28,58
1,28,59
0,28,61
1,28,62
-5,28,63
0,28,66
-2,28,68
2,28,69
1,28,70
-1,28,71
-1,28,72
0,28,76
1,28,78
1,28,80
1,28,81
-2,28,82
2,28,83
-1,28,84
0,28,85
-1,28,87
1,28,88
-1,28,89
1,28,91
1,28,92
1,28,93
1,28,94
5,28,96
-1,28,97
2,28,98
0,28,101
1,28,103
1,28,104
-1,28,105
-1,28,106
-3,28,108
3,28,109
2,28,119
2,28,120
-1,28,123
0,28,125
3,28,126
1,28,131
1,28,137
1,28,140
-2,28,141
1,28,146
1,28,147
-1,28,148
-3,28,150
-1,28,153
-1,28,155
-1,28,156
-1,28,160
1,28,162
1,28,163
0,28,169
-1,28,171
2,28,172
-1,28,173
1,28,174
-2,28,175
1,28,176
-1,28,177
-1,28,178
-2,28,179
0,28,181
-1,28,186
-2,28,187
1,28,190
1,28,193
-3,28,196
1,28,200
-1,28,201
-1,28,202
1,28,204
1,28,208
-1,28,209
-2,28,222
-1,28,237
-1,28,238
-1,28,240
-2,28,243
-1,28,245
-3,28,247
3,28,248
-1,28,249
1,28,251
3,28,252
-2,28,253
1,28,257
5,28,258
2,28,260
1,28,261
2,28,264
-1,28,266
3,28,267
1,28,268
1,28,269
1,28,270
1,28,275
1,28,276
1,28,280
1,28,285
1,28,288
1,28,290
-1,28,375
1,28,406
-1,29,-11
1,29,-8
2,29,-6
1,29,-4
-2,29,-3
2,29,-1
1,29,0
-2,29,1
-2,29,2
3,29,3
4,29,4
-6,29,5
5,29,6
5,29,7
2,29,8
1,29,9
4,29,10
6,29,11
2,29,12
15,29,13
2,29,14
0,29,15
7,29,16
5,29,17
3,29,18
1,29,19
7,29,20
5,29,21
8,29,22
2,29,23
2,29,24
2,29,25
3,29,26
6,29,27
1,29,28
-1,29,29
-1,29,30
0,29,31
3,29,32
-2,29,33
9,29,34
0,29,35
-1,29,36
6,29,37
3,29,38
-6,29,40
2,29,42
-1,29,43
2,29,44
1,29,45
-6,29,46
1,29,47
-1,29,48
-3,29,49
3,29,50
2,29,51
2,29,52
-5,29,53
2,29,54
2,29,55
-2,29,56
2,29,57
3,29,58
0,29,59
2,29,60
1,29,61
1,29,62
0,29,63
2,29,64
-1,29,66
-1,29,69
1,29,71
0,29,72
1,29,74
1,29,75
-3,29,76
-2,29,79
1,29,80
-1,29,82
1,29,84
1,29,85
-2,29,86
-2,29,87
1,29,88
0,29,91
1,29,92
-1,29,93
2,29,94
3,29,95
2,29,96
-1,29,97
1,29,98
2,29,99
-1,29,100
2,29,101
0,29,102
1,29,103
-3,29,104
1,29,105
2,29,107
4,29,110
2,29,111
2,29,112
1,29,113
1,29,114
1,29,115
2,29,116
1,29,117
1,29,121
0,29,122
0,29,125
2,29,126
-3,29,133
-1,29,136
1,29,138
-1,29,139
-2,29,141
1,29,143
-1,29,145
2,29,146
1,29,148
-1,29,149
1,29,150
-1,29,151
1,29,152
-1,29,154
2,29,155
-2,29,158
-1,29,162
-1,29,163
-2,29,164
-1,29,166
1,29,168
-1,29,169
1,29,172
-1,29,173
-2,29,174
-1,29,178
0,29,179
-1,29,181
-1,29,183
-1,29,184
-1,29,191
-2,29,192
-3,29,194
-2,29,197
-1,29,199
1,29,200
-1,29,201
-1,29,203
1,29,204
-1,29,214
-1,29,215
-1,29,217
-1,29,225
-1,29,235
-1,29,237
-2,29,238
-1,29,239
1,29,240
0,29,242
-1,29,243
1,29,245
-2,29,246
-2,29,247
-1,29,248
-4,29,250
1,29,251
0,29,252
2,29,253
1,29,256
2,29,257
2,29,258
-1,29,259
2,29,260
0,29,261
4,29,262
1,29,263
1,29,267
1,29,268
1,29,272
1,29,273
1,29,274
2,29,278
1,29,284
1,29,302
1,29,306
1,29,524
1,30,-5
2,30,-1
-6,30,0
1,30,2
-4,30,4
1,30,6
-6,30,7
0,30,9
2,30,10
0,30,11
1,30,12
-4,30,13
-7,30,15
3,30,16
0,30,17
2,30,18
-3,30,19
4,30,20
-2,30,21
2,30,22
1,30,26
1,30,27
-2,30,28
4,30,29
-1,30,30
1,30,31
1,30,33
-4,30,34
-2,30,36
0,30,38
-2,30,40
-3,30,42
-1,30,45
-4,30,47
2,30,48
2,30,50
-2,30,51
1,30,54
-4,30,55
1,30,56
-5,30,57
-2,30,61
-2,30,63
1,30,66
1,30,68
1,30,69
-2,30,72
0,30,76
0,30,78
-2,30,80
-2,30,82
2,30,84
-1,30,87
1,30,88
-1,30,89
-1,30,91
-2,30,93
1,30,96
-1,30,97
-3,30,99
1,30,105
1,30,115
-1,30,116
1,30,122
2,30,124
-1,30,125
1,30,127
-1,30,129
0,30,131
-1,30,133
-1,30,144
-1,30,150
2,30,151
-1,30,158
-1,30,165
1,30,168
-1,30,171
-1,30,190
-1,30,194
1,30,201
-1,30,203
-1,30,205
0,30,207
-1,30,209
-1,30,226
-2,30,241
1,30,242
1,30,246
-1,30,247
-2,30,249
-1,30,251
0,30,253
1,30,256
1,30,260
1,30,262
1,30,265
1,30,268
2,30,269
1,30,272
1,30,281
1,30,295
1,31,-10
0,31,-9
1,31,-5
1,31,-4
-2,31,-3
1,31,-1
-3,31,0
1,31,1
2,31,2
-3,31,3
2,31,4
-2,31,5
3,31,6
3,31,7
2,31,8
4,31,9
3,31,10
5,31,11
-6,31,12
5,31,13
1,31,14
8,31,15
4,31,16
12,31,17
3,31,18
6,31,20
3,31,21
5,31,22
-1,31,23
4,31,24
-3,31,25
2,31,26
2,31,27
2,31,28
1,31,29
-1,31,30
1,31,31
3,31,32
-5,31,33
8,31,34
2,31,35
-1,31,36
4,31,37
-1,31,38
3,31,39
-1,31,40
1,31,41
1,31,42
1,31,43
1,31,44
0,31,46
2,31,47
-2,31,48
-2,31,49
3,31,50
-1,31,51
-4,31,53
-1,31,54
-3,31,55
0,31,56
1,31,57
1,31,58
0,31,59
2,31,60
-7,31,61
1,31,62
-2,31,63
0,31,64
-1,31,65
-2,31,66
3,31,67
1,31,68
1,31,70
0,31,71
-3,31,72
1,31,73
-3,31,76
0,31,78
1,31,79
-1,31,81
-1,31,82
2,31,83
1,31,84
0,31,85
0,31,86
1,31,87
2,31,89
1,31,90
-1,31,91
2,31,92
0,31,94
-1,31,95
-1,31,98
1,31,99
1,31,101
-1,31,102
-1,31,104
1,31,105
0,31,109
1,31,110
1,31,111
1,31,113
2,31,115
1,31,120
-1,31,122
-1,31,125
1,31,126
2,31,129
-2,31,130
1,31,132
1,31,135
1,31,140
1,31,141
1,31,142
-1,31,143
-1,31,145
-1,31,149
-1,31,151
-1,31,153
-1,31,154
-1,31,156
2,31,157
-1,31,160
-2,31,162
-1,31,164
1,31,166
1,31,167
0,31,171
-2,31,173
-1,31,175
-1,31,178
-1,31,179
1,31,180
-2,31,181
-1,31,183
-2,31,186
-1,31,187
-1,31,188
0,31,191
-1,31,192
-1,31,194
-3,31,196
-1,31,197
-1,31,199
-1,31,201
-2,31,203
-1,31,204
0,31,205
-2,31,207
-3,31,209
-1,31,210
-1,31,214
-1,31,216
-1,31,218
-1,31,222
-1,31,224
-2,31,239
-1,31,240
-1,31,243
1,31,245
-3,31,246
-2,31,248
-2,31,250
1,31,251
-1,31,252
3,31,253
1,31,256
3,31,258
2,31,259
1,31,260
2,31,261
1,31,262
3,31,263
1,31,264
1,31,265
1,31,267
3,31,268
3,31,269
1,31,270
4,31,272
1,31,273
1,31,274
1,31,276
1,31,280
-1,31,403
-1,31,484
-1,32,-15
-1,32,-9
-3,32,-6
2,32,-5
-2,32,-3
-1,32,-2
4,32,-1
-1,32,0
1,32,1
1,32,3
-2,32,4
2,32,5
6,32,6
-2,32,7
7,32,8
-1,32,9
1,32,10
5,32,11
5,32,12
4,32,13
7,32,15
5,32,16
10,32,17
5,32,18
1,32,19
7,32,20
5,32,21
8,32,22
-1,32,23
3,32,24
9,32,25
2,32,26
2,32,27
3,32,28
8,32,29
4,32,30
8,32,31
7,32,32
1,32,33
-2,32,34
4,32,35
0,32,36
4,32,37
1,32,38
2,32,39
-2,32,40
3,32,41
-4,32,42
3,32,43
2,32,44
3,32,45
2,32,47
1,32,48
-2,32,49
1,32,50
-3,32,51
3,32,52
3,32,53
2,32,54
0,32,55
-3,32,57
2,32,58
3,32,59
2,32,60
2,32,61
3,32,62
4,32,63
1,32,65
-1,32,68
1,32,73
-1,32,74
1,32,75
2,32,78
3,32,79
-2,32,80
-1,32,82
2,32,83
1,32,85
-1,32,87
0,32,89
1,32,90
2,32,91
2,32,92
1,32,96
2,32,98
1,32,99
-1,32,101
1,32,102
0,32,103
2,32,104
1,32,105
1,32,106
-1,32,108
-1,32,110
2,32,115
2,32,117
-1,32,119
1,32,122
1,32,125
-1,32,127
1,32,132
0,32,133
2,32,142
1,32,144
-1,32,146
-2,32,148
1,32,150
-1,32,158
1,32,159
-1,32,160
2,32,161
1,32,162
1,32,164
-2,32,171
-1,32,173
1,32,174
2,32,176
-2,32,177
1,32,180
1,32,183
1,32,185
-1,32,186
-3,32,188
1,32,189
-2,32,194
-1,32,200
-1,32,205
-1,32,224
-1,32,238
-1,32,241
1,32,244
2,32,246
-4,32,247
-2,32,251
1,32,252
2,32,253
1,32,254
1,32,255
3,32,256
-1,32,257
4,32,258
0,32,259
2,32,260
1,32,261
0,32,262
3,32,263
1,32,264
1,32,266
3,32,267
1,32,271
1,32,272
2,32,278
2,32,279
2,32,283
1,32,293
1,32,296
1,32,332
-1,32,479
1,32,494
1,32,568
1,33,-10
0,33,-5
-1,33,-3
1,33,-1
0,33,1
1,33,2
1,33,3
-3,33,5
2,33,6
-1,33,7
0,33,8
2,33,9
1,33,10
3,33,11
-1,33,12
4,33,13
1,33,14
7,33,15
0,33,16
7,33,17
3,33,18
2,33,19
5,33,20
-1,33,21
5,33,22
-2,33,23
1,33,24
5,33,25
2,33,26
0,33,27
3,33,28
5,33,29
3,33,30
1,33,31
8,33,32
-2,33,33
2,33,34
4,33,35
0,33,36
1,33,37
5,33,38
2,33,39
-4,33,40
3,33,41
0,33,42
1,33,43
-1,33,44
1,33,45
-1,33,46
1,33,47
1,33,48
0,33,49
2,33,50
1,33,51
2,33,52
1,33,53
-2,33,54
-2,33,56
2,33,57
1,33,58
-2,33,59
-2,33,61
0,33,63
-2,33,64
0,33,66
1,33,67
-2,33,68
0,33,69
3,33,70
2,33,71
-2,33,72
1,33,73
2,33,76
2,33,77
0,33,78
1,33,80
0,33,81
1,33,82
4,33,83
1,33,85
2,33,87
2,33,88
2,33,89
1,33,90
-1,33,91
1,33,92
-1,33,93
1,33,95
1,33,97
1,33,100
1,33,102
2,33,103
0,33,105
-2,33,106
1,33,107
1,33,109
2,33,111
0,33,113
1,33,116
2,33,117
0,33,118
2,33,119
1,33,120
1,33,121
-1,33,122
0,33,124
2,33,125
1,33,126
1,33,130
1,33,131
0,33,135
1,33,136
1,33,137
-1,33,141
1,33,144
-1,33,145
-1,33,147
-1,33,148
1,33,151
1,33,153
2,33,157
-3,33,158
1,33,160
1,33,162
-1,33,164
2,33,168
-2,33,169
-1,33,171
1,33,173
-1,33,175
1,33,177
-1,33,178
-1,33,181
-2,33,184
-1,33,186
0,33,187
0,33,188
-1,33,190
-1,33,191
-2,33,192
1,33,193
-2,33,194
1,33,202
0,33,204
-1,33,206
-1,33,209
-1,33,214
1,33,218
-1,33,219
-1,33,230
-1,33,237
2,33,241
-4,33,242
-1,33,243
-1,33,245
0,33,246
-2,33,247
-1,33,248
1,33,251
0,33,252
4,33,253
1,33,254
1,33,256
-1,33,257
3,33,258
0,33,260
2,33,261
3,33,263
2,33,264
0,33,265
1,33,266
1,33,267
1,33,269
-1,33,270
1,33,272
1,33,284
1,33,285
1,33,307
1,34,-8
-1,34,-3
3,34,-1
-3,34,0
2,34,1
1,34,2
1,34,3
2,34,4
0,34,5
1,34,6
10,34,8
2,34,9
2,34,10
4,34,11
5,34,12
7,34,13
3,34,14
0,34,15
3,34,16
5,34,17
0,34,18
2,34,19
2,34,20
1,34,21
2,34,22
1,34,24
-1,34,25
4,34,26
-3,34,28
5,34,29
0,34,30
4,34,31
2,34,32
-1,34,33
1,34,34
6,34,35
2,34,36
2,34,37
2,34,38
-1,34,39
1,34,40
0,34,41
5,34,42
0,34,43
2,34,44
-2,34,45
1,34,46
2,34,47
-2,34,48
-2,34,49
-3,34,51
1,34,52
-3,34,54
1,34,55
-1,34,56
3,34,57
1,34,58
1,34,59
-2,34,61
3,34,62
1,34,63
-1,34,64
2,34,66
1,34,67
0,34,68
1,34,69
0,34,71
1,34,72
-1,34,73
0,34,74
1,34,75
-1,34,76
1,34,77
2,34,79
-1,34,84
1,34,85
-1,34,86
2,34,88
2,34,92
1,34,94
1,34,95
1,34,97
0,34,99
1,34,101
2,34,102
1,34,103
-1,34,104
1,34,105
1,34,113
-1,34,114
1,34,115
1,34,116
-1,34,122
1,34,124
1,34,134
1,34,141
-1,34,142
0,34,143
-1,34,145
0,34,147
1,34,151
-1,34,153
1,34,156
-1,34,160
-1,34,161
0,34,164
1,34,166
1,34,168
1,34,169
-1,34,171
-1,34,173
1,34,174
1,34,179
-1,34,181
-1,34,183
-1,34,184
-1,34,186
0,34,187
1,34,189
1,34,191
-1,34,192
-2,34,194
1,34,201
-2,34,202
1,34,204
-2,34,220
-1,34,223
-1,34,229
-1,34,231
-1,34,238
-1,34,242
-2,34,244
1,34,247
-1,34,250
1,34,251
1,34,252
3,34,253
1,34,254
1,34,256
2,34,257
2,34,258
2,34,260
4,34,261
3,34,262
1,34,263
1,34,264
1,34,267
1,34,268
1,34,271
2,34,274
1,34,285
1,34,287
1,34,298
1,34,309
1,34,320
1,35,-6
1,35,-1
-1,35,0
-2,35,1
1,35,2
-2,35,4
1,35,5
-1,35,8
2,35,9
4,35,10
0,35,11
-2,35,12
1,35,14
0,35,15
0,35,16
3,35,17
0,35,18
1,35,20
-2,35,21
1,35,22
1,35,23
-2,35,25
-1,35,26
1,35,27
-1,35,28
2,35,29
-3,35,32
-1,35,33
0,35,34
-1,35,36
3,35,37
0,35,38
-2,35,40
-2,35,42
-3,35,46
1,35,47
-1,35,49
1,35,50
2,35,52
-2,35,53
-2,35,55
-2,35,57
-2,35,59
-1,35,61
-3,35,63
1,35,65
-2,35,66
1,35,67
-1,35,68
1,35,69
1,35,71
-1,35,72
-1,35,74
1,35,78
0,35,80
1,35,86
-2,35,87
1,35,89
-1,35,91
0,35,98
-2,35,101
1,35,103
-2,35,104
-1,35,108
1,35,109
-1,35,131
-1,35,132
-1,35,135
-1,35,141
-1,35,143
1,35,149
0,35,151
-2,35,156
-1,35,160
-1,35,162
-1,35,164
-1,35,167
-2,35,171
1,35,173
1,35,174
-2,35,186
0,35,190
1,35,194
1,35,195
-1,35,199
-1,35,201
-1,35,203
-1,35,224
1,35,241
-1,35,242
-2,35,244
1,35,247
1,35,248
1,35,250
-1,35,252
-2,35,253
-1,35,255
2,35,256
2,35,257
1,35,258
1,35,260
-1,35,262
-1,35,263
1,35,264
1,35,266
1,35,268
-1,35,281
0,35,293
1,36,-10
1,36,-7
1,36,-3
2,36,-2
0,36,0
1,36,1
-1,36,2
2,36,4
7,36,5
6,36,6
2,36,7
2,36,8
2,36,10
3,36,11
1,36,12
3,36,13
3,36,15
5,36,16
3,36,17
1,36,18
2,36,19
8,36,20
6,36,21
1,36,22
-1,36,23
3,36,24
3,36,25
3,36,26
2,36,27
4,36,29
0,36,30
2,36,31
3,36,32
0,36,33
7,36,34
-2,36,35
1,36,36
1,36,37
1,36,38
1,36,39
2,36,40
-1,36,41
2,36,42
3,36,43
-1,36,45
2,36,46
-2,36,47
1,36,48
-3,36,49
2,36,50
-1,36,52
1,36,53
1,36,54
2,36,56
2,36,57
2,36,58
0,36,59
1,36,60
2,36,61
0,36,63
-3,36,64
-1,36,65
2,36,66
1,36,69
1,36,70
1,36,71
2,36,73
2,36,74
2,36,76
-1,36,78
2,36,79
1,36,80
1,36,81
2,36,84
1,36,85
1,36,88
-1,36,90
1,36,91
0,36,92
1,36,94
1,36,95
1,36,96
1,36,97
1,36,98
0,36,99
2,36,100
-1,36,101
-1,36,103
-1,36,104
2,36,106
1,36,107
0,36,109
1,36,110
1,36,111
0,36,112
2,36,115
2,36,116
1,36,117
1,36,118
1,36,121
-1,36,125
2,36,127
-1,36,135
-1,36,136
0,36,137
1,36,138
-1,36,140
1,36,143
-1,36,145
1,36,148
2,36,151
1,36,153
-1,36,160
-1,36,164
1,36,165
-1,36,168
1,36,169
-1,36,173
0,36,176
1,36,179
-2,36,183
-1,36,184
0,36,187
-2,36,191
-1,36,194
1,36,195
-1,36,196
-2,36,197
-1,36,199
-3,36,201
1,36,205
1,36,214
-1,36,217
-1,36,222
-1,36,227
-4,36,229
-2,36,231
-3,36,236
-1,36,237
-1,36,238
-2,36,240
2,36,241
1,36,242
1,36,243
1,36,245
3,36,247
2,36,248
1,36,249
3,36,250
3,36,251
3,36,252
2,36,256
-1,36,257
1,36,258
1,36,259
1,36,260
-1,36,261
0,36,262
1,36,263
1,36,264
1,36,265
2,36,268
2,36,271
1,36,272
3,36,273
1,36,274
1,36,277
1,36,278
1,36,281
-1,36,519
-1,37,-15
-1,37,-13
-1,37,-11
-1,37,-8
-2,37,-6
2,37,-4
-1,37,-2
1,37,-1
-6,37,0
2,37,1
1,37,3
2,37,4
2,37,5
1,37,6
-3,37,7
5,37,8
-1,37,9
4,37,10
1,37,11
1,37,13
2,37,14
2,37,15
2,37,16
1,37,17
3,37,18
0,37,19
6,37,20
0,37,21
3,37,22
0,37,23
1,37,24
5,37,25
-3,37,26
6,37,27
1,37,28
2,37,29
1,37,30
5,37,31
3,37,32
2,37,33
1,37,34
1,37,35
-2,37,36
3,37,37
1,37,38
1,37,39
-4,37,40
4,37,41
0,37,42
2,37,44
1,37,45
1,37,46
-1,37,47
1,37,48
-1,37,49
3,37,50
-3,37,51
2,37,52
-1,37,53
2,37,55
-2,37,57
1,37,59
1,37,60
0,37,61
2,37,62
1,37,63
1,37,65
0,37,66
2,37,67
-1,37,68
0,37,70
2,37,71
3,37,73
0,37,76
0,37,78
1,37,79
-2,37,82
1,37,83
2,37,85
1,37,86
-1,37,87
1,37,88
2,37,89
1,37,90
1,37,92
1,37,95
-1,37,97
0,37,99
1,37,100
3,37,101
1,37,103
2,37,104
1,37,106
1,37,110
1,37,111
-2,37,112
1,37,114
-1,37,116
1,37,117
0,37,120
1,37,121
1,37,123
1,37,124
0,37,125
-1,37,127
0,37,129
1,37,131
-1,37,133
-2,37,135
1,37,136
1,37,137
1,37,138
1,37,141
-1,37,148
1,37,149
-2,37,152
1,37,162
1,37,169
1,37,170
1,37,172
-2,37,173
1,37,174
1,37,175
1,37,177
1,37,178
1,37,179
-1,37,181
1,37,182
1,37,183
1,37,196
1,37,198
1,37,205
-1,37,207
-1,37,230
1,37,243
1,37,246
-1,37,247
1,37,248
1,37,250
4,37,251
1,37,252
2,37,253
1,37,254
-1,37,255
1,37,256
0,37,257
3,37,258
1,37,260
1,37,261
1,37,262
4,37,264
1,37,267
-1,37,270
1,37,273
1,37,274
2,37,288
0,37,302
1,38,-15
-1,38,-7
1,38,-3
-1,38,-1
-2,38,0
0,38,2
2,38,3
2,38,4
-3,38,5
1,38,6
3,38,7
2,38,8
4,38,9
3,38,10
2,38,11
-5,38,12
1,38,13
-1,38,14
7,38,15
3,38,16
0,38,17
-2,38,18
2,38,19
1,38,20
0,38,21
3,38,22
1,38,23
5,38,25
4,38,26
0,38,27
2,38,28
3,38,29
-1,38,30
2,38,31
2,38,32
-2,38,33
3,38,34
1,38,35
0,38,36
2,38,38
-1,38,40
-2,38,41
1,38,42
1,38,43
2,38,45
0,38,46
0,38,47
0,38,48
1,38,49
1,38,50
-1,38,51
-2,38,53
0,38,54
3,38,55
-1,38,56
2,38,57
1,38,58
0,38,59
1,38,60
-1,38,61
1,38,62
-4,38,63
1,38,64
0,38,66
1,38,67
2,38,68
2,38,69
-3,38,70
1,38,72
1,38,73
2,38,75
2,38,76
1,38,77
1,38,78
0,38,79
1,38,80
-1,38,83
-1,38,84
3,38,85
2,38,87
1,38,88
1,38,90
-1,38,92
1,38,94
1,38,95
0,38,97
1,38,98
1,38,99
-1,38,100
2,38,101
1,38,102
0,38,104
1,38,105
1,38,106
3,38,109
1,38,110
1,38,111
-1,38,113
-2,38,114
1,38,116
-1,38,117
2,38,121
-2,38,124
1,38,127
1,38,128
2,38,129
1,38,132
2,38,133
-1,38,137
1,38,143
-2,38,145
-1,38,149
1,38,150
-2,38,151
1,38,155
-2,38,156
1,38,157
0,38,158
1,38,159
-3,38,160
-2,38,162
-1,38,164
-1,38,168
-1,38,171
-1,38,179
-1,38,183
2,38,185
1,38,190
-1,38,191
-1,38,192
0,38,194
1,38,197
-1,38,201
-1,38,203
1,38,209
-2,38,220
-1,38,222
-1,38,223
-1,38,224
-1,38,227
-1,38,231
-1,38,235
-1,38,238
-2,38,239
-1,38,242
-2,38,243
-2,38,244
-2,38,245
3,38,246
3,38,247
-2,38,248
-1,38,250
2,38,251
0,38,253
1,38,254
2,38,256
2,38,258
1,38,259
3,38,260
0,38,263
3,38,265
2,38,266
1,38,271
1,38,272
1,38,273
1,38,275
1,38,276
2,38,279
1,38,280
1,38,293
1,38,301
-1,38,784
-1,39,-19
1,39,-6
-1,39,-5
1,39,-4
-3,39,0
1,39,1
-1,39,3
0,39,4
1,39,5
-1,39,7
2,39,8
2,39,9
6,39,10
5,39,11
1,39,12
-2,39,13
3,39,14
-1,39,15
4,39,16
6,39,17
5,39,18
-1,39,19
0,39,20
0,39,21
4,39,22
2,39,24
0,39,26
3,39,27
-4,39,28
5,39,29
3,39,30
3,39,31
0,39,32
1,39,33
0,39,34
0,39,35
1,39,36
1,39,37
1,39,38
-6,39,40
1,39,41
-2,39,42
3,39,43
-2,39,45
1,39,46
2,39,47
-1,39,48
-2,39,49
1,39,50
1,39,51
1,39,52
1,39,53
1,39,54
0,39,55
3,39,56
-2,39,57
1,39,58
-3,39,61
2,39,62
-2,39,63
1,39,64
1,39,65
1,39,66
2,39,67
-2,39,69
-1,39,71
-3,39,72
3,39,73
1,39,74
0,39,76
1,39,77
-1,39,78
-1,39,80
1,39,81
-2,39,82
1,39,84
0,39,86
1,39,88
-3,39,89
1,39,90
-1,39,91
2,39,92
-2,39,93
-2,39,95
2,39,96
-1,39,99
-1,39,100
2,39,101
2,39,105
-1,39,106
1,39,110
-1,39,112
1,39,114
1,39,115
-3,39,116
2,39,117
-1,39,118
2,39,121
-1,39,123
1,39,124
2,39,125
0,39,127
-2,39,129
1,39,130
1,39,132
-1,39,137
1,39,139
-1,39,141
1,39,143
-1,39,144
-1,39,150
1,39,155
-2,39,158
-2,39,167
1,39,169
1,39,172
-1,39,175
2,39,176
-1,39,177
1,39,178
-1,39,179
-1,39,181
-3,39,183
-1,39,188
-1,39,189
-1,39,191
-2,39,192
1,39,193
-1,39,196
-1,39,198
-1,39,199
-1,39,206
-1,39,207
1,39,217
-1,39,235
-1,39,237
-1,39,240
1,39,241
-1,39,242
-2,39,243
-3,39,245
0,39,247
1,39,248
1,39,250
2,39,252
2,39,253
1,39,254
0,39,255
1,39,257
0,39,258
2,39,262
-1,39,263
1,39,265
1,39,266
1,39,267
1,39,268
1,39,269
1,39,272
-1,39,274
1,39,276
2,39,277
2,39,278
2,39,284
2,39,287
-1,39,536
1,40,-9
1,40,-5
-1,40,-3
-1,40,-1
2,40,0
0,40,1
-1,40,3
-1,40,4
-2,40,5
0,40,6
1,40,8
1,40,9
-6,40,10
0,40,12
2,40,13
1,40,14
5,40,15
-3,40,16
1,40,17
-3,40,18
2,40,19
5,40,20
0,40,21
5,40,22
-4,40,23
4,40,24
2,40,25
4,40,26
3,40,27
2,40,28
1,40,29
3,40,31
1,40,32
-1,40,33
2,40,36
1,40,37
5,40,38
-1,40,40
0,40,41
-3,40,42
2,40,43
1,40,44
3,40,45
2,40,46
-1,40,48
-1,40,49
1,40,50
-2,40,51
2,40,52
0,40,53
1,40,54
0,40,55
-2,40,57
1,40,58
1,40,59
-1,40,61
1,40,62
0,40,63
2,40,64
-1,40,65
-4,40,66
1,40,67
-4,40,68
0,40,69
1,40,70
4,40,71
0,40,72
2,40,74
1,40,75
-2,40,76
-3,40,78
2,40,79
-1,40,80
-1,40,83
-1,40,84
0,40,85
-3,40,87
2,40,88
-2,40,89
2,40,90
0,40,91
3,40,92
-1,40,93
1,40,99
-2,40,100
1,40,101
1,40,102
0,40,103
-1,40,104
2,40,105
-2,40,106
2,40,110
2,40,113
-1,40,115
1,40,116
1,40,117
1,40,118
1,40,119
0,40,121
1,40,122
0,40,123
3,40,125
-1,40,126
1,40,129
1,40,130
-2,40,134
1,40,137
1,40,141
0,40,142
-1,40,147
-1,40,149
-2,40,151
3,40,153
-1,40,154
-3,40,156
-1,40,158
-1,40,160
-2,40,162
1,40,164
-1,40,166
1,40,169
1,40,170
-3,40,173
-1,40,177
0,40,181
-1,40,184
-2,40,186
-3,40,188
-1,40,190
1,40,191
-1,40,192
-1,40,194
1,40,195
0,40,196
-1,40,197
-2,40,199
-1,40,203
0,40,205
0,40,209
1,40,215
-2,40,216
-1,40,225
-1,40,233
-2,40,239
1,40,241
-1,40,242
2,40,244
3,40,245
-3,40,246
3,40,247
2,40,248
1,40,251
2,40,252
1,40,255
4,40,256
1,40,258
4,40,259
2,40,260
2,40,261
3,40,262
1,40,263
1,40,266
1,40,268
2,40,269
2,40,273
1,40,279
1,40,282
1,40,283
1,40,288
1,40,298
1,40,325
1,40,360
1,41,-17
-1,41,-4
-1,41,0
-1,41,4
1,41,5
0,41,7
1,41,8
-1,41,10
2,41,11
-1,41,12
-1,41,13
-2,41,17
-1,41,18
-1,41,19
0,41,20
1,41,21
1,41,22
-3,41,23
1,41,24
0,41,26
-1,41,28
-2,41,30
-1,41,31
1,41,32
1,41,34
-1,41,36
-1,41,38
1,41,39
-3,41,40
0,41,41
-5,41,42
-3,41,43
1,41,44
-2,41,45
-3,41,46
-1,41,49
1,41,50
-1,41,51
-1,41,53
1,41,54
-1,41,55
-2,41,56
-2,41,59
-2,41,61
1,41,62
-2,41,63
-2,41,68
1,41,70
1,41,71
-2,41,72
1,41,73
-1,41,74
-1,41,77
0,41,78
-2,41,79
-1,41,80
-1,41,81
-1,41,82
-1,41,85
-1,41,87
1,41,89
-2,41,91
-2,41,93
1,41,95
1,41,96
-2,41,97
-1,41,100
2,41,103
-2,41,104
-1,41,108
0,41,110
1,41,111
1,41,113
1,41,115
-1,41,121
-1,41,125
-2,41,141
-1,41,143
-1,41,144
-1,41,145
-1,41,146
1,41,148
-2,41,151
-1,41,152
1,41,154
1,41,155
-2,41,156
-1,41,160
1,41,162
1,41,164
1,41,170
1,41,173
-1,41,174
-1,41,175
-3,41,176
1,41,178
-3,41,179
-1,41,183
-1,41,184
-1,41,186
-2,41,187
1,41,189
-1,41,196
1,41,198
-1,41,199
-1,41,201
-1,41,205
-1,41,215
-2,41,219
-1,41,238
1,41,239
-1,41,241
-1,41,242
-2,41,247
-2,41,248
1,41,249
1,41,250
1,41,251
-1,41,253
3,41,259
1,41,260
2,41,264
1,41,268
1,41,277
1,41,283
1,41,292
-1,42,-5
-2,42,-3
-1,42,0
2,42,1
2,42,2
-1,42,3
0,42,4
2,42,6
1,42,7
1,42,8
1,42,10
5,42,11
1,42,12
5,42,13
-1,42,14
3,42,15
3,42,16
6,42,17
-1,42,18
1,42,19
0,42,21
3,42,22
1,42,24
4,42,25
0,42,26
-1,42,27
3,42,29
2,42,30
2,42,31
2,42,32
-1,42,33
2,42,34
2,42,35
-1,42,36
2,42,37
4,42,38
1,42,39
-2,42,40
2,42,41
3,42,42
1,42,43
-2,42,44
1,42,45
0,42,46
-5,42,48
1,42,50
0,42,51
1,42,52
2,42,53
3,42,55
1,42,57
-1,42,58
2,42,59
-2,42,61
-1,42,62
1,42,63
2,42,64
-1,42,66
-1,42,67
-1,42,68
-1,42,69
2,42,70
3,42,71
0,42,73
0,42,74
1,42,78
0,42,80
-1,42,82
1,42,84
0,42,86
1,42,87
1,42,88
-1,42,89
1,42,94
2,42,95
1,42,98
-1,42,104
1,42,105
2,42,106
-1,42,112
-1,42,113
1,42,115
1,42,116
-1,42,119
1,42,132
-1,42,134
0,42,136
1,42,137
0,42,139
2,42,140
-1,42,143
1,42,146
0,42,147
-1,42,149
-1,42,151
-2,42,158
-2,42,162
1,42,168
-1,42,171
1,42,173
-1,42,175
1,42,176
1,42,177
-1,42,179
-1,42,190
1,42,195
-1,42,205
-1,42,209
-1,42,212
-1,42,225
-1,42,236
-1,42,238
-1,42,239
-1,42,242
2,42,243
-1,42,244
2,42,245
1,42,247
-1,42,248
3,42,249
2,42,251
3,42,252
1,42,253
1,42,254
1,42,255
3,42,256
1,42,257
2,42,259
2,42,260
1,42,262
2,42,263
1,42,264
1,42,265
1,42,266
3,42,267
1,42,269
1,42,271
1,42,277
-1,42,293
1,42,304
-1,42,445
1,43,-3
-1,43,-2
2,43,-1
1,43,0
2,43,1
2,43,2
2,43,5
-2,43,7
2,43,8
0,43,9
-1,43,10
5,43,11
-1,43,12
2,43,13
1,43,14
1,43,15
6,43,16
3,43,17
3,43,18
2,43,19
7,43,20
-1,43,21
4,43,22
1,43,23
6,43,24
3,43,25
3,43,26
6,43,27
0,43,28
3,43,29
-2,43,30
1,43,31
4,43,32
1,43,33
1,43,34
4,43,35
1,43,36
1,43,37
1,43,38
2,43,39
-6,43,40
-1,43,41
0,43,42
1,43,43
1,43,44
1,43,45
-2,43,46
1,43,47
4,43,48
0,43,49
1,43,50
0,43,51
2,43,52
-1,43,53
0,43,55
-1,43,56
-3,43,57
0,43,58
3,43,59
1,43,60
-1,43,61
1,43,62
-1,43,63
1,43,64
1,43,66
2,43,68
1,43,69
1,43,70
1,43,71
-2,43,72
1,43,73
1,43,74
1,43,75
-1,43,76
0,43,77
2,43,78
1,43,79
-1,43,82
2,43,85
1,43,87
1,43,90
1,43,92
2,43,93
0,43,95
2,43,96
-3,43,97
2,43,99
1,43,100
2,43,102
1,43,104
1,43,105
1,43,106
1,43,107
2,43,108
1,43,112
1,43,113
-1,43,114
1,43,116
1,43,118
1,43,119
-2,43,120
-1,43,122
1,43,125
1,43,130
3,43,132
1,43,134
-2,43,137
2,43,138
0,43,140
1,43,142
-2,43,143
-1,43,144
1,43,145
1,43,146
-1,43,148
-3,43,150
2,43,151
-1,43,152
1,43,154
2,43,155
0,43,156
-1,43,158
1,43,159
-1,43,160
-2,43,163
-1,43,165
-1,43,166
0,43,169
-1,43,173
1,43,176
-1,43,178
-5,43,179
1,43,180
0,43,181
-1,43,184
-2,43,186
-1,43,188
-1,43,191
-1,43,194
1,43,195
-1,43,196
1,43,197
-1,43,200
0,43,207
-1,43,209
-1,43,210
-1,43,214
1,43,215
-1,43,217
-1,43,219
1,43,220
1,43,221
-1,43,233
-1,43,235
-2,43,238
-1,43,240
1,43,241
-2,43,243
1,43,244
1,43,245
4,43,247
1,43,248
3,43,249
2,43,250
3,43,251
2,43,252
3,43,256
1,43,257
2,43,258
1,43,259
2,43,260
2,43,261
1,43,262
4,43,263
2,43,264
1,43,266
2,43,267
2,43,268
1,43,273
1,43,277
1,43,280
1,43,285
1,43,459
1,44,-8
0,44,-3
1,44,1
-1,44,2
-2,44,3
1,44,4
-3,44,5
-1,44,7
2,44,8
1,44,10
1,44,11
-2,44,12
1,44,13
-2,44,14
0,44,15
2,44,16
0,44,17
-1,44,18
4,44,20
7,44,21
6,44,22
2,44,23
3,44,24
4,44,25
3,44,26
0,44,27
3,44,28
-1,44,29
-1,44,30
-1,44,31
3,44,32
-5,44,33
2,44,34
2,44,35
-2,44,36
2,44,37
1,44,38
2,44,39
-3,44,40
0,44,41
3,44,42
3,44,43
2,44,44
0,44,45
-3,44,46
1,44,47
1,44,48
5,44,50
1,44,51
-2,44,53
-2,44,54
2,44,55
2,44,56
0,44,57
0,44,58
1,44,59
1,44,60
-2,44,61
1,44,62
-1,44,63
1,44,64
1,44,66
0,44,68
0,44,70
-1,44,71
-2,44,72
1,44,73
2,44,74
-1,44,76
-1,44,77
-1,44,81
1,44,82
0,44,83
-1,44,85
1,44,86
0,44,89
2,44,90
-1,44,91
1,44,93
0,44,95
-1,44,97
2,44,99
1,44,105
1,44,109
1,44,111
-1,44,113
1,44,114
0,44,115
1,44,116
1,44,117
1,44,121
0,44,123
1,44,130
-2,44,139
1,44,140
1,44,142
-1,44,145
1,44,146
1,44,148
-1,44,150
1,44,151
-1,44,153
1,44,155
-1,44,160
0,44,162
0,44,163
-1,44,164
1,44,165
1,44,168
0,44,169
-1,44,171
-2,44,173
1,44,179
-1,44,181
1,44,183
-1,44,184
1,44,186
0,44,188
-2,44,189
-1,44,190
1,44,191
-1,44,192
-1,44,194
1,44,197
-3,44,199
1,44,201
-1,44,202
-1,44,203
1,44,204
-2,44,206
-1,44,212
-1,44,216
-1,44,220
-1,44,235
-1,44,239
-1,44,240
-1,44,242
-1,44,244
1,44,245
1,44,246
3,44,247
1,44,249
3,44,250
1,44,251
4,44,252
4,44,253
1,44,254
2,44,255
2,44,256
1,44,257
2,44,259
-1,44,261
2,44,262
2,44,263
1,44,266
1,44,267
2,44,269
1,44,271
2,44,272
1,44,273
1,44,277
1,44,281
1,44,287
1,44,289
1,44,309
-1,44,403
-1,44,697
1,45,-1
-2,45,0
1,45,4
1,45,6
-1,45,7
2,45,8
0,45,9
2,45,10
-2,45,11
-2,45,13
2,45,14
3,45,15
1,45,17
1,45,18
0,45,19
3,45,20
2,45,21
6,45,22
1,45,23
1,45,24
3,45,25
2,45,26
5,45,27
-1,45,28
5,45,29
-1,45,30
-2,45,32
2,45,33
7,45,34
2,45,35
0,45,36
2,45,37
1,45,38
0,45,40
3,45,41
0,45,42
3,45,43
2,45,46
-2,45,47
2,45,48
-1,45,49
2,45,50
0,45,51
1,45,52
3,45,53
-1,45,54
-1,45,55
2,45,56
-2,45,58
1,45,59
-2,45,61
2,45,62
0,45,65
2,45,67
-1,45,68
2,45,69
-1,45,71
3,45,72
0,45,74
0,45,78
-1,45,80
1,45,81
-2,45,82
1,45,85
-1,45,88
1,45,89
1,45,90
-1,45,91
1,45,92
2,45,94
-1,45,95
1,45,97
0,45,99
1,45,101
1,45,104
1,45,105
1,45,106
3,45,109
-2,45,110
1,45,113
0,45,114
1,45,116
1,45,117
-1,45,118
-2,45,120
1,45,122
1,45,123
2,45,125
2,45,126
-1,45,127
-1,45,129
1,45,130
2,45,132
-1,45,133
2,45,136
2,45,137
-1,45,138
-1,45,139
1,45,142
1,45,147
-2,45,148
1,45,151
-1,45,154
-1,45,156
2,45,159
-1,45,160
-1,45,162
1,45,173
-2,45,175
-1,45,177
1,45,178
1,45,181
1,45,182
1,45,183
-1,45,184
-3,45,186
-1,45,188
1,45,192
-1,45,197
-1,45,200
-1,45,203
1,45,205
-1,45,207
-1,45,209
-1,45,220
1,45,222
-2,45,223
-2,45,227
-2,45,229
-1,45,231
-1,45,233
-1,45,238
1,45,243
2,45,247
3,45,248
1,45,249
1,45,251
1,45,252
2,45,253
1,45,254
0,45,255
1,45,257
2,45,258
2,45,259
3,45,260
1,45,262
3,45,263
1,45,266
2,45,268
1,45,272
1,45,273
1,45,275
1,45,279
1,45,454
-2,46,1
1,46,2
-3,46,8
1,46,9
-3,46,10
-2,46,12
1,46,13
-4,46,14
-1,46,15
-2,46,16
0,46,18
-3,46,21
-1,46,22
-1,46,23
1,46,24
0,46,25
-4,46,27
-2,46,29
-2,46,33
-1,46,35
0,46,36
-1,46,38
-1,46,43
-4,46,44
-1,46,46
1,46,47
-3,46,48
0,46,49
-1,46,53
-4,46,55
-1,46,56
-1,46,57
1,46,58
0,46,59
-2,46,61
-3,46,63
-3,46,66
-1,46,68
0,46,69
-2,46,70
-3,46,72
-1,46,74
1,46,75
1,46,77
-2,46,82
-1,46,83
0,46,84
-1,46,85
-1,46,87
1,46,88
-2,46,89
-1,46,91
-1,46,92
0,46,93
1,46,100
-1,46,102
0,46,104
2,46,106
1,46,108
1,46,109
1,46,110
-3,46,111
-2,46,113
1,46,114
-1,46,115
1,46,116
3,46,119
1,46,122
2,46,125
-1,46,135
-1,46,136
-1,46,139
-1,46,141
-1,46,147
-1,46,154
-2,46,162
-1,46,164
-1,46,166
-3,46,169
1,46,173
-2,46,174
-2,46,175
-1,46,176
-1,46,179
-2,46,181
-1,46,183
-1,46,184
-2,46,187
-1,46,188
-1,46,189
-1,46,190
-2,46,191
-4,46,192
-3,46,194
0,46,196
-1,46,197
-1,46,199
-1,46,204
-2,46,205
-1,46,220
-1,46,235
-2,46,242
-2,46,244
-1,46,246
1,46,247
2,46,248
-2,46,252
1,46,253
1,46,259
1,46,260
1,46,262
-1,46,263
1,46,266
1,46,267
-1,46,268
1,46,274
-2,46,276
-1,46,291
1,46,655
-2,47,-13
-1,47,-8
0,47,-5
0,47,-4
-1,47,0
1,47,1
-1,47,2
0,47,3
1,47,6
-4,47,7
-1,47,8
-3,47,9
2,47,10
5,47,11
1,47,12
2,47,13
1,47,14
-4,47,15
4,47,16
2,47,17
-1,47,18
-6,47,19
2,47,20
4,47,21
-1,47,22
2,47,23
1,47,24
5,47,25
-2,47,26
2,47,27
-1,47,28
8,47,29
-4,47,30
2,47,31
2,47,32
2,47,34
1,47,35
0,47,36
2,47,37
0,47,38
1,47,39
0,47,40
2,47,41
-1,47,42
0,47,43
-1,47,45
-1,47,46
0,47,47
1,47,48
-4,47,49
-3,47,51
4,47,52
-1,47,53
-1,47,54
-3,47,55
-1,47,56
0,47,57
1,47,58
3,47,59
-1,47,61
1,47,62
-2,47,63
-1,47,64
-1,47,65
1,47,66
0,47,67
-3,47,68
1,47,69
-1,47,71
-2,47,72
1,47,73
-1,47,74
2,47,75
-2,47,76
1,47,77
0,47,78
2,47,79
-1,47,80
-1,47,82
1,47,85
-1,47,86
1,47,88
0,47,89
-1,47,90
-1,47,91
-1,47,92
0,47,94
-1,47,95
-1,47,97
1,47,98
-2,47,99
1,47,100
1,47,101
0,47,104
1,47,105
0,47,106
0,47,107
0,47,108
1,47,110
2,47,113
0,47,114
-1,47,116
1,47,117
-1,47,118
1,47,119
0,47,120
2,47,121
2,47,122
0,47,123
-1,47,125
1,47,127
-1,47,129
-1,47,133
-1,47,135
1,47,141
1,47,147
-1,47,149
-1,47,150
1,47,151
-1,47,152
2,47,153
0,47,155
1,47,157
-3,47,158
-3,47,160
1,47,162
-1,47,166
1,47,167
-2,47,168
0,47,169
1,47,170
-2,47,171
1,47,173
-2,47,176
1,47,180
-2,47,181
-1,47,186
-1,47,188
-2,47,189
0,47,190
2,47,193
-3,47,194
-1,47,198
-1,47,199
-1,47,200
0,47,204
-1,47,205
1,47,216
1,47,217
-1,47,219
-1,47,220
-1,47,224
-1,47,225
-1,47,227
-1,47,232
-1,47,233
-1,47,235
-4,47,236
-1,47,237
-1,47,240
1,47,241
-3,47,242
2,47,243
1,47,246
-1,47,247
1,47,248
-1,47,249
1,47,250
2,47,251
3,47,252
4,47,253
1,47,254
4,47,255
3,47,256
3,47,257
1,47,258
1,47,259
1,47,260
3,47,262
3,47,263
0,47,265
1,47,267
1,47,269
1,47,274
1,47,277
1,47,278
1,47,283
1,47,292
-1,47,477
-1,47,536
-1,47,541
-1,48,-40
1,48,-19
-1,48,-3
-1,48,-1
-1,48,0
-1,48,3
1,48,5
1,48,6
1,48,7
1,48,8
1,48,9
-1,48,10
-1,48,12
6,48,13
2,48,14
2,48,15
-1,48,16
0,48,18
1,48,19
5,48,20
-1,48,21
4,48,22
-3,48,23
1,48,24
1,48,25
1,48,26
-3,48,27
3,48,29
1,48,30
-1,48,31
4,48,32
-1,48,33
2,48,34
2,48,36
2,48,37
4,48,38
-3,48,40
2,48,41
1,48,42
3,48,43
2,48,45
1,48,46
1,48,47
-1,48,48
1,48,49
1,48,50
-1,48,51
1,48,52
3,48,53
1,48,54
0,48,55
2,48,59
1,48,60
-1,48,61
2,48,62
-1,48,63
2,48,66
-1,48,68
1,48,69
-2,48,72
2,48,73
-1,48,76
1,48,77
1,48,78
1,48,79
0,48,81
1,48,82
1,48,85
-1,48,87
1,48,90
1,48,92
-2,48,93
1,48,95
1,48,96
-1,48,100
1,48,101
-1,48,102
1,48,103
1,48,104
0,48,106
1,48,110
2,48,111
1,48,112
3,48,113
0,48,115
1,48,118
-2,48,119
1,48,121
2,48,125
2,48,126
1,48,128
1,48,131
1,48,137
2,48,143
0,48,145
-2,48,149
1,48,150
1,48,151
-1,48,156
0,48,158
0,48,160
-2,48,164
1,48,168
-1,48,169
-1,48,171
1,48,172
-2,48,179
-2,48,181
1,48,182
0,48,194
1,48,195
1,48,199
-2,48,201
2,48,204
1,48,211
-1,48,214
-1,48,220
-1,48,224
-2,48,235
-1,48,239
1,48,244
1,48,246
1,48,247
5,48,248
1,48,251
2,48,252
1,48,253
2,48,254
3,48,256
-2,48,257
2,48,258
1,48,259
2,48,260
1,48,262
2,48,263
1,48,264
1,48,267
1,48,270
1,48,272
1,48,275
1,48,293
-1,48,308
1,48,309
-1,49,-8
1,49,-6
0,49,-5
-1,49,-3
-1,49,-2
-1,49,-1
-1,49,0
-3,49,4
1,49,5
2,49,6
-1,49,7
1,49,8
1,49,9
-1,49,10
3,49,11
-1,49,12
0,49,13
2,49,14
-3,49,15
2,49,16
2,49,17
1,49,18
-1,49,19
1,49,20
3,49,21
0,49,22
-3,49,23
2,49,24
-2,49,25
3,49,26
3,49,27
-2,49,28
2,49,29
-2,49,30
1,49,31
-2,49,32
1,49,33
0,49,34
1,49,35
1,49,36
1,49,37
4,49,38
-2,49,40
3,49,41
0,49,42
1,49,43
-1,49,45
2,49,46
0,49,47
1,49,48
-1,49,49
0,49,51
1,49,52
-1,49,53
-3,49,54
2,49,55
-1,49,56
-2,49,57
-1,49,58
-2,49,59
0,49,60
-3,49,61
2,49,62
-1,49,63
1,49,64
-1,49,66
1,49,68
1,49,73
0,49,74
-1,49,76
-2,49,78
1,49,79
0,49,80
1,49,84
1,49,85
-2,49,86
-1,49,87
1,49,89
2,49,90
-1,49,91
-1,49,92
2,49,93
1,49,96
0,49,97
2,49,98
3,49,99
1,49,100
-1,49,101
-1,49,102
0,49,104
1,49,105
-2,49,107
-2,49,108
2,49,109
1,49,110
1,49,112
1,49,113
0,49,114
1,49,117
-3,49,118
-1,49,120
1,49,121
-1,49,122
-1,49,125
0,49,131
0,49,134
-2,49,135
1,49,137
0,49,141
-1,49,145
-1,49,146
2,49,148
1,49,153
-1,49,155
-5,49,156
1,49,158
1,49,159
2,49,162
-1,49,164
-1,49,166
1,49,167
1,49,168
1,49,172
-2,49,173
-1,49,175
-1,49,177
-1,49,178
-1,49,179
1,49,183
0,49,184
-1,49,185
-2,49,186
-1,49,187
0,49,188
-2,49,189
0,49,194
-1,49,196
-1,49,198
-1,49,199
1,49,200
-1,49,203
-1,49,207
-1,49,212
-1,49,223
-1,49,226
-1,49,227
-1,49,230
-1,49,231
-2,49,233
-1,49,237
1,49,239
-1,49,240
1,49,241
-1,49,242
1,49,243
1,49,244
1,49,246
1,49,247
1,49,248
2,49,249
2,49,250
1,49,251
0,49,252
0,49,253
2,49,254
-1,49,255
3,49,257
1,49,258
-1,49,259
2,49,260
1,49,261
2,49,262
3,49,263
1,49,264
2,49,265
1,49,266
2,49,267
1,49,268
1,49,271
-1,49,274
1,49,276
1,49,281
1,49,286
1,49,300
1,49,306
-1,49,309
1,49,316
-1,49,869
1,50,-15
1,50,-8
1,50,3
2,50,5
1,50,6
1,50,8
2,50,9
2,50,10
3,50,11
2,50,12
3,50,13
2,50,14
2,50,15
1,50,16
3,50,17
1,50,18
2,50,19
2,50,20
1,50,21
1,50,22
1,50,23
3,50,24
2,50,25
2,50,26
2,50,27
1,50,28
3,50,29
4,50,31
6,50,32
3,50,33
1,50,34
1,50,35
2,50,36
1,50,37
2,50,38
1,50,39
3,50,40
2,50,41
2,50,42
1,50,43
1,50,44
5,50,47
1,50,48
2,50,50
1,50,51
1,50,53
1,50,55
1,50,56
1,50,59
2,50,61
1,50,62
2,50,63
2,50,64
1,50,66
2,50,68
3,50,69
1,50,71
1,50,72
1,50,73
2,50,74
1,50,76
2,50,79
2,50,80
2,50,83
1,50,84
2,50,89
2,50,90
1,50,93
1,50,95
2,50,97
1,50,99
2,50,100
4,50,101
1,50,102
1,50,103
1,50,104
2,50,105
1,50,110
2,50,113
2,50,115
1,50,116
2,50,119
1,50,121
1,50,124
1,50,126
1,50,130
1,50,131
1,50,136
1,50,140
1,50,145
2,50,146
2,50,152
1,50,153
1,50,160
1,50,166
1,50,168
1,50,169
1,50,173
1,50,178
1,50,179
1,50,183
2,50,193
1,50,206
1,50,238
1,50,242
1,50,243
2,50,245
2,50,246
2,50,247
2,50,248
1,50,249
2,50,250
2,50,251
3,50,252
1,50,253
1,50,256
2,50,258
1,50,260
2,50,261
1,50,262
2,50,263
2,50,264
1,50,268
1,50,272
1,50,276
1,50,290
1,50,376
-1,50,444
-1,51,-14
-1,51,-6
-1,51,-3
-2,51,-2
-1,51,0
-3,51,2
-1,51,4
-2,51,5
0,51,6
-3,51,7
-1,51,8
-2,51,9
-1,51,10
3,51,11
-2,51,12
-4,51,13
1,51,14
-2,51,15
0,51,16
0,51,17
1,51,18
-5,51,19
0,51,20
-2,51,21
0,51,22
-1,51,23
1,51,24
-5,51,26
5,51,27
2,51,28
2,51,29
-4,51,30
0,51,31
4,51,32
1,51,33
-4,51,34
-1,51,35
0,51,36
1,51,37
-2,51,38
1,51,39
1,51,40
1,51,41
-1,51,42
-1,51,43
-1,51,45
-1,51,46
-1,51,47
1,51,48
-3,51,49
1,51,50
1,51,51
1,51,52
-2,51,53
1,51,54
-1,51,55
-1,51,56
-2,51,57
0,51,58
2,51,59
0,51,60
-4,51,61
2,51,62
-2,51,63
0,51,64
-1,51,66
-2,51,68
-1,51,69
-1,51,70
-3,51,72
1,51,75
-1,51,76
0,51,78
-1,51,79
0,51,80
-1,51,82
1,51,84
-2,51,85
-1,51,86
1,51,87
1,51,90
-3,51,91
-1,51,92
1,51,94
1,51,96
-1,51,97
0,51,100
-2,51,101
-1,51,102
1,51,103
-1,51,104
1,51,105
2,51,106
0,51,108
1,51,109
1,51,110
1,51,111
-1,51,112
1,51,113
4,51,115
0,51,116
3,51,117
1,51,118
2,51,119
0,51,120
0,51,121
2,51,122
1,51,123
-2,51,125
1,51,126
2,51,129
2,51,132
-2,51,133
1,51,134
-1,51,135
-1,51,137
0,51,139
-1,51,141
0,51,142
-2,51,143
0,51,144
-1,51,145
-1,51,151
1,51,152
-1,51,153
-2,51,154
-1,51,155
-1,51,156
-1,51,158
1,51,163
-1,51,165
0,51,171
-3,51,173
2,51,174
-1,51,175
-1,51,177
0,51,178
-2,51,179
-3,51,181
-4,51,184
-2,51,186
1,51,192
-3,51,194
-1,51,196
-1,51,197
-2,51,199
0,51,201
-2,51,203
1,51,204
1,51,206
-1,51,207
-1,51,217
-2,51,218
-1,51,220
-1,51,223
-1,51,224
-1,51,227
-1,51,229
-1,51,233
-1,51,234
-1,51,235
-1,51,236
-2,51,238
1,51,240
1,51,241
0,51,242
-2,51,243
1,51,244
1,51,246
2,51,247
-1,51,248
-2,51,249
1,51,250
1,51,251
0,51,252
3,51,253
2,51,256
1,51,257
2,51,258
1,51,259
2,51,260
1,51,261
1,51,263
0,51,264
-1,51,266
1,51,267
1,51,269
2,51,270
-1,51,272
1,51,273
1,51,274
2,51,275
1,51,278
1,51,280
1,51,281
1,51,287
-1,51,344
1,52,0
-1,52,2
-1,52,3
1,52,4
1,52,8
-1,52,10
-1,52,12
1,52,14
1,52,16
0,52,17
1,52,18
-1,52,20
-1,52,22
1,52,26
1,52,27
0,52,29
-1,52,31
1,52,34
-2,52,35
1,52,37
1,52,41
1,52,42
1,52,47
-2,52,48
-3,52,51
-1,52,53
-1,52,54
-1,52,56
-2,52,61
-1,52,63
-2,52,66
0,52,69
1,52,78
-1,52,89
-1,52,91
1,52,93
0,52,94
1,52,95
1,52,96
1,52,98
1,52,101
-1,52,102
1,52,103
1,52,106
1,52,107
1,52,111
-1,52,112
1,52,115
1,52,121
-1,52,122
1,52,131
-1,52,132
-2,52,135
-1,52,138
1,52,140
1,52,141
-1,52,146
-2,52,156
0,52,169
-1,52,173
-2,52,176
-1,52,178
-1,52,179
-1,52,184
-2,52,186
1,52,190
-1,52,204
-1,52,206
-1,52,209
-1,52,219
-2,52,237
-1,52,238
-1,52,240
2,52,241
1,52,242
-1,52,243
-1,52,245
2,52,246
1,52,247
1,52,248
0,52,252
1,52,253
1,52,255
1,52,257
1,52,262
1,52,264
1,52,288
-1,53,-18
1,53,-17
-1,53,-16
1,53,-6
-2,53,-5
-1,53,-1
1,53,0
0,53,1
-1,53,4
-3,53,5
0,53,6
-2,53,8
-5,53,10
2,53,11
-1,53,12
3,53,13
-2,53,14
1,53,15
-1,53,16
0,53,17
-1,53,18
1,53,20
-1,53,21
3,53,22
-7,53,23
1,53,24
3,53,25
1,53,26
0,53,27
1,53,28
0,53,29
3,53,30
5,53,31
0,53,32
-1,53,33
1,53,35
1,53,36
1,53,37
1,53,38
1,53,39
1,53,40
-1,53,41
1,53,42
1,53,43
-1,53,44
-1,53,45
-1,53,46
3,53,48
-1,53,49
-2,53,51
3,53,52
-2,53,53
-2,53,55
-4,53,57
0,53,58
-1,53,59
-1,53,60
1,53,62
1,53,63
1,53,64
1,53,65
-2,53,66
-1,53,67
2,53,68
-1,53,70
1,53,72
0,53,76
1,53,77
-1,53,78
-1,53,81
0,53,85
1,53,90
-1,53,93
1,53,94
-2,53,98
1,53,99
1,53,100
1,53,102
1,53,104
1,53,109
0,53,110
2,53,111
-2,53,115
-1,53,117
2,53,120
-2,53,121
-1,53,126
1,53,127
1,53,129
1,53,132
1,53,133
-1,53,134
-1,53,139
-1,53,140
-1,53,142
0,53,143
-1,53,145
-2,53,147
-1,53,149
-1,53,153
-1,53,154
-1,53,156
-1,53,158
-2,53,160
-1,53,166
1,53,167
-2,53,171
-3,53,173
1,53,174
-1,53,177
2,53,178
-1,53,181
1,53,183
-2,53,184
-3,53,186
-3,53,192
-1,53,194
1,53,197
-2,53,203
-1,53,207
-1,53,209
1,53,211
-1,53,214
-1,53,216
-2,53,220
-1,53,223
-4,53,227
-1,53,231
-1,53,233
1,53,234
-1,53,237
-2,53,239
-1,53,244
2,53,245
2,53,246
2,53,248
2,53,250
3,53,251
2,53,252
1,53,254
2,53,255
3,53,256
2,53,258
1,53,259
1,53,260
2,53,262
1,53,266
2,53,272
1,53,273
1,53,275
1,53,277
1,53,279
1,53,291
-1,53,292
1,53,295
-1,53,465
1,54,-6
1,54,-4
-1,54,-3
-1,54,0
0,54,3
1,54,4
1,54,5
-1,54,7
0,54,8
-1,54,10
3,54,11
-1,54,12
1,54,13
0,54,15
1,54,16
0,54,17
0,54,18
1,54,19
2,54,21
1,54,22
-2,54,23
1,54,24
2,54,25
-3,54,26
4,54,27
0,54,28
1,54,29
-2,54,30
2,54,31
1,54,32
2,54,34
0,54,35
3,54,36
1,54,37
0,54,38
1,54,39
-1,54,40
2,54,41
0,54,42
0,54,43
2,54,44
1,54,45
-2,54,47
0,54,48
-2,54,49
2,54,50
-1,54,51
-2,54,53
2,54,55
-3,54,56
2,54,58
2,54,59
-1,54,61
1,54,62
1,54,63
1,54,64
1,54,67
3,54,68
-1,54,69
1,54,70
-1,54,72
1,54,74
1,54,75
-1,54,76
-1,54,78
1,54,79
2,54,80
-1,54,81
0,54,82
1,54,83
2,54,84
-1,54,85
-1,54,86
1,54,88
1,54,92
1,54,94
1,54,96
-1,54,97
2,54,99
1,54,101
1,54,103
1,54,104
1,54,105
-1,54,106
2,54,109
-1,54,110
2,54,111
1,54,112
1,54,113
1,54,115
-2,54,116
1,54,119
1,54,120
0,54,123
1,54,124
1,54,128
1,54,130
1,54,132
-1,54,133
1,54,134
-1,54,135
-2,54,137
-1,54,140
1,54,141
-1,54,143
-1,54,144
0,54,145
-1,54,146
-1,54,148
-1,54,151
-1,54,154
-2,54,156
1,54,157
-2,54,158
-4,54,160
-1,54,161
1,54,162
1,54,163
-1,54,164
-1,54,165
-1,54,166
-1,54,167
2,54,168
-1,54,169
-2,54,171
-1,54,173
-1,54,174
0,54,176
-1,54,178
1,54,184
-3,54,186
-1,54,192
-3,54,196
-2,54,198
-1,54,206
-2,54,207
-1,54,213
1,54,217
-1,54,219
1,54,221
-1,54,232
-4,54,233
-1,54,235
-1,54,237
-2,54,238
0,54,240
-2,54,242
-2,54,243
0,54,245
3,54,246
-1,54,247
-3,54,248
1,54,249
1,54,251
5,54,252
-1,54,253
1,54,254
-1,54,255
2,54,256
3,54,257
1,54,258
-1,54,259
1,54,261
2,54,262
1,54,266
2,54,267
1,54,268
1,54,269
1,54,272
-1,54,274
2,54,279
1,54,284
1,54,297
1,54,345
-1,55,-10
1,55,-9
-1,55,-8
1,55,-6
-3,55,-3
-1,55,-1
-1,55,1
-1,55,2
-1,55,4
0,55,5
2,55,6
1,55,7
0,55,8
2,55,9
-5,55,10
2,55,11
-2,55,12
1,55,13
-1,55,14
3,55,15
1,55,16
-1,55,17
2,55,18
-1,55,19
1,55,20
2,55,21
1,55,22
-3,55,23
4,55,25
2,55,26
-6,55,27
0,55,29
0,55,30
3,55,31
2,55,32
-4,55,33
1,55,34
0,55,36
1,55,37
-1,55,38
0,55,43
-4,55,44
1,55,46
3,55,47
0,55,48
-1,55,49
-1,55,51
0,55,52
1,55,53
-3,55,55
0,55,56
1,55,57
3,55,59
-2,55,61
0,55,62
-1,55,63
1,55,64
-1,55,65
-1,55,66
0,55,68
1,55,69
1,55,71
-1,55,72
1,55,73
1,55,74
-1,55,76
1,55,77
1,55,78
2,55,80
1,55,82
0,55,83
1,55,85
2,55,87
2,55,88
-2,55,89
0,55,90
-1,55,91
2,55,92
1,55,94
1,55,95
1,55,98
1,55,99
0,55,100
-2,55,102
4,55,104
1,55,105
1,55,106
-1,55,109
1,55,110
2,55,114
-1,55,115
0,55,117
0,55,119
1,55,120
2,55,121
3,55,122
-1,55,124
-1,55,126
1,55,127
0,55,128
1,55,129
0,55,130
-1,55,134
-1,55,139
-1,55,140
-1,55,141
-1,55,143
1,55,144
2,55,146
-3,55,147
1,55,148
0,55,149
1,55,152
-1,55,154
-1,55,155
-1,55,156
-1,55,158
-1,55,160
-1,55,162
-1,55,164
-1,55,171
1,55,172
1,55,174
1,55,178
2,55,180
-1,55,181
-2,55,184
-2,55,188
1,55,189
-1,55,192
1,55,197
0,55,199
-1,55,201
1,55,204
0,55,205
1,55,206
-1,55,209
1,55,214
-2,55,223
-2,55,229
-1,55,231
-1,55,233
-1,55,236
-1,55,237
1,55,238
0,55,239
1,55,240
1,55,241
2,55,242
-4,55,244
2,55,245
0,55,246
2,55,247
1,55,249
1,55,251
2,55,253
3,55,254
2,55,255
1,55,256
1,55,257
0,55,259
2,55,260
2,55,262
1,55,264
1,55,266
2,55,267
2,55,269
1,55,273
1,55,279
3,55,288
1,55,298
1,55,299
1,55,309
1,55,419
-3,56,-6
-2,56,0
0,56,2
-2,56,4
2,56,5
-2,56,7
-1,56,8
-1,56,9
-1,56,10
1,56,11
-1,56,12
-6,56,13
1,56,14
-3,56,15
1,56,16
-1,56,17
0,56,19
-1,56,21
1,56,22
-2,56,23
1,56,25
-4,56,26
-2,56,28
3,56,29
-4,56,30
1,56,31
1,56,33
-3,56,34
1,56,36
2,56,37
-2,56,38
-1,56,40
1,56,41
-1,56,42
3,56,43
-1,56,45
2,56,46
-2,56,47
0,56,49
3,56,50
-1,56,51
1,56,54
-2,56,55
-1,56,56
0,56,57
0,56,58
-2,56,59
-2,56,61
1,56,63
1,56,67
0,56,68
-1,56,70
-1,56,72
1,56,73
1,56,76
1,56,77
-1,56,78
-1,56,80
0,56,81
-2,56,82
1,56,83
-1,56,85
2,56,87
1,56,88
1,56,90
-1,56,91
1,56,93
1,56,94
2,56,95
1,56,96
-1,56,97
1,56,99
1,56,101
2,56,102
1,56,105
0,56,106
-1,56,107
-2,56,108
2,56,109
-2,56,110
-1,56,112
1,56,114
1,56,115
3,56,117
-2,56,118
2,56,120
-1,56,122
0,56,125
-2,56,127
0,56,129
1,56,130
-1,56,132
0,56,133
-1,56,135
-1,56,137
-1,56,138
-1,56,140
0,56,143
0,56,144
1,56,145
-1,56,146
-1,56,148
-1,56,153
-1,56,160
-1,56,161
1,56,165
1,56,167
-1,56,169
-1,56,171
-1,56,173
1,56,174
1,56,175
-1,56,181
0,56,184
-2,56,186
-1,56,188
0,56,190
-1,56,191
-1,56,197
-1,56,200
-1,56,207
-1,56,214
-1,56,215
1,56,218
-1,56,237
-3,56,238
2,56,239
-1,56,240
1,56,242
-2,56,243
2,56,245
1,56,246
1,56,250
2,56,251
5,56,252
0,56,255
1,56,256
-1,56,257
-1,56,259
1,56,260
1,56,261
-1,56,262
2,56,263
1,56,265
1,56,266
-1,56,268
1,56,269
1,56,271
1,56,272
1,56,275
1,56,286
2,56,288
-1,56,496
-1,57,-8
-1,57,-5
-1,57,-3
-1,57,1
-2,57,5
-3,57,7
-3,57,8
-2,57,10
-1,57,13
-2,57,14
-1,57,15
-1,57,18
-1,57,20
-3,57,21
-1,57,22
-2,57,23
-1,57,25
0,57,27
-2,57,28
1,57,29
-2,57,30
-1,57,31
-2,57,33
1,57,34
1,57,35
-1,57,36
0,57,38
0,57,40
1,57,41
-1,57,42
-1,57,44
-3,57,46
0,57,48
1,57,52
-1,57,53
1,57,56
-1,57,57
0,57,58
-1,57,59
1,57,60
-1,57,61
0,57,66
-1,57,69
-1,57,71
-2,57,72
-1,57,74
-2,57,76
-1,57,78
-1,57,79
-2,57,81
0,57,82
-1,57,84
0,57,86
-1,57,104
-1,57,107
-1,57,109
0,57,111
1,57,113
-1,57,115
-2,57,118
-1,57,119
1,57,120
1,57,121
-1,57,122
1,57,126
-2,57,127
1,57,128
1,57,129
0,57,136
-1,57,138
-1,57,140
-1,57,141
-2,57,156
-1,57,158
-1,57,163
-1,57,164
-1,57,166
-1,57,171
-1,57,173
-1,57,176
-1,57,177
-1,57,178
-2,57,179
-1,57,181
1,57,183
1,57,186
-2,57,188
-1,57,190
-1,57,194
-1,57,196
-2,57,201
-1,57,202
-1,57,209
-1,57,212
-1,57,220
-1,57,235
-1,57,237
-1,57,238
0,57,240
-1,57,242
-1,57,244
1,57,245
0,57,246
2,57,247
-1,57,248
-1,57,250
3,57,253
1,57,261
-1,57,265
1,57,267
1,57,268
1,57,272
1,57,278
1,57,283
-1,57,291
-1,57,396
1,57,415
1,58,-15
-1,58,-7
1,58,-4
-1,58,-2
-2,58,-1
-3,58,0
2,58,2
1,58,3
-5,58,4
0,58,6
0,58,8
1,58,9
-1,58,10
-3,58,11
1,58,12
-3,58,13
3,58,14
0,58,15
1,58,16
2,58,17
1,58,18
-3,58,19
1,58,20
-6,58,21
3,58,22
-1,58,23
4,58,25
-4,58,26
3,58,27
-7,58,28
4,58,29
0,58,30
3,58,31
-5,58,32
1,58,33
-3,58,34
2,58,37
-3,58,38
-5,58,40
2,58,41
-1,58,42
3,58,43
-2,58,45
-2,58,47
1,58,48
-2,58,49
1,58,50
-1,58,51
0,58,53
0,58,54
-2,58,55
-1,58,57
1,58,58
2,58,59
1,58,60
0,58,61
1,58,62
-1,58,63
0,58,65
0,58,66
1,58,67
-1,58,69
1,58,70
1,58,71
1,58,72
2,58,73
0,58,74
1,58,75
-3,58,76
2,58,77
2,58,79
0,58,82
-1,58,85
-1,58,87
1,58,88
-1,58,89
-2,58,91
1,58,92
-1,58,93
1,58,95
2,58,96
-3,58,97
0,58,99
1,58,100
-1,58,101
1,58,103
1,58,104
2,58,105
-1,58,106
3,58,107
-2,58,110
4,58,111
-2,58,112
3,58,113
1,58,114
1,58,115
2,58,116
1,58,117
1,58,119
1,58,120
-1,58,121
2,58,122
-1,58,125
2,58,126
-1,58,127
1,58,129
-2,58,131
-1,58,132
1,58,133
1,58,134
-1,58,135
-1,58,137
1,58,138
-1,58,140
1,58,141
-1,58,145
-1,58,146
1,58,147
-1,58,148
1,58,149
-2,58,150
1,58,153
0,58,155
-3,58,156
1,58,158
1,58,161
-2,58,168
0,58,169
-2,58,173
1,58,174
0,58,179
2,58,180
1,58,182
1,58,183
-1,58,186
1,58,187
-1,58,190
1,58,193
-1,58,203
-1,58,207
0,58,218
1,58,219
-1,58,220
-1,58,225
-1,58,227
-2,58,231
-2,58,234
0,58,236
1,58,237
-1,58,238
2,58,240
1,58,241
1,58,243
0,58,244
0,58,245
0,58,247
2,58,248
1,58,249
4,58,250
0,58,251
1,58,252
2,58,253
2,58,254
0,58,255
2,58,256
0,58,257
3,58,258
1,58,259
1,58,260
1,58,261
-1,58,264
-2,58,266
1,58,267
1,58,268
1,58,269
1,58,271
1,58,272
1,58,273
1,58,274
1,58,283
-1,58,285
1,58,603
1,59,-27
-2,59,-3
-1,59,-1
-1,59,0
-1,59,1
-2,59,3
0,59,5
1,59,6
-1,59,7
-2,59,8
1,59,9
1,59,10
2,59,11
-1,59,12
0,59,13
-2,59,14
-2,59,15
0,59,16
-1,59,17
-3,59,18
0,59,20
-2,59,21
-3,59,23
-4,59,25
3,59,26
0,59,27
1,59,28
3,59,29
0,59,30
-3,59,31
-2,59,33
2,59,34
-1,59,35
-3,59,36
1,59,37
-3,59,38
2,59,39
-4,59,40
-1,59,42
1,59,43
-1,59,44
-1,59,45
-2,59,46
1,59,50
-1,59,51
2,59,52
-3,59,53
1,59,54
0,59,55
-1,59,56
0,59,57
1,59,58
1,59,59
-1,59,61
1,59,62
0,59,63
-3,59,66
-3,59,68
1,59,69
-1,59,70
2,59,71
0,59,72
1,59,73
0,59,74
-1,59,76
1,59,77
0,59,78
1,59,80
-1,59,81
0,59,82
1,59,84
1,59,87
1,59,88
-3,59,89
-1,59,91
-1,59,93
1,59,96
-1,59,98
-2,59,100
1,59,103
-1,59,104
1,59,105
-2,59,106
-2,59,109
0,59,110
-1,59,114
-1,59,118
-1,59,119
1,59,121
1,59,122
-1,59,123
-2,59,124
-2,59,125
0,59,127
-2,59,128
-1,59,130
-1,59,133
-3,59,134
1,59,136
1,59,138
1,59,141
0,59,143
-2,59,145
-1,59,147
-2,59,151
-1,59,153
2,59,155
-1,59,156
-3,59,158
-1,59,160
-3,59,162
-1,59,163
-1,59,164
-2,59,166
3,59,167
-1,59,168
-2,59,169
1,59,170
-5,59,173
-1,59,175
-1,59,176
-1,59,183
-1,59,184
-1,59,186
-1,59,188
-1,59,189
-3,59,191
-1,59,192
-1,59,194
1,59,195
-2,59,199
-1,59,201
0,59,205
-1,59,209
-1,59,218
-2,59,231
-4,59,235
-1,59,237
-1,59,239
1,59,240
-2,59,242
-1,59,244
-1,59,245
1,59,246
-1,59,247
1,59,249
1,59,250
4,59,251
-1,59,254
1,59,255
2,59,257
2,59,258
2,59,259
3,59,261
1,59,262
2,59,263
2,59,264
1,59,269
1,59,272
2,59,273
1,59,275
1,59,276
1,59,278
1,59,283
0,59,287
-1,60,-2
-1,60,-1
-4,60,0
-1,60,2
1,60,3
-1,60,4
1,60,5
-1,60,6
-3,60,7
2,60,8
1,60,10
1,60,11
1,60,12
-1,60,13
-2,60,15
1,60,16
-7,60,17
-3,60,19
5,60,20
1,60,22
-1,60,23
2,60,26
2,60,27
-1,60,28
3,60,29
1,60,30
4,60,31
0,60,32
1,60,33
-4,60,34
2,60,35
2,60,36
3,60,37
1,60,38
2,60,40
2,60,41
0,60,42
-1,60,43
2,60,44
-2,60,45
1,60,46
-1,60,47
1,60,48
3,60,50
-2,60,53
1,60,55
3,60,56
1,60,58
-1,60,59
1,60,60
-3,60,61
2,60,67
-1,60,68
1,60,71
-1,60,72
0,60,73
1,60,74
2,60,78
1,60,79
1,60,80
0,60,82
1,60,83
-1,60,89
1,60,90
-2,60,91
2,60,94
1,60,95
-2,60,99
-1,60,101
2,60,102
1,60,103
2,60,104
1,60,105
1,60,106
1,60,110
3,60,111
1,60,113
0,60,114
2,60,115
1,60,117
2,60,120
2,60,121
1,60,124
-1,60,125
1,60,126
-2,60,127
1,60,128
2,60,130
-2,60,131
1,60,132
0,60,133
0,60,135
-1,60,138
1,60,141
-2,60,144
2,60,147
1,60,150
-1,60,152
-1,60,153
1,60,158
-1,60,166
-1,60,167
0,60,168
1,60,169
-1,60,171
-1,60,175
1,60,176
-1,60,177
2,60,179
2,60,180
2,60,183
0,60,184
1,60,185
-1,60,188
0,60,190
-1,60,192
-1,60,198
1,60,201
-1,60,205
1,60,223
-1,60,229
-1,60,233
2,60,239
-2,60,241
1,60,243
-1,60,244
4,60,245
1,60,246
4,60,247
2,60,248
0,60,249
1,60,250
2,60,251
-1,60,253
1,60,254
2,60,255
3,60,256
3,60,257
1,60,258
1,60,260
2,60,261
3,60,262
1,60,264
2,60,269
1,60,289
-1,60,561
-1,61,-19
-1,61,-14
1,61,-13
1,61,-8
-1,61,-6
-4,61,0
-1,61,1
4,61,4
-3,61,5
1,61,6
1,61,8
-2,61,10
2,61,11
1,61,13
1,61,14
0,61,15
0,61,16
-2,61,17
0,61,18
1,61,19
-2,61,21
-2,61,23
-2,61,25
1,61,26
1,61,27
0,61,28
-1,61,29
1,61,30
-4,61,31
1,61,32
1,61,33
1,61,35
1,61,37
-2,61,38
1,61,39
1,61,40
-1,61,41
2,61,42
1,61,43
-1,61,44
0,61,45
-3,61,46
1,61,47
0,61,48
1,61,54
0,61,55
-2,61,59
-4,61,61
1,61,62
-2,61,63
-1,61,64
1,61,66
1,61,68
-1,61,70
-2,61,71
-1,61,74
-2,61,76
-2,61,78
1,61,80
2,61,84
-2,61,85
1,61,86
-1,61,89
1,61,93
1,61,94
0,61,95
0,61,96
1,61,99
1,61,100
2,61,102
2,61,105
2,61,108
-1,61,109
-1,61,110
2,61,111
0,61,113
1,61,115
1,61,117
-1,61,118
-1,61,119
-1,61,120
-2,61,121
1,61,122
1,61,123
1,61,124
2,61,127
-1,61,130
-1,61,132
-2,61,137
-1,61,139
-1,61,140
-1,61,141
1,61,143
1,61,144
1,61,145
1,61,146
-1,61,147
-1,61,150
-1,61,151
1,61,153
-1,61,154
0,61,155
-2,61,158
-1,61,161
-1,61,164
-1,61,166
-2,61,169
-1,61,171
-2,61,175
-1,61,177
-3,61,179
-1,61,181
-2,61,183
-1,61,184
1,61,185
-1,61,186
0,61,189
0,61,190
-2,61,191
-2,61,192
-1,61,194
-1,61,197
-1,61,199
1,61,205
-1,61,210
-2,61,212
1,61,213
-1,61,219
-1,61,225
-4,61,233
-1,61,235
-2,61,237
-1,61,239
2,61,241
2,61,242
1,61,244
1,61,245
2,61,246
2,61,248
2,61,249
2,61,250
1,61,252
-1,61,254
1,61,256
2,61,257
1,61,260
2,61,261
1,61,262
2,61,264
1,61,266
2,61,267
1,61,269
1,61,271
2,61,278
-2,61,281
2,61,283
1,61,284
1,61,367
1,62,-33
-1,62,-21
-1,62,-8
-1,62,-2
-5,62,0
0,62,2
-3,62,4
-1,62,6
-2,62,7
0,62,8
-2,62,9
-3,62,10
1,62,11
-1,62,12
-6,62,13
-2,62,15
1,62,16
-1,62,17
-4,62,19
-1,62,21
1,62,22
0,62,23
3,62,25
-1,62,26
-1,62,28
-3,62,30
1,62,31
2,62,32
-1,62,33
-3,62,34
-2,62,35
-1,62,36
2,62,37
1,62,38
-3,62,40
1,62,41
0,62,42
1,62,43
1,62,44
-2,62,45
1,62,46
-3,62,47
1,62,48
-3,62,49
-1,62,51
1,62,52
-1,62,53
0,62,54
-1,62,55
1,62,56
0,62,57
0,62,59
-3,62,61
2,62,62
-1,62,63
0,62,64
-2,62,66
-1,62,68
1,62,70
0,62,71
-1,62,72
1,62,74
-3,62,76
0,62,77
-1,62,78
-1,62,80
-1,62,81
1,62,83
-1,62,85
-1,62,87
0,62,88
1,62,92
-1,62,93
3,62,94
1,62,95
2,62,96
-2,62,97
-1,62,99
-1,62,100
1,62,101
-1,62,102
-1,62,110
-2,62,112
1,62,113
0,62,114
1,62,115
1,62,116
1,62,117
1,62,119
1,62,120
1,62,121
0,62,122
2,62,124
0,62,125
-1,62,129
2,62,130
2,62,131
-1,62,135
1,62,137
-1,62,140
-2,62,141
1,62,143
-1,62,144
-2,62,148
-1,62,150
-1,62,152
1,62,153
-2,62,154
-1,62,155
-1,62,156
-1,62,158
0,62,160
1,62,162
-1,62,165
2,62,167
0,62,168
1,62,169
-3,62,171
-1,62,173
-1,62,174
-3,62,177
-1,62,178
-1,62,179
1,62,180
1,62,181
-1,62,183
-1,62,184
-1,62,186
2,62,188
-1,62,189
-1,62,191
-2,62,192
-1,62,194
-2,62,200
-1,62,201
1,62,202
-1,62,210
-1,62,213
-1,62,217
-2,62,218
-1,62,220
-2,62,230
-1,62,231
-3,62,233
1,62,237
0,62,238
1,62,239
1,62,241
0,62,242
-4,62,243
1,62,244
1,62,245
0,62,246
0,62,247
1,62,248
3,62,250
-1,62,251
1,62,252
1,62,253
2,62,254
1,62,255
2,62,257
4,62,258
1,62,259
1,62,260
1,62,262
1,62,264
1,62,266
1,62,269
1,62,274
1,62,288
1,62,294
1,62,306
1,62,544
-1,63,-16
0,63,-10
-1,63,-5
-1,63,-3
-1,63,-1
-1,63,0
-2,63,3
-2,63,5
-1,63,8
-2,63,10
-1,63,12
-9,63,16
-1,63,18
1,63,19
-5,63,21
-1,63,23
1,63,24
-4,63,25
1,63,26
-2,63,27
-1,63,29
-4,63,31
-1,63,33
-1,63,38
1,63,39
0,63,40
-1,63,42
-3,63,44
-1,63,46
1,63,47
-3,63,53
0,63,57
1,63,58
-2,63,61
-2,63,63
1,63,64
-2,63,66
-4,63,68
-2,63,72
-1,63,74
-2,63,76
-1,63,78
2,63,80
1,63,85
-1,63,98
-3,63,100
-1,63,102
1,63,105
-1,63,106
-2,63,109
0,63,111
1,63,113
1,63,115
1,63,117
1,63,119
1,63,121
1,63,128
-1,63,129
1,63,132
-1,63,139
-2,63,141
-1,63,143
-1,63,145
-2,63,147
-1,63,154
1,63,155
-1,63,156
-2,63,158
-2,63,160
-1,63,164
-1,63,166
1,63,170
-1,63,171
-1,63,173
-2,63,184
-1,63,192
-3,63,201
-1,63,205
1,63,214
-1,63,237
1,63,245
-1,63,246
-2,63,248
1,63,255
1,63,260
-1,63,267
1,63,279
-1,63,396
-1,64,-18
-1,64,-11
-1,64,-7
-1,64,-4
-1,64,-3
-1,64,-1
-3,64,0
-1,64,2
1,64,3
-3,64,4
1,64,5
1,64,6
-1,64,7
0,64,8
-1,64,10
-1,64,11
1,64,12
-3,64,13
-3,64,15
-3,64,17
0,64,18
-2,64,19
2,64,20
-4,64,21
1,64,22
-5,64,23
2,64,24
-1,64,26
2,64,27
-1,64,28
1,64,29
-2,64,30
-2,64,31
-3,64,32
-3,64,34
-5,64,36
1,64,37
1,64,38
-5,64,40
-3,64,41
2,64,42
3,64,43
-2,64,45
0,64,46
-1,64,47
1,64,48
-1,64,49
-4,64,51
2,64,52
-1,64,53
0,64,55
1,64,56
-3,64,57
1,64,58
-2,64,59
-3,64,61
0,64,63
1,64,66
-2,64,68
2,64,69
1,64,70
-1,64,72
-1,64,73
2,64,75
-1,64,76
1,64,77
-1,64,78
2,64,80
-2,64,82
-2,64,85
-3,64,86
-1,64,87
1,64,88
0,64,89
-1,64,91
1,64,94
-1,64,95
-5,64,97
1,64,100
-1,64,101
-1,64,104
0,64,105
-3,64,108
1,64,109
0,64,110
1,64,111
-1,64,112
1,64,113
1,64,115
-1,64,116
-1,64,117
-1,64,118
-1,64,119
1,64,120
2,64,121
-2,64,125
1,64,126
-2,64,127
1,64,129
0,64,130
-1,64,131
-1,64,133
-1,64,134
-2,64,135
-2,64,137
-1,64,138
2,64,139
1,64,140
0,64,141
-1,64,143
2,64,144
-1,64,146
-1,64,150
-3,64,151
-1,64,153
0,64,155
1,64,156
0,64,158
1,64,159
-1,64,164
2,64,165
-2,64,168
-1,64,169
-1,64,171
-1,64,175
-2,64,179
-1,64,181
-1,64,186
-1,64,188
-1,64,190
1,64,193
1,64,195
-2,64,196
-2,64,197
-1,64,199
-2,64,200
-1,64,207
0,64,209
-1,64,212
-1,64,214
-1,64,217
-1,64,219
-2,64,220
1,64,221
1,64,226
-1,64,227
-1,64,232
-1,64,234
-3,64,235
-1,64,238
-1,64,240
1,64,241
-1,64,243
1,64,244
1,64,245
0,64,247
1,64,248
1,64,249
1,64,250
1,64,251
1,64,252
1,64,253
1,64,254
-2,64,255
2,64,256
1,64,257
1,64,258
2,64,260
2,64,262
2,64,265
1,64,266
1,64,267
-1,64,268
0,64,270
1,64,272
-1,64,274
1,64,275
1,64,283
1,64,284
1,64,317
-1,64,385
1,64,456
-1,64,549
1,65,-15
1,65,-9
1,65,-4
1,65,-1
-1,65,0
1,65,1
2,65,10
2,65,11
2,65,13
1,65,14
1,65,15
2,65,17
1,65,19
1,65,21
1,65,24
1,65,25
1,65,27
1,65,29
1,65,31
0,65,32
1,65,34
3,65,35
1,65,36
1,65,41
1,65,42
2,65,43
3,65,50
2,65,51
1,65,53
2,65,56
2,65,58
1,65,61
1,65,62
1,65,64
1,65,66
1,65,67
1,65,68
1,65,71
1,65,78
1,65,79
1,65,85
1,65,87
2,65,90
1,65,93
1,65,95
1,65,96
2,65,100
1,65,104
1,65,107
1,65,108
2,65,109
1,65,111
2,65,112
2,65,114
1,65,115
2,65,121
2,65,122
1,65,124
1,65,125
1,65,126
2,65,127
1,65,130
2,65,132
1,65,137
1,65,146
-1,65,147
1,65,154
1,65,155
1,65,156
1,65,162
1,65,166
1,65,168
1,65,169
1,65,171
1,65,172
1,65,176
1,65,183
1,65,184
1,65,185
1,65,186
1,65,190
1,65,200
1,65,225
1,65,237
2,65,241
1,65,242
2,65,243
2,65,245
2,65,246
1,65,247
2,65,248
2,65,250
3,65,251
1,65,252
2,65,253
1,65,254
1,65,255
2,65,256
5,65,257
1,65,258
1,65,259
1,65,260
2,65,262
1,65,263
1,65,270
1,65,278
1,65,283
1,65,285
-1,66,-40
-1,66,-23
1,66,-11
-1,66,-8
1,66,-5
-1,66,-3
-3,66,0
-1,66,2
-1,66,3
-1,66,4
-3,66,5
-2,66,6
-1,66,8
-3,66,10
-1,66,11
-4,66,12
-5,66,13
2,66,15
-3,66,17
1,66,18
-3,66,19
-2,66,21
3,66,22
0,66,23
-2,66,25
-1,66,27
-1,66,28
-2,66,30
-1,66,31
-2,66,33
-2,66,35
-1,66,36
1,66,37
-3,66,38
-3,66,40
1,66,41
-2,66,42
-1,66,43
0,66,44
-2,66,45
-1,66,46
-2,66,47
0,66,48
0,66,49
-1,66,51
2,66,53
1,66,55
-1,66,56
1,66,57
0,66,58
1,66,59
1,66,61
2,66,63
1,66,64
-1,66,66
-1,66,67
2,66,68
0,66,69
0,66,71
-1,66,72
-1,66,74
-1,66,76
1,66,77
0,66,78
-1,66,80
-1,66,85
1,66,86
-1,66,87
3,66,89
-2,66,91
1,66,92
-1,66,93
1,66,94
-1,66,95
1,66,96
-2,66,99
1,66,101
-1,66,102
2,66,103
-1,66,104
1,66,106
-2,66,109
1,66,110
0,66,111
2,66,116
1,66,117
-1,66,118
-1,66,119
-3,66,120
2,66,122
-1,66,126
-2,66,127
-1,66,128
0,66,130
-1,66,132
1,66,134
0,66,135
-1,66,136
-1,66,137
-1,66,139
1,66,140
-1,66,141
-1,66,143
-1,66,144
-2,66,145
-1,66,146
0,66,147
-1,66,148
-2,66,149
-1,66,151
1,66,152
-1,66,154
0,66,155
-3,66,156
-2,66,158
-2,66,160
1,66,161
1,66,162
1,66,165
-4,66,169
-2,66,171
1,66,172
-1,66,173
-1,66,174
-2,66,175
-1,66,178
-1,66,179
1,66,180
-1,66,181
-1,66,184
-3,66,186
-1,66,187
-1,66,188
-1,66,189
-2,66,190
-1,66,194
1,66,197
-1,66,199
-2,66,201
-1,66,205
-1,66,206
-1,66,209
2,66,211
-3,66,216
-3,66,218
-1,66,219
-1,66,220
-3,66,223
-1,66,229
-1,66,232
-4,66,235
0,66,237
-1,66,242
-1,66,243
1,66,244
1,66,245
2,66,246
3,66,247
2,66,248
1,66,250
1,66,251
1,66,253
1,66,254
4,66,256
1,66,257
-1,66,258
1,66,259
1,66,262
1,66,265
1,66,268
1,66,269
1,66,270
1,66,272
1,66,278
1,66,288
1,66,289
1,66,468
1,67,-28
-1,67,-16
-1,67,-9
-1,67,-6
-1,67,0
-1,67,3
1,67,6
-1,67,7
2,67,11
-1,67,13
2,67,15
-2,67,17
2,67,20
1,67,21
0,67,22
2,67,23
1,67,25
0,67,26
2,67,27
-1,67,28
2,67,29
-2,67,30
-1,67,31
-1,67,33
1,67,34
-1,67,35
1,67,36
1,67,39
0,67,40
2,67,42
-1,67,45
1,67,46
2,67,47
-1,67,48
1,67,50
-1,67,51
0,67,52
1,67,53
-1,67,54
-2,67,56
-1,67,58
1,67,59
1,67,60
1,67,63
0,67,64
-1,67,66
1,67,67
2,67,68
1,67,69
1,67,70
-1,67,71
1,67,78
2,67,83
1,67,84
1,67,87
1,67,88
1,67,89
1,67,90
1,67,91
-1,67,92
1,67,94
1,67,95
-1,67,97
1,67,98
1,67,100
2,67,103
1,67,105
-1,67,110
1,67,113
1,67,115
-1,67,117
-1,67,120
1,67,122
-1,67,123
1,67,124
1,67,125
2,67,126
-1,67,127
1,67,129
1,67,131
2,67,132
2,67,133
1,67,134
1,67,135
1,67,137
1,67,138
1,67,142
0,67,143
-1,67,146
-2,67,150
1,67,152
-2,67,158
1,67,159
-1,67,161
1,67,163
1,67,164
2,67,165
-1,67,166
1,67,167
1,67,171
-1,67,174
1,67,175
-1,67,179
1,67,181
1,67,184
2,67,188
0,67,189
1,67,190
-1,67,191
-1,67,194
1,67,195
-2,67,197
1,67,200
-1,67,201
1,67,205
-1,67,214
-2,67,233
0,67,235
1,67,236
-1,67,237
2,67,240
1,67,241
-1,67,242
-1,67,243
1,67,244
2,67,245
3,67,246
0,67,247
1,67,248
2,67,249
1,67,250
1,67,251
4,67,256
4,67,257
-1,67,258
1,67,259
1,67,260
1,67,261
1,67,262
1,67,264
1,67,267
1,67,268
1,67,269
1,67,276
1,67,277
1,67,279
1,67,282
1,67,284
1,67,306
-2,68,-8
-1,68,-6
-2,68,-5
-1,68,-1
1,68,0
-1,68,2
-2,68,3
-1,68,4
-3,68,5
-2,68,8
-1,68,10
-2,68,11
-5,68,12
-1,68,14
-1,68,15
-4,68,16
-1,68,17
-2,68,18
-2,68,19
-1,68,21
-5,68,23
-2,68,25
-1,68,26
-1,68,27
-1,68,28
-2,68,29
-2,68,30
1,68,31
-3,68,33
-1,68,36
1,68,38
0,68,40
1,68,41
0,68,42
-1,68,46
-2,68,48
-2,68,51
-3,68,53
-1,68,55
-1,68,56
-4,68,57
-2,68,61
-1,68,63
-1,68,65
-2,68,67
-1,68,72
1,68,74
-4,68,76
1,68,77
-2,68,78
-1,68,80
-1,68,81
-1,68,85
-1,68,87
-1,68,90
-1,68,91
-2,68,93
0,68,101
-2,68,104
-1,68,106
1,68,107
1,68,109
-1,68,110
-2,68,111
1,68,114
-2,68,115
-2,68,119
1,68,120
-1,68,121
1,68,126
-2,68,127
-1,68,130
-1,68,132
-1,68,137
1,68,138
-1,68,139
-4,68,141
-1,68,143
-4,68,145
-1,68,147
-1,68,151
-1,68,152
-1,68,154
-3,68,158
-2,68,160
-3,68,162
0,68,163
0,68,165
-1,68,171
-4,68,173
-3,68,175
-1,68,177
1,68,179
-3,68,181
-2,68,186
-3,68,190
-1,68,192
-1,68,194
-1,68,196
1,68,204
-1,68,205
-1,68,216
-1,68,218
-2,68,220
-1,68,223
-1,68,225
-2,68,229
-1,68,231
-2,68,233
-1,68,235
-1,68,237
0,68,239
2,68,241
1,68,242
1,68,246
-1,68,250
1,68,251
1,68,253
-1,68,255
1,68,258
1,68,267
-1,68,272
1,68,282
-1,68,346
-1,68,407
1,69,-20
1,69,-13
-1,69,-8
-1,69,-6
-1,69,-4
2,69,0
3,69,1
1,69,3
0,69,5
-1,69,7
-2,69,10
1,69,11
-1,69,12
1,69,13
0,69,15
0,69,17
-2,69,18
-1,69,20
1,69,22
-1,69,26
2,69,27
0,69,28
2,69,29
0,69,30
3,69,31
1,69,33
2,69,34
-1,69,35
-1,69,38
-2,69,40
-1,69,41
1,69,44
1,69,47
1,69,50
1,69,52
1,69,57
-2,69,58
2,69,65
1,69,66
0,69,68
1,69,70
1,69,71
1,69,72
1,69,74
0,69,79
2,69,83
-2,69,84
-1,69,86
1,69,88
1,69,89
1,69,92
1,69,93
1,69,96
1,69,99
1,69,100
1,69,104
1,69,109
-1,69,110
-1,69,112
2,69,114
1,69,116
-1,69,118
1,69,120
-1,69,122
2,69,123
3,69,124
-2,69,125
2,69,126
0,69,127
1,69,129
2,69,132
-1,69,133
1,69,134
1,69,137
-1,69,140
1,69,142
-2,69,143
1,69,144
1,69,145
1,69,146
1,69,147
1,69,151
-1,69,155
0,69,158
1,69,160
-1,69,161
2,69,163
1,69,164
0,69,168
1,69,169
1,69,170
-1,69,171
0,69,174
0,69,178
1,69,186
-1,69,187
1,69,188
1,69,191
1,69,193
-3,69,194
-1,69,196
-1,69,210
-1,69,214
1,69,216
-2,69,219
-1,69,227
-1,69,229
1,69,234
1,69,235
2,69,237
2,69,239
0,69,240
5,69,241
-1,69,242
2,69,243
2,69,246
2,69,248
1,69,250
2,69,251
3,69,252
1,69,253
2,69,256
2,69,257
1,69,258
1,69,259
1,69,262
1,69,265
1,69,266
1,69,268
1,69,273
1,69,285
-1,70,-19
-1,70,-10
-3,70,-6
-2,70,-5
-1,70,-3
-1,70,-1
-7,70,0
1,70,1
-3,70,3
-3,70,4
-5,70,5
-2,70,7
-1,70,8
-1,70,9
-5,70,10
-3,70,11
-1,70,12
-1,70,13
-3,70,16
1,70,18
-2,70,19
-3,70,21
-2,70,23
-1,70,25
-1,70,26
-4,70,27
-2,70,28
-1,70,29
-1,70,30
0,70,31
1,70,32
-3,70,33
0,70,34
1,70,35
-1,70,36
1,70,37
-2,70,38
-5,70,40
-1,70,42
2,70,43
-2,70,44
-1,70,46
-1,70,48
1,70,50
-1,70,51
-3,70,53
-2,70,55
2,70,56
-1,70,57
1,70,58
-1,70,59
-3,70,61
1,70,62
-1,70,63
1,70,65
2,70,66
2,70,67
-1,70,68
1,70,69
-3,70,70
-2,70,72
-1,70,74
1,70,75
-3,70,76
1,70,77
0,70,78
-1,70,82
-3,70,83
1,70,84
-2,70,87
0,70,89
1,70,91
1,70,93
-1,70,95
-2,70,96
-1,70,99
-1,70,100
1,70,101
0,70,104
2,70,105
-1,70,106
1,70,108
1,70,109
-1,70,110
-1,70,113
1,70,114
1,70,115
1,70,117
-3,70,119
-1,70,121
2,70,122
-1,70,124
-1,70,125
2,70,126
2,70,127
1,70,128
1,70,129
-2,70,130
2,70,131
-1,70,133
0,70,134
-2,70,136
-2,70,137
2,70,138
-2,70,141
-5,70,143
1,70,144
0,70,145
-2,70,147
-1,70,149
-2,70,150
-5,70,151
-1,70,154
-3,70,156
1,70,157
-2,70,158
-1,70,160
-2,70,162
-3,70,164
-2,70,165
0,70,166
1,70,167
1,70,168
-1,70,171
-3,70,173
1,70,174
-1,70,175
1,70,176
-6,70,177
1,70,178
1,70,180
-1,70,181
-1,70,184
-2,70,186
-2,70,188
-2,70,190
-2,70,192
-5,70,194
-2,70,196
-1,70,198
-1,70,200
-1,70,201
-1,70,203
-4,70,205
1,70,206
-1,70,207
-1,70,214
1,70,219
-1,70,228
-4,70,229
-1,70,233
-3,70,235
0,70,236
0,70,237
1,70,238
-1,70,239
2,70,240
-1,70,241
2,70,242
2,70,243
1,70,244
1,70,245
2,70,247
5,70,248
2,70,249
1,70,250
3,70,251
1,70,252
1,70,253
1,70,254
-1,70,255
2,70,256
2,70,257
1,70,260
4,70,263
1,70,264
1,70,268
1,70,269
2,70,271
1,70,272
1,70,274
2,70,279
1,70,289
1,70,293
1,70,302
-1,70,304
-1,70,306
1,70,308
-1,70,369
-1,71,-18
-4,71,-13
1,71,-5
-1,71,-3
0,71,-1
2,71,0
-1,71,2
-1,71,3
-1,71,5
-1,71,7
-2,71,8
-1,71,10
1,71,11
-1,71,12
-1,71,13
-2,71,15
-4,71,17
-2,71,20
1,71,21
1,71,22
-2,71,23
1,71,24
1,71,25
0,71,28
1,71,29
-3,71,30
-3,71,31
1,71,32
-1,71,33
-1,71,34
1,71,35
2,71,38
1,71,39
1,71,42
0,71,45
1,71,47
-1,71,49
0,71,51
1,71,52
3,71,53
-1,71,54
-3,71,58
0,71,59
1,71,60
-1,71,68
2,71,70
0,71,71
1,71,73
0,71,74
1,71,75
1,71,81
-1,71,87
0,71,89
1,71,94
1,71,96
-1,71,97
-1,71,103
-1,71,105
2,71,106
1,71,107
2,71,110
1,71,112
1,71,113
1,71,115
1,71,117
1,71,118
1,71,119
2,71,120
0,71,121
-1,71,123
1,71,127
1,71,128
-1,71,130
1,71,132
-1,71,133
1,71,134
-1,71,140
-1,71,141
1,71,142
1,71,146
-1,71,151
1,71,153
1,71,154
-1,71,155
0,71,160
-1,71,162
-2,71,163
-1,71,164
-1,71,166
1,71,168
1,71,173
-2,71,176
-1,71,177
-1,71,178
-2,71,179
2,71,180
1,71,184
1,71,192
1,71,193
0,71,194
-1,71,197
1,71,199
-1,71,202
-1,71,208
-2,71,209
-2,71,210
-1,71,214
-2,71,216
-2,71,218
-1,71,219
-2,71,220
-1,71,223
0,71,225
-1,71,230
2,71,236
-1,71,237
-1,71,238
2,71,239
4,71,241
1,71,242
5,71,243
1,71,244
-1,71,245
2,71,246
2,71,247
1,71,248
1,71,250
1,71,251
0,71,252
3,71,253
1,71,254
2,71,255
1,71,256
2,71,257
6,71,258
1,71,261
1,71,262
1,71,263
1,71,264
1,71,265
1,71,267
1,71,268
1,71,271
1,71,283
1,71,294
1,71,301
-1,72,-16
-1,72,-3
-1,72,-1
-1,72,0
-1,72,3
-1,72,5
-2,72,7
1,72,8
-3,72,10
-1,72,12
0,72,13
1,72,14
-1,72,15
-1,72,16
-2,72,18
-2,72,21
-4,72,23
-3,72,25
-2,72,26
2,72,27
1,72,29
0,72,30
0,72,31
1,72,34
-1,72,36
3,72,37
-1,72,38
1,72,43
-1,72,44
2,72,47
0,72,48
-1,72,49
-3,72,51
-1,72,53
0,72,56
1,72,58
1,72,61
2,72,62
-1,72,63
-3,72,64
-1,72,66
1,72,67
-1,72,69
-1,72,70
2,72,71
0,72,72
2,72,75
-1,72,76
2,72,79
2,72,80
-2,72,81
-1,72,83
1,72,84
-1,72,86
-1,72,87
3,72,89
-1,72,91
1,72,93
2,72,96
-1,72,99
-1,72,100
1,72,101
-1,72,102
1,72,110
1,72,113
-1,72,114
-1,72,115
1,72,116
3,72,117
1,72,119
1,72,120
-2,72,122
-3,72,124
-2,72,126
1,72,128
-1,72,130
1,72,131
-1,72,132
-1,72,133
-2,72,135
2,72,136
1,72,138
-3,72,141
-1,72,143
2,72,146
1,72,147
-1,72,149
-1,72,153
-2,72,154
-2,72,156
2,72,159
-1,72,161
-1,72,163
-1,72,164
1,72,165
-2,72,168
-1,72,169
-2,72,171
-3,72,177
-1,72,178
-1,72,179
1,72,180
-1,72,181
1,72,182
-3,72,183
-2,72,184
-1,72,188
-1,72,189
0,72,190
1,72,192
-1,72,194
-1,72,199
-1,72,207
-1,72,212
-2,72,216
-2,72,232
-1,72,233
2,72,234
-2,72,235
1,72,236
-2,72,237
2,72,239
1,72,240
4,72,242
2,72,243
-1,72,244
-1,72,245
3,72,246
5,72,247
1,72,251
2,72,252
1,72,253
1,72,255
3,72,256
2,72,257
1,72,259
4,72,260
1,72,261
1,72,262
1,72,264
1,72,271
1,72,276
1,72,279
-1,72,294
1,72,325
-1,72,452
-1,73,-12
-2,73,-11
-1,73,-9
-1,73,-8
-1,73,-2
-3,73,0
-1,73,2
-2,73,4
1,73,5
-2,73,7
1,73,9
-2,73,11
-2,73,13
1,73,14
-6,73,15
-3,73,17
-2,73,19
0,73,21
-2,73,23
1,73,25
-2,73,26
-3,73,28
-1,73,30
-2,73,32
-1,73,34
1,73,35
-3,73,36
-3,73,38
-1,73,41
-3,73,42
1,73,43
-2,73,45
-2,73,49
-1,73,53
-2,73,55
-3,73,57
-1,73,59
-5,73,63
-2,73,69
-1,73,71
-3,73,72
-1,73,74
-2,73,78
1,73,80
-1,73,82
-1,73,87
-1,73,91
-2,73,97
2,73,99
-1,73,101
-1,73,104
-1,73,108
-1,73,111
-3,73,112
1,73,115
1,73,118
1,73,119
1,73,121
-1,73,125
-1,73,129
-5,73,131
-1,73,133
-4,73,135
1,73,137
-1,73,138
-2,73,145
-2,73,147
0,73,148
1,73,150
-1,73,151
-1,73,152
-2,73,156
-1,73,158
-1,73,160
-1,73,162
-1,73,163
-1,73,169
-1,73,171
-1,73,175
1,73,176
-2,73,179
-1,73,181
-1,73,184
-1,73,192
-1,73,200
0,73,203
-2,73,207
1,73,216
-1,73,218
-1,73,220
-1,73,223
-1,73,232
-1,73,236
-2,73,238
1,73,241
-1,73,243
0,73,245
2,73,246
1,73,247
1,73,248
1,73,249
1,73,251
1,73,252
0,73,253
1,73,254
1,73,255
-1,73,257
-1,73,259
-2,73,262
1,73,263
1,73,264
1,73,267
1,73,270
-1,73,394
1,73,501
-1,74,-10
-1,74,-5
1,74,-4
-3,74,-3
-1,74,-1
-2,74,0
-1,74,2
-3,74,3
-2,74,5
1,74,6
-1,74,7
-5,74,8
1,74,9
-5,74,10
-4,74,12
-2,74,13
-1,74,15
1,74,16
1,74,17
-3,74,18
-1,74,20
-1,74,21
-3,74,23
1,74,25
-2,74,26
1,74,27
1,74,28
-1,74,29
-3,74,33
0,74,36
2,74,37
-1,74,38
1,74,41
-1,74,42
1,74,43
1,74,44
0,74,45
1,74,46
-1,74,48
2,74,50
-2,74,51
2,74,52
-3,74,53
-2,74,55
1,74,58
2,74,59
1,74,63
1,74,67
1,74,71
0,74,72
1,74,78
1,74,80
-1,74,83
-1,74,85
0,74,87
1,74,90
3,74,92
1,74,98
-1,74,99
-1,74,100
-1,74,104
-1,74,109
1,74,114
1,74,116
0,74,117
-1,74,119
1,74,121
-1,74,122
1,74,124
-1,74,125
1,74,127
-2,74,128
0,74,130
0,74,132
1,74,133
1,74,134
-2,74,135
-2,74,137
-1,74,138
-1,74,140
-2,74,141
1,74,142
-3,74,143
-6,74,145
-2,74,147
-4,74,149
1,74,150
-1,74,151
1,74,152
-1,74,153
-2,74,155
1,74,156
-4,74,158
2,74,159
-1,74,160
-1,74,162
1,74,163
-1,74,164
-5,74,166
1,74,167
1,74,168
-3,74,169
-2,74,173
-1,74,174
-1,74,175
1,74,176
-2,74,177
-1,74,178
-1,74,179
-1,74,181
-1,74,183
-2,74,184
-1,74,188
-2,74,190
-1,74,191
-4,74,192
-2,74,194
-1,74,196
-2,74,197
-2,74,201
1,74,202
-1,74,207
-1,74,209
-2,74,214
0,74,216
-1,74,231
0,74,234
-1,74,235
-3,74,237
2,74,241
1,74,242
3,74,243
1,74,246
3,74,247
1,74,248
1,74,249
1,74,250
3,74,251
2,74,252
1,74,253
1,74,255
1,74,256
1,74,258
2,74,260
1,74,261
2,74,262
2,74,263
1,74,264
1,74,265
1,74,266
1,74,267
1,74,269
1,74,271
1,74,279
1,74,280
4,74,290
1,74,378
-1,74,405
-1,75,-18
1,75,-15
1,75,-12
-1,75,-5
-1,75,-2
-1,75,-1
-2,75,0
-2,75,2
-1,75,3
-2,75,5
-3,75,7
-1,75,8
-2,75,10
-1,75,11
-2,75,12
-2,75,13
-2,75,15
-7,75,17
-1,75,19
0,75,22
-2,75,23
-7,75,26
-4,75,28
1,75,29
-2,75,30
-1,75,32
-2,75,36
2,75,37
-1,75,41
-3,75,45
1,75,46
0,75,47
-1,75,48
-1,75,51
-1,75,53
0,75,55
-1,75,57
1,75,59
1,75,60
-2,75,61
2,75,62
0,75,63
-1,75,64
-1,75,66
-2,75,70
-1,75,71
1,75,74
-1,75,78
-6,75,82
-1,75,84
-1,75,85
-1,75,87
0,75,91
-2,75,93
-2,75,95
2,75,96
1,75,97
-1,75,100
0,75,106
-1,75,107
2,75,109
-1,75,110
-1,75,112
1,75,113
-1,75,114
1,75,115
0,75,116
-1,75,118
1,75,120
1,75,121
-1,75,123
1,75,126
-1,75,130
-1,75,132
-1,75,134
1,75,135
-1,75,136
0,75,138
1,75,139
-3,75,140
0,75,141
2,75,142
-1,75,143
0,75,144
-1,75,145
0,75,146
-2,75,148
-1,75,149
-1,75,150
1,75,151
1,75,152
2,75,153
-1,75,155
-2,75,156
-2,75,158
-2,75,160
0,75,163
1,75,164
-1,75,165
-1,75,166
0,75,168
0,75,169
-3,75,171
1,75,172
-4,75,173
1,75,174
0,75,175
-1,75,176
-1,75,178
0,75,179
-1,75,181
-1,75,183
2,75,185
1,75,186
-1,75,187
-1,75,191
-1,75,194
-1,75,198
-1,75,200
-1,75,204
-1,75,207
-1,75,209
-1,75,212
-1,75,213
-1,75,216
-1,75,217
-2,75,223
-1,75,225
-1,75,229
-1,75,231
-2,75,233
0,75,235
-1,75,238
1,75,240
1,75,241
3,75,242
-1,75,243
-1,75,245
1,75,246
0,75,247
3,75,248
0,75,249
1,75,250
7,75,251
0,75,252
1,75,253
1,75,254
2,75,256
4,75,257
2,75,258
1,75,259
2,75,262
1,75,263
1,75,268
1,75,276
1,75,278
1,75,284
1,75,299
-1,75,407
1,76,-28
-1,76,-16
-1,76,-14
-1,76,-8
-2,76,-3
-2,76,0
-1,76,3
-2,76,5
1,76,7
2,76,8
1,76,9
-1,76,10
-2,76,12
1,76,13
-2,76,14
-1,76,18
3,76,20
-1,76,21
-2,76,23
-2,76,25
2,76,27
1,76,29
1,76,30
2,76,31
1,76,33
1,76,37
0,76,38
-2,76,42
-4,76,44
0,76,46
-3,76,48
1,76,49
1,76,51
1,76,52
2,76,53
-1,76,55
1,76,56
0,76,57
-1,76,61
-3,76,72
1,76,73
1,76,74
-1,76,76
-1,76,78
1,76,80
-2,76,85
1,76,94
1,76,95
1,76,97
1,76,100
-2,76,104
1,76,107
1,76,109
1,76,110
0,76,111
1,76,112
-1,76,115
-1,76,119
1,76,120
-2,76,124
-2,76,126
2,76,127
1,76,128
-2,76,132
1,76,133
1,76,134
-2,76,136
1,76,138
-4,76,139
-1,76,141
-2,76,143
1,76,144
1,76,145
1,76,146
1,76,147
-6,76,149
-1,76,151
1,76,153
-1,76,154
-4,76,156
-3,76,158
1,76,168
1,76,169
-3,76,171
-3,76,173
1,76,174
1,76,178
0,76,181
-1,76,186
0,76,188
-1,76,190
-2,76,192
-1,76,194
-1,76,201
1,76,202
-1,76,203
-1,76,205
1,76,208
-1,76,229
-1,76,231
0,76,233
-1,76,235
2,76,236
0,76,237
-1,76,239
1,76,240
1,76,241
2,76,243
2,76,244
1,76,246
2,76,247
2,76,248
1,76,249
1,76,250
3,76,251
2,76,252
3,76,253
-1,76,254
3,76,256
1,76,257
2,76,258
3,76,260
1,76,262
1,76,263
1,76,264
1,76,265
1,76,266
1,76,277
1,76,279
1,76,285
1,76,297
1,76,308
1,76,485
-1,77,-25
-1,77,-23
-1,77,-18
-1,77,-13
2,77,-10
-1,77,-8
-1,77,-7
-1,77,-2
-1,77,0
-4,77,4
-1,77,5
-1,77,7
-2,77,8
-2,77,9
-1,77,10
-4,77,11
-5,77,13
-4,77,15
-3,77,17
-1,77,18
-1,77,19
-1,77,20
-2,77,21
2,77,22
-4,77,23
-2,77,25
-6,77,26
-3,77,28
1,77,29
-2,77,30
1,77,31
0,77,34
-1,77,36
1,77,37
-2,77,38
-1,77,40
-2,77,43
1,77,44
1,77,45
-1,77,47
-1,77,48
-2,77,49
-2,77,51
-1,77,55
0,77,56
-1,77,61
-1,77,65
-2,77,66
-1,77,69
1,77,74
1,77,77
-2,77,78
-1,77,81
-1,77,82
-1,77,84
0,77,85
2,77,90
-2,77,91
-1,77,93
1,77,94
-1,77,97
-1,77,101
-2,77,102
-1,77,103
-1,77,104
0,77,105
-1,77,106
-1,77,108
1,77,114
-2,77,116
2,77,117
1,77,119
0,77,120
-2,77,122
-1,77,125
1,77,126
-1,77,127
-1,77,128
-2,77,129
1,77,131
0,77,132
-1,77,133
2,77,134
0,77,136
-2,77,137
-1,77,138
1,77,139
-1,77,141
-1,77,143
-1,77,144
1,77,145
1,77,148
-3,77,150
-4,77,151
-1,77,152
-1,77,154
1,77,155
-2,77,156
-3,77,158
1,77,159
-3,77,160
1,77,161
-3,77,163
-1,77,164
-1,77,169
-1,77,171
1,77,172
-2,77,173
-1,77,174
-1,77,176
-1,77,177
1,77,178
1,77,180
0,77,184
1,77,188
1,77,189
-1,77,192
1,77,193
0,77,197
-1,77,205
1,77,206
-1,77,209
1,77,214
-1,77,215
-1,77,218
-1,77,228
-1,77,229
1,77,232
-2,77,233
-3,77,235
-1,77,236
1,77,237
-2,77,240
1,77,241
1,77,242
2,77,243
2,77,244
0,77,245
1,77,246
-2,77,247
1,77,248
1,77,249
-1,77,250
2,77,251
1,77,252
2,77,255
2,77,256
-1,77,257
1,77,258
1,77,259
3,77,260
2,77,264
1,77,272
1,77,277
1,77,281
1,77,286
1,77,290
1,77,316
1,77,326
-1,78,-12
1,78,-7
-3,78,-3
-1,78,1
-3,78,3
-1,78,5
0,78,8
-6,78,10
-1,78,12
1,78,13
0,78,16
-1,78,18
-2,78,21
-1,78,23
1,78,25
-1,78,27
-1,78,31
-2,78,36
-4,78,38
-1,78,42
-1,78,44
-1,78,48
-1,78,55
1,78,57
1,78,59
1,78,60
-1,78,61
-1,78,63
1,78,64
-2,78,68
1,78,72
1,78,74
-1,78,76
1,78,78
1,78,83
1,78,84
-1,78,87
1,78,89
-1,78,96
1,78,97
-1,78,102
1,78,105
1,78,109
3,78,110
1,78,111
0,78,121
-1,78,124
1,78,125
0,78,126
-1,78,128
0,78,130
1,78,131
-1,78,132
0,78,134
2,78,135
1,78,138
0,78,139
2,78,141
3,78,142
-3,78,145
1,78,146
1,78,147
-3,78,149
1,78,150
-2,78,151
0,78,156
-1,78,160
1,78,161
-2,78,162
0,78,164
1,78,165
1,78,167
2,78,168
-2,78,169
-1,78,171
-1,78,173
-1,78,175
1,78,176
1,78,178
-2,78,179
-1,78,181
-1,78,186
0,78,188
-1,78,190
2,78,194
0,78,196
2,78,197
1,78,206
-1,78,209
-1,78,214
-1,78,224
-2,78,229
-2,78,231
0,78,233
0,78,235
1,78,237
0,78,239
1,78,240
1,78,241
3,78,242
4,78,243
3,78,244
4,78,246
4,78,247
3,78,249
2,78,250
1,78,251
2,78,253
2,78,255
1,78,257
1,78,259
1,78,262
1,78,267
1,78,268
1,78,270
1,78,274
1,78,294
-1,79,-28
-1,79,-13
-1,79,-9
-2,79,-5
-1,79,-4
-2,79,-3
-1,79,-1
-2,79,0
-2,79,2
-1,79,4
-4,79,7
-2,79,8
-1,79,10
-1,79,12
-3,79,13
-3,79,15
-5,79,17
-1,79,18
-1,79,19
-5,79,21
-1,79,22
-2,79,23
-6,79,26
1,79,27
-1,79,28
1,79,29
-1,79,30
-2,79,32
-3,79,34
-3,79,36
0,79,38
-1,79,41
-1,79,42
1,79,43
-3,79,45
-1,79,46
-2,79,47
-1,79,49
-1,79,53
-1,79,54
-1,79,56
-3,79,57
-1,79,59
-1,79,64
-1,79,66
-1,79,71
-1,79,72
0,79,73
-1,79,74
-4,79,80
-1,79,81
-1,79,82
-2,79,87
-1,79,88
-1,79,89
1,79,93
-2,79,97
-1,79,99
1,79,101
-1,79,104
-1,79,107
-1,79,108
-4,79,112
-3,79,114
-1,79,115
-2,79,118
-1,79,120
-2,79,121
-2,79,125
-2,79,129
-1,79,131
-1,79,132
-1,79,133
0,79,134
-2,79,135
-1,79,136
0,79,138
-1,79,140
1,79,142
-3,79,145
0,79,146
-2,79,148
1,79,149
-2,79,150
1,79,151
0,79,152
-1,79,154
-1,79,155
-1,79,160
-2,79,161
0,79,163
-1,79,167
-2,79,168
-2,79,169
0,79,173
-1,79,174
-3,79,175
-2,79,176
-1,79,177
-1,79,181
-1,79,184
1,79,189
-3,79,192
-1,79,194
-1,79,196
-2,79,197
-1,79,199
-1,79,200
-1,79,203
-1,79,207
-1,79,212
-2,79,214
-5,79,218
-1,79,223
-1,79,225
-1,79,227
-1,79,228
-1,79,230
-3,79,232
-1,79,233
-1,79,237
-1,79,238
2,79,239
-1,79,241
1,79,242
-1,79,243
1,79,244
2,79,245
1,79,249
-3,79,253
1,79,254
-2,79,255
-3,79,257
2,79,263
-1,79,264
-1,79,266
1,79,273
1,79,274
-1,80,-21
1,80,-19
-2,80,-5
-1,80,0
-1,80,2
2,80,3
-1,80,5
0,80,8
-3,80,10
1,80,11
0,80,12
1,80,13
-1,80,17
-2,80,18
0,80,20
-2,80,25
-1,80,26
0,80,28
-2,80,33
1,80,35
-1,80,36
-2,80,38
1,80,41
-1,80,43
1,80,53
1,80,58
-1,80,69
-1,80,77
1,80,78
1,80,79
1,80,82
-1,80,86
1,80,91
1,80,92
-1,80,95
1,80,97
1,80,99
1,80,101
1,80,113
3,80,115
1,80,124
-2,80,125
-1,80,130
2,80,136
-2,80,140
1,80,142
1,80,143
-2,80,145
-1,80,146
1,80,150
0,80,151
-1,80,158
1,80,159
-1,80,160
1,80,162
-1,80,163
0,80,164
-1,80,166
1,80,168
1,80,169
-1,80,171
-1,80,178
2,80,179
-2,80,184
-1,80,192
-1,80,197
-1,80,219
0,80,224
-1,80,225
1,80,226
-1,80,229
-1,80,230
1,80,231
1,80,232
-2,80,233
1,80,234
-2,80,235
1,80,237
-1,80,238
4,80,239
1,80,242
-1,80,243
1,80,246
1,80,251
2,80,252
1,80,253
1,80,256
1,80,258
1,80,264
2,80,270
1,81,-20
1,81,-10
1,81,-9
-1,81,-8
0,81,-5
1,81,-4
-1,81,-3
-1,81,-2
-1,81,0
-1,81,1
-1,81,3
-1,81,4
-3,81,5
-7,81,7
-1,81,8
1,81,9
1,81,10
-1,81,11
1,81,12
-2,81,13
0,81,14
-2,81,15
-2,81,16
-4,81,17
-1,81,18
-2,81,21
1,81,22
-2,81,23
1,81,25
-1,81,26
-3,81,27
0,81,28
-1,81,29
-3,81,30
-2,81,31
0,81,33
-2,81,36
1,81,37
-1,81,38
-1,81,40
0,81,41
0,81,43
1,81,44
1,81,46
-1,81,47
1,81,50
-2,81,51
0,81,52
-3,81,55
1,81,56
-1,81,57
1,81,64
-1,81,66
-1,81,67
1,81,69
1,81,70
1,81,71
-1,81,73
-1,81,74
-3,81,76
-5,81,78
-2,81,81
-1,81,82
1,81,83
-1,81,84
1,81,85
-1,81,87
1,81,88
-2,81,89
-1,81,90
-1,81,91
1,81,92
-1,81,93
1,81,94
-1,81,97
1,81,99
-1,81,100
0,81,101
-1,81,104
1,81,105
-1,81,106
0,81,111
-1,81,114
1,81,115
-2,81,119
-1,81,120
-1,81,121
-1,81,124
-1,81,125
1,81,126
-3,81,127
-3,81,128
0,81,129
1,81,131
-1,81,133
-1,81,134
-1,81,136
1,81,137
2,81,138
-3,81,139
1,81,140
-2,81,141
-1,81,142
-3,81,143
-1,81,144
-1,81,145
1,81,147
0,81,148
-1,81,149
-2,81,150
-1,81,151
-3,81,152
-1,81,153
-2,81,154
-1,81,156
-3,81,158
-1,81,159
-4,81,162
0,81,163
0,81,165
0,81,167
-1,81,168
-2,81,169
-2,81,171
1,81,173
1,81,174
-3,81,175
-2,81,177
-1,81,179
2,81,180
1,81,183
-2,81,184
1,81,185
-3,81,186
-1,81,190
-2,81,192
-1,81,194
-1,81,196
-1,81,201
-2,81,207
-3,81,212
-3,81,214
-1,81,218
-2,81,223
1,81,225
-1,81,227
-2,81,229
-1,81,231
1,81,232
-2,81,233
-1,81,235
3,81,237
0,81,238
1,81,239
1,81,240
2,81,241
2,81,242
2,81,243
-1,81,244
4,81,245
-1,81,246
2,81,247
4,81,248
1,81,249
1,81,250
1,81,252
4,81,253
1,81,254
1,81,255
1,81,256
1,81,257
2,81,258
1,81,259
1,81,260
1,81,263
-1,81,264
2,81,265
-1,81,267
1,81,273
1,81,274
2,81,285
1,81,363
-1,81,535
-1,82,-21
1,82,-19
1,82,-13
1,82,-10
1,82,-9
-1,82,-6
-1,82,-1
-2,82,0
-1,82,3
3,82,4
-1,82,8
-1,82,10
-2,82,12
-3,82,13
1,82,14
2,82,15
1,82,16
0,82,17
-1,82,20
-1,82,22
1,82,23
-1,82,28
-1,82,30
-1,82,31
1,82,32
-1,82,33
-2,82,35
-2,82,36
1,82,37
1,82,45
1,82,47
-1,82,48
1,82,51
1,82,55
1,82,59
1,82,66
1,82,71
-1,82,76
1,82,78
2,82,80
1,82,90
1,82,94
0,82,97
1,82,99
1,82,113
-1,82,114
1,82,116
1,82,117
1,82,122
1,82,124
1,82,128
-1,82,132
-1,82,133
1,82,136
-1,82,137
1,82,142
-1,82,143
1,82,147
0,82,150
0,82,151
2,82,152
1,82,153
0,82,155
1,82,156
-2,82,158
2,82,159
-2,82,160
0,82,163
-2,82,164
1,82,165
1,82,166
-1,82,171
-1,82,173
-3,82,176
0,82,178
-1,82,179
1,82,180
-1,82,181
-1,82,183
1,82,185
-1,82,186
1,82,193
1,82,196
0,82,199
-1,82,201
1,82,213
-1,82,214
1,82,227
-1,82,230
1,82,232
-1,82,233
3,82,235
2,82,236
2,82,237
2,82,238
1,82,239
2,82,241
2,82,242
0,82,243
1,82,245
3,82,246
0,82,247
3,82,248
1,82,249
3,82,250
2,82,251
2,82,252
1,82,253
1,82,254
2,82,256
1,82,257
1,82,258
1,82,261
2,82,264
1,82,267
1,82,270
2,82,273
1,82,277
1,82,308
1,82,313
1,82,474
-1,83,-19
-2,83,-18
-2,83,-16
-1,83,-14
-1,83,-13
-1,83,-10
-1,83,-8
-1,83,-4
-5,83,-3
-4,83,-1
-4,83,0
-1,83,1
-1,83,2
-9,83,5
-1,83,7
3,83,8
-2,83,10
-5,83,12
0,83,13
1,83,15
-3,83,16
1,83,17
-1,83,18
1,83,19
-3,83,21
1,83,22
-2,83,23
1,83,24
0,83,26
1,83,27
-2,83,29
-2,83,30
-1,83,33
-1,83,38
-3,83,40
2,83,41
1,83,42
1,83,43
-1,83,44
-4,83,53
1,83,55
-3,83,57
1,83,58
-1,83,59
-2,83,61
-1,83,66
0,83,68
1,83,69
-2,83,70
1,83,71
-4,83,72
1,83,74
-1,83,78
-1,83,83
1,83,84
-1,83,85
-2,83,87
1,83,88
1,83,92
-1,83,93
1,83,96
1,83,99
-1,83,100
0,83,101
-1,83,104
1,83,105
-3,83,106
-1,83,108
-1,83,110
-1,83,111
-1,83,113
-1,83,115
-2,83,116
-1,83,118
-1,83,119
1,83,121
-1,83,122
1,83,125
-2,83,127
-3,83,130
1,83,131
-1,83,132
-1,83,134
1,83,138
-2,83,141
-4,83,143
-1,83,144
-2,83,145
2,83,146
1,83,149
-3,83,151
-2,83,152
-2,83,154
-3,83,156
-2,83,158
-3,83,160
-1,83,162
-1,83,164
-1,83,167
1,83,168
-1,83,171
1,83,173
-1,83,177
-3,83,181
-2,83,188
-1,83,192
-1,83,194
1,83,195
1,83,201
-1,83,203
-2,83,205
-2,83,209
-1,83,211
-1,83,228
-4,83,229
1,83,231
-1,83,233
3,83,235
1,83,236
1,83,237
1,83,238
3,83,239
3,83,241
-2,83,242
2,83,243
1,83,245
2,83,246
1,83,247
3,83,248
1,83,250
-1,83,251
-1,83,252
2,83,253
0,83,254
1,83,256
1,83,257
-1,83,259
2,83,260
1,83,263
1,83,265
2,83,266
1,83,273
1,83,280
1,83,298
1,83,300
-1,83,383
1,84,-13
-1,84,-7
-3,84,-3
1,84,-1
-1,84,0
-2,84,2
-1,84,3
-1,84,5
-2,84,7
-1,84,9
-1,84,10
-2,84,13
-1,84,15
-1,84,20
0,84,23
-1,84,26
0,84,28
-1,84,30
1,84,31
-2,84,32
1,84,36
-1,84,39
-1,84,43
-1,84,45
-1,84,48
-1,84,49
-2,84,54
-1,84,71
-1,84,73
-2,84,82
1,84,86
-1,84,99
1,84,111
-1,84,112
1,84,115
-1,84,118
-1,84,119
-1,84,120
-1,84,121
-1,84,123
-1,84,128
-2,84,129
-1,84,130
-2,84,132
-1,84,136
-1,84,138
1,84,139
-2,84,140
1,84,141
-1,84,142
-1,84,145
1,84,146
-2,84,147
-1,84,151
-1,84,153
-3,84,155
-1,84,158
1,84,159
-1,84,163
-1,84,169
-1,84,171
-1,84,176
-1,84,177
-2,84,178
1,84,180
-1,84,183
-2,84,192
-1,84,202
1,84,209
-3,84,210
-2,84,212
-2,84,214
-2,84,218
-1,84,220
1,84,228
-5,84,229
-1,84,232
-1,84,238
1,84,239
1,84,240
1,84,241
1,84,243
1,84,244
1,84,245
3,84,248
1,84,251
1,84,252
1,84,253
1,84,257
1,84,259
-1,84,261
1,84,262
1,84,264
1,84,267
1,84,284
1,84,289
-1,84,480
-1,85,-19
-1,85,-15
-1,85,-14
-1,85,-13
-1,85,-12
-1,85,-11
-4,85,-8
1,85,-7
-1,85,-5
-1,85,-4
0,85,-2
-1,85,-1
-5,85,0
1,85,1
0,85,2
-2,85,3
-3,85,4
3,85,5
-6,85,7
-1,85,9
0,85,10
0,85,11
-1,85,12
-6,85,13
-2,85,15
-3,85,16
0,85,17
-1,85,18
-1,85,19
-2,85,20
-2,85,21
-1,85,25
-4,85,26
-2,85,27
-8,85,28
1,85,30
0,85,31
0,85,32
0,85,33
-1,85,34
-1,85,35
-3,85,36
-4,85,38
-6,85,40
-1,85,41
-4,85,42
-1,85,45
-3,85,46
-1,85,47
1,85,49
1,85,50
-3,85,51
1,85,52
1,85,53
-2,85,55
-1,85,56
-1,85,57
-2,85,59
-2,85,61
-2,85,63
1,85,64
-1,85,66
-1,85,68
-1,85,70
-1,85,72
1,85,75
-3,85,76
1,85,79
-1,85,80
0,85,83
-4,85,85
-3,85,87
-1,85,89
-1,85,91
-2,85,92
1,85,94
1,85,96
-1,85,97
-2,85,99
-3,85,104
-2,85,108
1,85,109
-2,85,111
-1,85,112
1,85,113
-2,85,116
1,85,117
-4,85,118
1,85,120
-2,85,121
-1,85,124
0,85,125
-1,85,126
-2,85,128
-1,85,129
-3,85,130
-1,85,131
-1,85,132
-4,85,134
-6,85,135
-1,85,136
-2,85,137
-1,85,138
-1,85,139
-1,85,140
-4,85,141
1,85,142
-1,85,143
-3,85,144
-4,85,145
-1,85,146
1,85,147
-2,85,148
1,85,149
-4,85,150
-1,85,151
-1,85,152
-1,85,154
1,85,155
-4,85,156
-3,85,158
2,85,159
-1,85,160
-1,85,161
0,85,162
-2,85,163
-2,85,164
-2,85,165
-1,85,166
-2,85,167
-1,85,169
-4,85,171
-2,85,173
-1,85,174
0,85,175
1,85,176
-4,85,177
-1,85,178
-5,85,179
0,85,181
-2,85,184
-6,85,186
1,85,187
0,85,188
-2,85,190
-2,85,191
-1,85,192
-1,85,194
-1,85,196
0,85,199
-2,85,200
-1,85,201
-2,85,207
1,85,209
-1,85,212
-2,85,220
-3,85,222
-4,85,224
-1,85,225
1,85,226
-2,85,227
-1,85,229
-2,85,231
-1,85,232
-2,85,233
-1,85,234
0,85,235
-1,85,236
0,85,237
-2,85,238
0,85,239
2,85,241
4,85,242
4,85,243
2,85,244
-5,85,245
1,85,246
1,85,247
5,85,248
-1,85,249
3,85,250
1,85,251
1,85,252
-2,85,253
2,85,256
1,85,257
3,85,258
1,85,259
2,85,260
1,85,264
1,85,267
-1,85,270
-1,85,272
1,85,282
-1,85,407
1,85,525
-1,85,654
-1,86,-3
0,86,-1
0,86,0
-1,86,2
-2,86,8
1,86,10
-1,86,13
-1,86,19
1,86,20
-1,86,21
-1,86,23
1,86,29
1,86,32
-1,86,36
1,86,40
-1,86,43
-1,86,47
1,86,49
1,86,57
-1,86,62
1,86,64
1,86,67
-1,86,69
0,86,71
-1,86,73
1,86,78
1,86,81
-2,86,82
-1,86,86
2,86,88
1,86,92
1,86,93
-1,86,95
-1,86,101
1,86,105
-1,86,108
1,86,110
1,86,113
1,86,115
1,86,126
-1,86,127
1,86,128
0,86,129
1,86,130
2,86,131
-2,86,134
2,86,136
1,86,137
1,86,138
2,86,141
-1,86,142
1,86,144
-1,86,145
1,86,146
0,86,149
0,86,153
1,86,155
1,86,157
-2,86,158
1,86,161
2,86,163
-1,86,164
1,86,165
3,86,168
1,86,172
0,86,173
1,86,179
1,86,189
1,86,198
1,86,210
-1,86,212
-2,86,220
-1,86,223
1,86,231
3,86,232
2,86,233
1,86,235
4,86,237
2,86,238
2,86,239
2,86,241
4,86,242
3,86,243
2,86,246
3,86,247
1,86,248
1,86,250
3,86,251
3,86,252
1,86,254
2,86,255
1,86,256
1,86,257
1,86,261
1,86,267
1,86,268
1,86,269
1,86,277
1,86,278
2,86,281
1,86,283
1,86,293
-1,87,-29
1,87,-25
1,87,-22
-2,87,-16
-1,87,-14
-1,87,-11
-1,87,-8
-1,87,-6
-1,87,-3
-2,87,-2
-6,87,0
-1,87,1
-2,87,2
0,87,3
-3,87,5
-5,87,7
2,87,8
0,87,9
-3,87,10
1,87,11
-4,87,12
-1,87,13
-1,87,14
-1,87,15
1,87,17
-2,87,18
-1,87,20
-3,87,23
-1,87,25
-1,87,26
-2,87,27
-1,87,28
2,87,29
0,87,31
2,87,32
-2,87,33
-1,87,35
1,87,36
1,87,37
1,87,38
-2,87,40
1,87,42
-1,87,44
-2,87,45
-1,87,46
1,87,47
-1,87,48
-2,87,49
0,87,51
-1,87,53
-1,87,54
-3,87,59
-1,87,61
1,87,62
-1,87,63
-1,87,66
1,87,67
-2,87,68
-1,87,69
-2,87,72
-1,87,74
1,87,75
-1,87,76
1,87,77
1,87,78
-1,87,80
1,87,81
-1,87,85
1,87,86
1,87,89
-2,87,91
-1,87,92
-1,87,93
1,87,97
1,87,98
-1,87,100
-1,87,105
1,87,106
-1,87,108
1,87,110
-1,87,111
-1,87,114
-1,87,116
1,87,117
0,87,119
-1,87,122
-1,87,125
-3,87,127
-2,87,130
0,87,132
-2,87,133
-1,87,135
2,87,138
-1,87,139
-2,87,141
-1,87,143
-1,87,145
-3,87,147
-2,87,148
-1,87,149
-1,87,150
-2,87,154
0,87,155
0,87,156
-1,87,158
-1,87,161
-1,87,162
-4,87,164
-1,87,165
-1,87,166
1,87,167
-1,87,169
-1,87,171
-4,87,175
3,87,176
-1,87,177
-1,87,179
1,87,180
0,87,183
-1,87,184
1,87,185
-1,87,186
1,87,187
-1,87,188
-1,87,192
1,87,193
0,87,194
-1,87,197
-1,87,202
-1,87,222
0,87,227
-4,87,229
1,87,230
0,87,231
2,87,235
1,87,236
3,87,237
0,87,238
2,87,239
3,87,240
4,87,241
1,87,242
1,87,243
3,87,244
2,87,245
1,87,246
1,87,247
2,87,248
1,87,249
2,87,250
2,87,251
3,87,252
3,87,253
-1,87,254
3,87,256
1,87,257
1,87,258
1,87,259
-1,87,260
1,87,261
1,87,262
-1,87,263
1,87,265
1,87,267
1,87,268
1,87,269
-1,87,272
1,87,278
1,87,312
1,87,326
-1,87,595
1,87,638
-1,88,-44
-1,88,-12
-1,88,-3
-1,88,-1
1,88,1
-1,88,2
-2,88,6
0,88,8
1,88,9
-1,88,10
-1,88,13
1,88,14
1,88,15
-1,88,19
-1,88,21
1,88,26
-1,88,28
2,88,32
-2,88,34
-1,88,35
-3,88,41
-1,88,43
1,88,46
-1,88,47
1,88,48
1,88,50
1,88,52
1,88,53
1,88,56
-1,88,58
1,88,59
1,88,62
3,88,63
-1,88,65
-2,88,67
-2,88,69
1,88,71
-1,88,73
1,88,74
1,88,75
-1,88,82
-1,88,84
1,88,87
2,88,90
-1,88,103
1,88,106
1,88,107
-1,88,110
1,88,116
1,88,119
2,88,121
1,88,124
1,88,126
-1,88,132
-1,88,134
-2,88,138
-2,88,140
1,88,142
2,88,143
1,88,147
1,88,151
1,88,153
0,88,155
1,88,158
1,88,159
-1,88,162
2,88,167
-1,88,171
-2,88,173
1,88,174
1,88,184
1,88,185
1,88,194
1,88,200
-2,88,207
-2,88,212
-1,88,216
-1,88,218
-2,88,220
-1,88,225
1,88,227
1,88,230
1,88,232
-1,88,233
1,88,234
1,88,235
2,88,236
1,88,237
1,88,239
1,88,242
4,88,243
1,88,244
1,88,245
2,88,247
1,88,248
2,88,249
1,88,251
1,88,252
3,88,253
2,88,254
1,88,255
2,88,256
1,88,258
1,88,261
1,88,267
1,88,268
1,88,270
1,88,280
-1,89,-14
-1,89,-13
1,89,-11
-1,89,-8
-2,89,-6
-1,89,-5
-2,89,-3
-1,89,-1
-4,89,0
-5,89,1
-2,89,2
-3,89,3
-1,89,4
-12,89,5
-2,89,7
-1,89,8
1,89,9
-3,89,10
-1,89,11
-5,89,12
-2,89,13
-3,89,14
-3,89,15
-5,89,16
0,89,17
-5,89,18
-1,89,20
-2,89,21
-3,89,22
-1,89,23
-1,89,25
-3,89,26
-1,89,27
-1,89,28
0,89,29
0,89,30
-1,89,31
-1,89,32
-1,89,34
-4,89,36
-2,89,38
-4,89,40
-1,89,42
-1,89,45
-2,89,46
-1,89,49
-2,89,55
-1,89,57
-1,89,59
-2,89,61
-2,89,63
-1,89,69
-2,89,70
1,89,71
-4,89,76
1,89,78
1,89,79
-1,89,81
3,89,83
0,89,85
-1,89,86
1,89,89
-1,89,91
-1,89,93
-1,89,96
-1,89,100
1,89,101
-1,89,102
-2,89,104
1,89,110
-1,89,111
1,89,112
1,89,117
1,89,120
-2,89,121
-1,89,126
-1,89,127
-5,89,128
1,89,129
0,89,130
-1,89,132
-4,89,134
-2,89,135
1,89,136
-1,89,137
-1,89,138
-1,89,139
-2,89,141
1,89,142
-1,89,143
-2,89,144
-4,89,145
0,89,148
-2,89,149
0,89,150
1,89,152
1,89,153
-1,89,154
0,89,155
-4,89,156
-3,89,158
-6,89,160
-4,89,162
-1,89,163
-1,89,164
-2,89,166
1,89,168
-4,89,169
1,89,172
-1,89,173
-1,89,175
1,89,176
-1,89,177
0,89,178
-4,89,179
1,89,180
-2,89,181
-1,89,183
-3,89,186
-2,89,187
-1,89,189
1,89,190
2,89,194
-4,89,196
-1,89,200
-1,89,205
-4,89,222
-1,89,224
1,89,225
-1,89,227
-1,89,228
-5,89,229
-1,89,230
3,89,231
-1,89,232
-1,89,233
2,89,234
1,89,235
2,89,236
2,89,237
3,89,238
3,89,239
1,89,240
3,89,241
1,89,242
-1,89,243
0,89,244
0,89,245
4,89,246
1,89,247
3,89,248
2,89,249
0,89,250
2,89,251
-1,89,252
2,89,253
2,89,254
1,89,255
1,89,256
1,89,257
3,89,258
0,89,261
4,89,262
1,89,263
1,89,267
-1,89,278
1,89,295
-1,89,375
-1,90,-16
-1,90,-14
-1,90,-7
-1,90,-1
-1,90,0
-2,90,3
-1,90,6
-4,90,8
-3,90,13
-1,90,15
-3,90,17
1,90,18
-3,90,19
-1,90,20
-1,90,23
-1,90,25
0,90,26
-1,90,28
-3,90,30
-2,90,31
-1,90,33
-1,90,34
-2,90,36
-1,90,38
-2,90,40
0,90,41
-1,90,43
-1,90,45
-1,90,46
1,90,48
-1,90,49
-3,90,52
-1,90,56
1,90,57
-1,90,58
-1,90,61
-1,90,67
-1,90,71
-1,90,78
0,90,80
1,90,81
-1,90,82
-1,90,86
1,90,87
1,90,94
-1,90,112
-1,90,118
-2,90,120
-2,90,122
1,90,127
-2,90,132
-1,90,133
-1,90,134
-2,90,136
1,90,137
-3,90,138
-6,90,140
-1,90,141
1,90,142
1,90,143
-1,90,145
-1,90,147
1,90,148
0,90,149
-1,90,151
-1,90,153
-1,90,156
1,90,158
1,90,160
0,90,161
-2,90,163
-1,90,166
0,90,168
0,90,169
-1,90,171
-3,90,173
-2,90,174
-1,90,175
-1,90,178
-2,90,179
-1,90,184
-1,90,192
1,90,193
-1,90,201
-1,90,205
-1,90,207
-1,90,212
-1,90,214
-2,90,218
-1,90,229
-1,90,232
-1,90,233
1,90,234
-1,90,236
1,90,238
1,90,240
-1,90,241
2,90,242
-2,90,243
1,90,244
2,90,245
1,90,247
-1,90,248
1,90,249
2,90,250
1,90,252
1,90,253
2,90,258
1,90,264
1,90,268
1,90,271
1,90,332
-1,91,-29
-1,91,-23
-1,91,-19
-1,91,-14
-1,91,-2
-5,91,0
-3,91,1
-2,91,4
-1,91,5
2,91,6
-1,91,7
-6,91,9
-1,91,10
-4,91,11
0,91,13
-1,91,14
0,91,15
-1,91,16
1,91,18
-4,91,19
-3,91,21
-3,91,23
1,91,25
2,91,27
0,91,28
-1,91,29
-1,91,30
-2,91,31
-1,91,33
-2,91,34
-5,91,36
-1,91,38
-2,91,40
-2,91,44
1,91,45
-1,91,46
-1,91,51
1,91,52
-1,91,53
-1,91,55
-1,91,57
-2,91,59
-1,91,61
1,91,62
0,91,63
1,91,64
2,91,69
1,91,70
1,91,71
-1,91,72
0,91,74
-1,91,76
1,91,79
0,91,80
-2,91,83
-1,91,85
-3,91,87
1,91,89
-2,91,91
-1,91,95
1,91,96
-1,91,99
1,91,103
1,91,108
-1,91,109
-1,91,112
-2,91,115
1,91,117
-1,91,120
-2,91,121
-2,91,124
0,91,125
-1,91,127
-1,91,129
-2,91,130
-1,91,131
-2,91,132
1,91,133
-2,91,135
1,91,136
1,91,137
-2,91,139
-1,91,141
1,91,142
-2,91,143
-1,91,144
-2,91,147
0,91,148
-1,91,149
-3,91,150
-2,91,151
-1,91,152
1,91,153
1,91,155
-3,91,156
2,91,157
-2,91,158
0,91,159
-1,91,160
1,91,162
1,91,163
-1,91,164
1,91,168
-1,91,171
0,91,173
0,91,177
1,91,178
-1,91,179
-2,91,181
1,91,183
-3,91,184
-2,91,186
1,91,189
-3,91,192
-1,91,196
1,91,202
-1,91,203
-2,91,224
1,91,225
-1,91,226
0,91,227
1,91,229
-2,91,230
-1,91,231
2,91,232
1,91,235
1,91,236
2,91,237
2,91,238
1,91,239
1,91,240
1,91,241
1,91,242
2,91,243
1,91,244
1,91,245
1,91,246
-1,91,247
3,91,248
-1,91,251
2,91,252
5,91,253
2,91,255
1,91,257
1,91,259
1,91,260
1,91,262
2,91,263
1,91,268
1,91,272
1,91,281
1,91,284
1,91,285
-1,91,375
-1,91,385
-1,92,-26
1,92,-15
1,92,-8
-1,92,-7
1,92,-6
-2,92,-3
2,92,-2
-1,92,-1
-2,92,0
1,92,1
-1,92,2
1,92,3
1,92,4
1,92,5
0,92,6
-2,92,7
-1,92,8
1,92,13
-1,92,15
-2,92,17
1,92,18
-1,92,19
1,92,21
2,92,22
-2,92,23
-2,92,26
1,92,27
-1,92,28
-5,92,30
-1,92,31
2,92,32
0,92,33
2,92,34
-1,92,35
1,92,37
-1,92,39
1,92,41
-1,92,43
1,92,45
1,92,46
1,92,48
-1,92,49
1,92,50
-1,92,51
-1,92,52
1,92,57
-1,92,58
1,92,59
1,92,61
-1,92,65
2,92,70
-1,92,73
2,92,74
1,92,75
-1,92,78
-1,92,80
1,92,82
0,92,84
1,92,85
-1,92,86
1,92,87
1,92,89
-1,92,93
1,92,96
-1,92,102
1,92,105
0,92,108
1,92,109
0,92,112
2,92,113
1,92,117
-1,92,119
-2,92,123
1,92,124
-1,92,125
1,92,127
1,92,128
-1,92,129
2,92,132
1,92,134
-1,92,135
1,92,136
1,92,137
-1,92,138
2,92,143
-2,92,146
0,92,147
-2,92,148
-1,92,151
-3,92,153
-1,92,155
-3,92,158
1,92,159
-1,92,161
1,92,162
0,92,163
-1,92,164
0,92,166
-1,92,169
1,92,170
-1,92,171
1,92,176
1,92,178
0,92,179
-3,92,181
-1,92,184
1,92,187
-1,92,188
-1,92,189
1,92,194
-1,92,197
-1,92,201
1,92,204
-2,92,214
-1,92,219
-1,92,220
1,92,221
-1,92,223
-2,92,224
-2,92,225
1,92,227
-6,92,229
-2,92,230
1,92,231
1,92,232
0,92,233
2,92,234
1,92,235
1,92,236
1,92,237
3,92,239
-2,92,240
3,92,241
2,92,242
3,92,243
1,92,244
5,92,246
2,92,247
0,92,248
4,92,251
1,92,252
-1,92,253
1,92,255
5,92,256
2,92,257
2,92,261
1,92,265
2,92,266
1,92,285
1,93,-14
-1,93,-12
1,93,-10
-2,93,-8
-1,93,-6
0,93,-5
1,93,-4
-1,93,-3
-2,93,1
1,93,2
0,93,3
2,93,4
-1,93,5
1,93,6
1,93,7
-3,93,10
-2,93,12
-1,93,14
-5,93,16
-2,93,18
1,93,20
-2,93,23
-2,93,25
2,93,26
1,93,30
1,93,31
2,93,32
-1,93,33
1,93,38
-1,93,40
-1,93,42
-1,93,44
1,93,47
-1,93,48
1,93,52
-3,93,53
-1,93,55
1,93,56
1,93,58
-1,93,59
1,93,60
1,93,61
-1,93,66
1,93,69
-1,93,72
-1,93,76
1,93,78
1,93,81
1,93,82
-1,93,83
1,93,87
1,93,96
-1,93,100
1,93,113
1,93,115
-3,93,119
0,93,121
1,93,122
-2,93,124
1,93,126
-2,93,130
1,93,132
0,93,134
-2,93,136
1,93,137
1,93,138
0,93,140
-3,93,141
1,93,142
-1,93,143
-3,93,145
1,93,147
1,93,148
-1,93,149
1,93,150
0,93,151
1,93,152
2,93,153
1,93,154
-2,93,156
1,93,158
1,93,159
-1,93,160
-3,93,162
1,93,167
-1,93,169
-2,93,171
0,93,173
-2,93,175
-1,93,177
-3,93,179
1,93,180
-1,93,181
1,93,182
1,93,183
-1,93,186
-1,93,188
-1,93,190
-1,93,196
1,93,211
0,93,222
2,93,227
-1,93,229
1,93,230
2,93,231
2,93,232
0,93,233
1,93,234
1,93,235
5,93,236
5,93,237
2,93,238
1,93,239
6,93,241
0,93,242
1,93,243
0,93,244
2,93,246
4,93,247
3,93,248
1,93,249
0,93,250
2,93,251
2,93,252
1,93,253
0,93,254
1,93,257
-1,93,259
2,93,260
1,93,266
2,93,267
1,93,271
1,93,278
1,93,285
1,93,293
-1,94,-27
-4,94,-8
-2,94,-7
-1,94,-5
-1,94,-4
-1,94,-3
-3,94,-2
1,94,-1
-7,94,0
-3,94,2
-1,94,3
-5,94,4
1,94,6
-6,94,7
-3,94,10
-3,94,11
-5,94,13
-1,94,15
1,94,16
-3,94,18
-2,94,19
-3,94,20
-3,94,21
-1,94,23
1,94,25
-2,94,26
-4,94,28
5,94,29
-5,94,30
0,94,31
-2,94,32
1,94,33
-1,94,34
-1,94,36
-1,94,38
-1,94,39
-1,94,40
-1,94,41
-2,94,42
-1,94,43
1,94,46
-1,94,47
-3,94,49
3,94,50
0,94,54
-1,94,56
-1,94,58
-1,94,59
-2,94,60
1,94,61
-2,94,63
1,94,65
2,94,66
-1,94,68
1,94,69
-1,94,70
-1,94,72
1,94,74
-1,94,77
-1,94,78
0,94,80
-1,94,81
-2,94,82
-1,94,84
1,94,85
-1,94,87
-1,94,88
-1,94,89
-1,94,90
-4,94,91
-1,94,92
1,94,94
1,94,98
-1,94,99
-1,94,103
-1,94,104
-1,94,105
-1,94,106
-1,94,107
-3,94,108
1,94,110
-4,94,114
1,94,115
-3,94,116
1,94,117
-2,94,118
1,94,119
-1,94,120
-1,94,121
-1,94,122
1,94,126
-1,94,127
1,94,128
-2,94,129
-3,94,131
0,94,132
0,94,133
-5,94,135
1,94,136
-3,94,137
-3,94,140
-5,94,141
-2,94,145
-4,94,146
-1,94,147
1,94,149
-1,94,150
-2,94,151
-1,94,152
0,94,153
-2,94,155
-1,94,156
1,94,157
-3,94,158
1,94,159
-3,94,160
-1,94,161
-3,94,163
-1,94,165
-2,94,166
-1,94,167
-1,94,168
-2,94,169
-2,94,171
-2,94,173
-3,94,175
-1,94,176
-1,94,177
-5,94,179
-1,94,181
-1,94,184
1,94,185
-1,94,186
-1,94,188
1,94,189
-2,94,192
1,94,199
-1,94,200
0,94,201
-1,94,203
1,94,204
-2,94,207
-3,94,210
-1,94,212
-1,94,214
-1,94,219
-1,94,220
-2,94,222
-2,94,225
1,94,228
-2,94,229
0,94,230
2,94,231
0,94,232
0,94,234
0,94,235
-1,94,236
3,94,237
-1,94,238
1,94,239
-2,94,240
4,94,241
2,94,242
-3,94,243
5,94,245
1,94,246
1,94,247
2,94,248
2,94,249
2,94,250
2,94,251
2,94,252
-2,94,253
2,94,256
2,94,257
1,94,259
1,94,260
2,94,261
0,94,262
2,94,263
-1,94,266
1,94,267
1,94,268
1,94,269
-1,94,270
1,94,277
1,94,279
1,94,284
1,94,309
-1,94,390
-1,95,-26
1,95,-11
-1,95,-9
1,95,-3
-1,95,5
-1,95,7
1,95,8
1,95,10
-1,95,12
-1,95,13
-1,95,15
-1,95,17
-2,95,18
-1,95,23
-2,95,25
-2,95,26
-1,95,28
1,95,29
-1,95,35
1,95,36
1,95,38
-1,95,41
-1,95,43
1,95,52
1,95,57
-1,95,58
-1,95,59
2,95,64
-1,95,86
-1,95,89
1,95,104
-1,95,109
-1,95,122
-1,95,128
-1,95,135
2,95,136
-1,95,140
-1,95,141
-1,95,143
-1,95,145
-2,95,146
-1,95,148
-4,95,158
-2,95,160
-1,95,161
-1,95,163
-1,95,166
-1,95,168
-1,95,169
-1,95,171
-1,95,173
-3,95,174
-1,95,184
1,95,185
-1,95,189
-2,95,192
1,95,198
-1,95,199
-1,95,201
-1,95,206
-1,95,215
-1,95,227
-1,95,230
-1,95,232
-1,95,233
1,95,236
2,95,237
1,95,240
1,95,242
1,95,248
1,95,249
1,95,251
1,95,252
1,95,253
1,95,261
-1,95,408
-1,96,-25
-1,96,-23
-1,96,-16
-1,96,-14
-1,96,-10
1,96,-9
1,96,-7
1,96,-6
1,96,-5
1,96,-4
-2,96,-3
0,96,-1
-2,96,0
-1,96,3
-1,96,4
1,96,5
-1,96,7
0,96,8
0,96,9
-2,96,10
-2,96,11
-4,96,13
-2,96,14
-4,96,15
-1,96,16
1,96,17
-3,96,18
0,96,19
-1,96,21
-3,96,23
1,96,24
-4,96,26
-2,96,27
-1,96,28
-2,96,31
1,96,32
-1,96,33
-1,96,34
-1,96,36
1,96,37
-1,96,38
1,96,39
1,96,40
1,96,41
-2,96,42
1,96,43
-1,96,48
0,96,51
1,96,52
-1,96,53
-1,96,55
-1,96,57
1,96,58
2,96,59
-2,96,61
1,96,62
-2,96,63
-1,96,66
-2,96,68
-1,96,70
1,96,75
-1,96,81
-1,96,82
1,96,83
1,96,85
1,96,87
1,96,91
-2,96,93
1,96,94
1,96,95
-1,96,97
-1,96,100
-1,96,102
3,96,103
-3,96,104
1,96,105
1,96,107
1,96,110
1,96,111
-1,96,115
-1,96,116
-1,96,117
-1,96,118
0,96,119
1,96,121
1,96,124
-1,96,125
0,96,126
-1,96,127
-2,96,130
-2,96,133
-1,96,134
-1,96,135
-2,96,137
0,96,139
1,96,141
1,96,142
-1,96,143
-1,96,145
-1,96,147
-1,96,149
0,96,151
-1,96,152
0,96,154
1,96,155
-3,96,156
0,96,158
-1,96,160
0,96,163
-3,96,164
-1,96,166
0,96,169
-2,96,171
-1,96,173
2,96,174
-1,96,175
-2,96,177
-2,96,179
1,96,180
0,96,184
-2,96,186
-2,96,194
1,96,201
-1,96,205
1,96,210
-1,96,216
-2,96,222
-2,96,224
1,96,226
-1,96,227
0,96,228
-2,96,229
2,96,230
0,96,231
0,96,232
2,96,233
1,96,234
0,96,235
7,96,236
5,96,237
1,96,238
2,96,240
1,96,241
2,96,242
2,96,243
-1,96,244
2,96,245
1,96,246
2,96,247
2,96,248
4,96,251
4,96,252
1,96,253
1,96,255
2,96,258
2,96,262
2,96,263
1,96,264
-1,96,268
1,96,274
1,96,276
1,96,280
1,96,292
1,96,309
-1,96,356
-1,96,388
-1,97,-8
1,97,-3
-2,97,-1
-1,97,0
-1,97,2
-2,97,3
-1,97,6
-1,97,7
-2,97,8
-3,97,10
1,97,11
0,97,13
2,97,16
-1,97,17
1,97,19
-1,97,20
-1,97,21
0,97,22
-2,97,23
0,97,26
-2,97,28
2,97,29
-1,97,30
-1,97,31
1,97,32
1,97,33
-2,97,35
-3,97,36
2,97,38
1,97,39
-2,97,41
-2,97,45
0,97,46
3,97,47
1,97,48
1,97,50
1,97,53
1,97,54
-2,97,56
-1,97,59
-1,97,61
1,97,63
-1,97,69
-1,97,71
1,97,74
0,97,77
1,97,81
1,97,83
1,97,85
-1,97,86
-1,97,88
-2,97,90
1,97,95
1,97,99
-1,97,101
-1,97,103
-1,97,107
1,97,108
-2,97,110
-1,97,117
1,97,120
-1,97,121
1,97,124
-1,97,125
1,97,129
0,97,130
1,97,134
-1,97,135
-1,97,136
-1,97,137
-1,97,138
1,97,139
-1,97,140
-1,97,141
1,97,143
-4,97,145
1,97,146
2,97,152
2,97,153
2,97,154
-2,97,155
-2,97,156
-2,97,160
0,97,163
-1,97,164
1,97,165
1,97,167
0,97,168
1,97,174
1,97,176
1,97,181
0,97,186
-1,97,187
-1,97,188
-1,97,194
-1,97,196
-1,97,205
1,97,206
-1,97,210
-1,97,212
-1,97,214
-2,97,217
-1,97,218
-1,97,220
2,97,226
-1,97,227
-1,97,229
-1,97,230
1,97,231
0,97,232
5,97,233
1,97,234
5,97,236
1,97,237
4,97,238
2,97,239
2,97,240
1,97,241
1,97,242
5,97,243
3,97,244
4,97,246
3,97,247
2,97,248
2,97,249
1,97,250
1,97,251
1,97,252
1,97,253
2,97,259
1,97,262
1,97,263
2,97,268
-4,98,-29
-1,98,-27
-2,98,-25
-1,98,-18
1,98,-17
-1,98,-16
-1,98,-14
-5,98,-10
-2,98,-8
-1,98,-6
-3,98,-5
-3,98,-3
-1,98,-1
-6,98,0
-4,98,1
-1,98,3
0,98,4
-7,98,5
1,98,7
-1,98,8
1,98,10
-5,98,12
-1,98,13
-1,98,14
-2,98,15
-3,98,16
0,98,17
-1,98,18
-1,98,19
0,98,20
0,98,21
-1,98,22
-3,98,23
1,98,24
-1,98,25
-2,98,27
-5,98,28
-2,98,29
-3,98,30
-4,98,31
1,98,32
-2,98,33
-1,98,35
-2,98,36
1,98,37
-2,98,38
-1,98,40
-3,98,42
-1,98,44
1,98,45
-1,98,48
-2,98,51
1,98,52
0,98,53
-2,98,54
-2,98,55
-2,98,56
-4,98,57
2,98,59
1,98,60
-2,98,61
-5,98,63
1,98,65
-2,98,66
1,98,67
-3,98,68
1,98,70
-1,98,72
-4,98,76
-2,98,78
1,98,80
-1,98,82
-2,98,83
-2,98,85
-2,98,87
-1,98,89
1,98,90
-1,98,91
1,98,92
-1,98,93
-1,98,94
-1,98,96
-2,98,99
1,98,100
-2,98,101
-1,98,102
-2,98,104
1,98,105
-1,98,106
-2,98,109
1,98,110
-2,98,111
1,98,112
0,98,113
-2,98,116
-1,98,118
-1,98,119
-2,98,120
0,98,121
0,98,122
-1,98,123
-1,98,128
0,98,129
-2,98,130
0,98,132
-2,98,133
0,98,134
-2,98,135
-1,98,137
-1,98,140
-3,98,141
0,98,143
0,98,144
-3,98,145
-2,98,147
-1,98,148
-5,98,149
1,98,150
-2,98,151
-3,98,153
-1,98,154
-1,98,155
-4,98,156
1,98,158
-3,98,160
-1,98,161
-5,98,162
-3,98,163
-1,98,164
-1,98,165
-1,98,166
0,98,168
-2,98,169
-5,98,171
1,98,173
1,98,174
-1,98,176
-5,98,177
-3,98,179
-4,98,181
-1,98,183
-1,98,184
-1,98,186
-2,98,188
-2,98,190
-1,98,192
-3,98,194
-1,98,196
-1,98,198
-1,98,199
1,98,200
-1,98,201
-1,98,205
-1,98,209
-1,98,214
-1,98,219
-1,98,220
-1,98,222
-4,98,224
1,98,225
0,98,227
-3,98,228
-1,98,229
2,98,230
1,98,231
5,98,232
-1,98,233
0,98,234
1,98,235
3,98,236
3,98,237
1,98,238
1,98,239
1,98,240
7,98,241
5,98,243
-1,98,244
0,98,245
2,98,246
1,98,247
2,98,248
1,98,249
0,98,250
0,98,251
3,98,252
2,98,253
-2,98,254
1,98,256
-1,98,258
3,98,259
1,98,260
-1,98,262
0,98,263
1,98,264
1,98,266
1,98,267
2,98,285
1,98,346
1,98,504
-1,99,-22
1,99,-21
-1,99,-18
-1,99,-16
-1,99,-7
1,99,-5
-1,99,2
-1,99,4
1,99,8
2,99,10
1,99,12
1,99,16
0,99,17
1,99,18
-2,99,19
1,99,21
1,99,22
-1,99,36
-1,99,39
-1,99,41
1,99,42
-1,99,45
-1,99,47
1,99,48
1,99,50
1,99,51
-1,99,54
-2,99,56
1,99,59
-2,99,60
-1,99,62
1,99,65
1,99,67
-1,99,69
2,99,70
0,99,71
-1,99,73
1,99,77
-1,99,80
1,99,82
2,99,85
1,99,88
-1,99,95
-2,99,97
-1,99,99
1,99,101
1,99,103
2,99,111
-1,99,112
-2,99,114
2,99,116
-1,99,121
-1,99,123
0,99,125
-2,99,129
1,99,131
-1,99,132
0,99,134
1,99,136
-3,99,138
1,99,139
-1,99,140
1,99,142
1,99,144
-1,99,149
2,99,150
1,99,151
1,99,152
1,99,153
1,99,158
0,99,160
-1,99,162
1,99,164
1,99,168
-1,99,171
1,99,174
-1,99,175
-1,99,177
1,99,180
1,99,181
-2,99,194
-1,99,201
-1,99,207
-1,99,210
-1,99,214
-1,99,216
-1,99,218
-1,99,220
1,99,222
1,99,227
2,99,229
2,99,231
3,99,232
2,99,233
1,99,234
1,99,235
1,99,236
2,99,237
1,99,238
3,99,239
1,99,240
3,99,241
1,99,242
4,99,243
2,99,244
1,99,245
2,99,246
2,99,247
1,99,250
1,99,251
2,99,252
2,99,253
1,99,254
1,99,255
1,99,257
1,99,260
3,99,261
1,99,262
1,99,263
1,99,264
2,99,269
1,99,273
1,99,298
1,99,414
-1,100,-24
-2,100,-15
-1,100,-12
0,100,-11
-1,100,-8
-1,100,-7
1,100,-6
-3,100,-4
-1,100,-3
-1,100,-2
-1,100,-1
-5,100,0
-1,100,1
0,100,2
-2,100,3
-6,100,4
-1,100,5
-6,100,7
0,100,8
0,100,9
-3,100,10
-2,100,11
0,100,13
-5,100,15
-2,100,16
-1,100,17
0,100,18
-3,100,19
-4,100,21
-4,100,23
1,100,24
2,100,25
-1,100,26
-2,100,27
1,100,29
-4,100,30
1,100,31
-3,100,33
-2,100,34
-1,100,35
-4,100,36
-3,100,38
0,100,40
-5,100,42
1,100,43
-1,100,44
-2,100,45
-1,100,46
-3,100,48
0,100,49
1,100,50
-1,100,51
1,100,52
-3,100,53
-1,100,55
-1,100,56
-3,100,57
1,100,58
-2,100,59
1,100,60
-1,100,61
1,100,62
-1,100,63
-2,100,66
-2,100,68
-1,100,69
2,100,70
-3,100,72
1,100,73
-1,100,74
-1,100,76
-1,100,78
-1,100,81
-2,100,86
-3,100,87
-1,100,89
-2,100,91
-1,100,93
1,100,99
-1,100,100
-1,100,101
-1,100,102
0,100,104
-2,100,106
-4,100,108
1,100,110
-1,100,111
0,100,113
-1,100,114
-4,100,116
-2,100,117
0,100,118
1,100,119
1,100,120
-2,100,122
-2,100,124
-1,100,125
1,100,126
-1,100,127
-4,100,128
-1,100,129
-3,100,130
0,100,131
-2,100,133
0,100,134
-1,100,135
-1,100,137
0,100,138
-2,100,139
1,100,140
-4,100,141
2,100,142
-2,100,143
-3,100,145
1,100,146
0,100,147
-5,100,148
-3,100,149
-2,100,150
-4,100,151
-3,100,152
-1,100,154
0,100,155
-8,100,156
1,100,157
-2,100,158
1,100,159
-1,100,160
0,100,162
-2,100,163
-1,100,164
-1,100,165
1,100,166
-4,100,167
-4,100,169
-3,100,171
-1,100,173
-2,100,175
-1,100,177
1,100,178
-1,100,179
-1,100,183
-4,100,184
-3,100,186
-1,100,188
1,100,190
-1,100,192
-1,100,194
1,100,195
-2,100,196
-1,100,197
-1,100,199
-1,100,200
-2,100,201
-1,100,203
1,100,207
-1,100,209
-2,100,215
1,100,216
-1,100,219
-1,100,220
-3,100,222
1,100,223
-4,100,224
0,100,225
-4,100,226
1,100,227
1,100,228
-4,100,230
5,100,231
3,100,232
1,100,233
-1,100,234
1,100,235
3,100,236
1,100,237
0,100,238
0,100,239
2,100,240
3,100,241
3,100,242
4,100,243
1,100,244
4,100,246
5,100,247
3,100,248
3,100,250
3,100,251
0,100,253
1,100,254
-2,100,255
0,100,257
1,100,258
-2,100,259
0,100,262
2,100,263
2,100,264
1,100,267
1,100,276
-1,100,278
-1,100,394
-1,100,620
1,101,-13
-1,101,-9
-3,101,0
-1,101,4
1,101,7
-2,101,8
1,101,12
-1,101,13
-1,101,15
-2,101,17
1,101,18
1,101,20
-1,101,21
2,101,22
-1,101,26
-1,101,28
-1,101,43
-1,101,45
-1,101,52
-1,101,54
-2,101,58
-1,101,62
1,101,64
-2,101,65
-1,101,71
-1,101,90
1,101,100
1,101,104
-1,101,108
-1,101,110
-1,101,112
1,101,118
-1,101,119
1,101,122
-2,101,134
-1,101,136
1,101,137
-1,101,138
1,101,144
1,101,157
1,101,160
1,101,163
1,101,164
1,101,168
1,101,178
-1,101,181
1,101,201
-4,101,210
-1,101,212
-1,101,218
1,101,222
1,101,228
1,101,230
1,101,231
3,101,232
1,101,234
1,101,236
3,101,237
1,101,238
2,101,241
1,101,242
1,101,247
1,101,265
1,101,266
1,101,267
1,101,282
-1,102,-31
-1,102,-16
-1,102,-14
-1,102,-10
-1,102,-9
-2,102,-3
0,102,-2
-3,102,-1
1,102,0
-2,102,1
-1,102,2
-2,102,3
-1,102,5
2,102,6
-1,102,7
-2,102,8
-2,102,10
-2,102,11
-1,102,12
-6,102,13
1,102,14
0,102,15
0,102,16
-2,102,18
1,102,20
-2,102,21
0,102,22
-2,102,23
1,102,24
-3,102,25
-1,102,26
-2,102,27
-1,102,30
-3,102,31
1,102,32
-2,102,33
1,102,34
-1,102,36
-1,102,38
-2,102,40
1,102,41
-3,102,42
1,102,44
-2,102,46
-2,102,48
-1,102,49
-1,102,53
-1,102,55
-1,102,57
1,102,59
-2,102,61
-1,102,64
1,102,67
-2,102,70
1,102,71
-4,102,72
1,102,73
2,102,74
1,102,80
-2,102,81
-1,102,87
1,102,89
-1,102,91
2,102,92
-1,102,93
1,102,94
-1,102,95
-1,102,96
-1,102,98
-2,102,100
2,102,101
1,102,103
-1,102,104
-1,102,105
-1,102,106
1,102,107
1,102,108
-1,102,109
-2,102,110
0,102,112
3,102,113
1,102,114
-1,102,115
-1,102,116
-1,102,117
1,102,118
-2,102,119
1,102,120
-1,102,125
0,102,126
-2,102,127
-4,102,130
1,102,132
-3,102,133
1,102,134
0,102,136
-4,102,137
0,102,141
0,102,143
-1,102,145
-3,102,146
-1,102,147
-4,102,148
0,102,150
-1,102,151
1,102,152
0,102,153
-3,102,154
-3,102,156
1,102,157
-2,102,158
1,102,159
-3,102,160
-3,102,162
1,102,164
-1,102,165
-4,102,166
1,102,167
-1,102,168
-1,102,169
-3,102,171
-2,102,173
-2,102,175
-1,102,177
-1,102,179
-6,102,181
-3,102,184
-3,102,186
-1,102,187
-1,102,188
-1,102,189
-2,102,191
-1,102,192
1,102,193
-2,102,194
-1,102,196
-1,102,202
-1,102,203
-1,102,204
-1,102,213
-1,102,214
-2,102,215
-2,102,217
-1,102,220
-1,102,222
-4,102,224
1,102,225
1,102,226
-4,102,227
-1,102,229
4,102,230
2,102,232
4,102,233
1,102,235
4,102,236
2,102,237
1,102,238
3,102,239
4,102,241
4,102,242
2,102,243
1,102,244
1,102,245
2,102,246
1,102,247
2,102,248
1,102,250
1,102,252
1,102,253
-1,102,257
1,102,258
0,102,260
1,102,261
1,102,262
1,102,263
1,102,278
1,102,284
1,102,293
-1,103,-20
-1,103,-19
-1,103,-18
1,103,-15
-1,103,-9
0,103,-6
-1,103,-5
-2,103,-3
-1,103,0
1,103,1
1,103,5
0,103,6
-1,103,8
-3,103,10
1,103,13
-1,103,15
2,103,16
0,103,17
-1,103,20
-1,103,23
-3,103,26
-2,103,30
-1,103,31
-1,103,32
0,103,33
1,103,38
1,103,39
-1,103,41
-1,103,43
-3,103,45
-2,103,46
2,103,47
-1,103,49
1,103,53
1,103,64
0,103,65
0,103,66
1,103,67
0,103,69
2,103,74
-1,103,75
-1,103,78
1,103,79
2,103,82
2,103,83
-1,103,86
1,103,88
1,103,92
1,103,98
-1,103,99
0,103,101
-1,103,106
1,103,109
-1,103,112
2,103,113
0,103,114
-1,103,115
1,103,118
-1,103,119
-2,103,120
2,103,121
0,103,122
-1,103,123
-1,103,127
-1,103,132
1,103,134
-1,103,136
1,103,137
-1,103,138
-3,103,140
-2,103,142
-1,103,143
-1,103,145
0,103,146
1,103,148
2,103,150
-2,103,151
0,103,153
1,103,157
-1,103,158
-2,103,161
2,103,163
-3,103,164
1,103,167
-1,103,168
0,103,169
-1,103,171
0,103,174
1,103,176
-1,103,179
-1,103,181
1,103,183
1,103,184
-1,103,189
1,103,191
-1,103,196
-2,103,197
-1,103,199
-1,103,201
-1,103,202
-1,103,203
-1,103,204
-1,103,205
-4,103,207
-2,103,210
-2,103,214
-1,103,217
-1,103,219
-1,103,220
-1,103,222
0,103,224
1,103,226
-2,103,227
1,103,228
-3,103,229
3,103,231
2,103,232
1,103,233
1,103,234
1,103,235
3,103,236
4,103,237
2,103,238
3,103,239
0,103,240
2,103,241
3,103,242
0,103,243
2,103,244
1,103,245
3,103,246
1,103,247
2,103,248
1,103,250
2,103,251
1,103,252
2,103,253
1,103,254
1,103,255
1,103,257
2,103,258
-1,103,259
1,103,260
1,103,263
2,103,267
1,103,269
1,103,274
1,103,275
1,103,285
-1,104,-40
-1,104,-36
-1,104,-31
-2,104,-25
-2,104,-23
0,104,-21
-1,104,-16
-1,104,-15
-1,104,-12
-1,104,-11
-1,104,-8
-3,104,-5
1,104,-4
-2,104,-3
-1,104,1
-4,104,3
-1,104,4
-3,104,5
1,104,6
-2,104,7
-1,104,8
1,104,9
-6,104,10
-1,104,11
-5,104,12
-3,104,13
-3,104,14
0,104,16
-1,104,18
-4,104,21
0,104,23
-3,104,26
0,104,27
-2,104,28
-2,104,29
-1,104,30
1,104,32
-5,104,33
-4,104,34
0,104,36
-1,104,38
-4,104,40
-2,104,42
-4,104,44
-1,104,45
-1,104,46
-3,104,48
-2,104,49
-2,104,51
-3,104,53
-1,104,55
-1,104,57
-1,104,59
1,104,60
-1,104,61
-3,104,63
-2,104,66
0,104,70
0,104,72
-2,104,76
-2,104,78
-1,104,80
0,104,82
-3,104,83
1,104,84
-2,104,85
-1,104,93
1,104,96
-1,104,98
-1,104,99
-2,104,100
-1,104,104
-1,104,106
-1,104,108
1,104,112
-2,104,115
-1,104,116
-1,104,120
0,104,121
-1,104,124
-2,104,125
-1,104,126
-1,104,127
-1,104,128
-1,104,131
-2,104,133
-6,104,134
-3,104,136
-2,104,137
1,104,138
-2,104,139
-1,104,141
1,104,142
-3,104,143
0,104,144
-2,104,145
-1,104,147
-1,104,148
1,104,150
-1,104,151
1,104,152
1,104,153
-1,104,154
0,104,156
1,104,157
-4,104,158
1,104,159
-2,104,160
1,104,161
-3,104,162
0,104,163
-1,104,164
-2,104,165
0,104,166
-1,104,167
-4,104,169
-3,104,171
1,104,172
-3,104,173
1,104,177
-1,104,179
-1,104,181
-1,104,186
-1,104,190
1,104,200
-2,104,203
-5,104,216
-4,104,218
-1,104,219
-2,104,220
1,104,221
-4,104,222
1,104,223
-2,104,224
1,104,226
3,104,227
-1,104,229
3,104,230
0,104,231
4,104,232
0,104,233
1,104,234
3,104,235
3,104,236
1,104,237
1,104,238
1,104,239
1,104,240
2,104,241
5,104,242
6,104,243
1,104,244
4,104,246
5,104,247
1,104,248
1,104,249
-1,104,250
2,104,251
1,104,252
1,104,253
2,104,256
1,104,259
1,104,263
1,104,264
-1,104,267
1,104,268
1,104,272
1,104,278
1,104,280
1,104,331
1,104,434
1,104,557
1,105,-20
-1,105,-18
-1,105,-14
1,105,-10
1,105,-8
-1,105,-7
1,105,-6
2,105,-4
-2,105,-3
-3,105,-1
-4,105,0
-1,105,6
1,105,7
2,105,8
-1,105,10
1,105,11
-2,105,13
-1,105,15
1,105,17
-1,105,19
0,105,22
1,105,23
1,105,25
-1,105,26
-2,105,28
1,105,29
1,105,31
-1,105,32
1,105,33
1,105,34
-1,105,35
-1,105,36
-1,105,40
-2,105,41
1,105,42
-2,105,43
-2,105,45
1,105,46
0,105,47
-1,105,48
-1,105,49
-2,105,54
-3,105,56
1,105,58
-1,105,65
-2,105,66
1,105,67
0,105,71
2,105,75
-1,105,77
-1,105,78
-1,105,82
1,105,84
-1,105,93
-2,105,100
1,105,103
0,105,105
0,105,108
0,105,109
-2,105,110
-2,105,112
-1,105,114
-1,105,116
1,105,117
0,105,118
-3,105,119
-1,105,120
1,105,121
1,105,122
1,105,125
-2,105,127
0,105,130
-1,105,132
-1,105,133
1,105,136
1,105,137
-1,105,140
-1,105,141
1,105,146
-3,105,148
-2,105,149
-1,105,150
1,105,151
-1,105,153
1,105,154
2,105,155
1,105,156
1,105,158
-1,105,161
1,105,164
-3,105,166
1,105,167
1,105,169
-1,105,171
-1,105,173
-1,105,178
-1,105,179
-2,105,181
1,105,183
-1,105,184
1,105,187
1,105,188
-1,105,194
-1,105,197
-1,105,199
-1,105,201
-3,105,205
-1,105,212
-1,105,220
1,105,221
-1,105,222
0,105,223
-1,105,225
1,105,226
-1,105,227
4,105,228
2,105,229
2,105,230
3,105,231
5,105,232
2,105,233
1,105,234
3,105,235
4,105,236
5,105,237
2,105,238
3,105,239
0,105,240
3,105,241
3,105,242
1,105,243
1,105,244
4,105,245
1,105,246
4,105,248
1,105,249
1,105,250
1,105,252
2,105,253
1,105,256
1,105,257
1,105,258
1,105,262
1,105,263
1,105,264
1,105,266
1,105,267
1,105,268
1,105,275
1,105,283
1,105,426
-1,106,-25
-1,106,-23
-2,106,-5
-2,106,-4
-2,106,-3
-2,106,-1
0,106,0
-1,106,1
-1,106,2
-1,106,3
-1,106,5
-1,106,8
-3,106,9
-1,106,10
-6,106,11
-1,106,13
-1,106,14
-1,106,15
-1,106,16
0,106,17
-2,106,21
-1,106,23
0,106,25
1,106,27
-1,106,28
-1,106,31
-1,106,32
-1,106,33
0,106,36
-1,106,38
-1,106,40
-1,106,42
1,106,47
-1,106,49
-1,106,51
-1,106,53
-2,106,57
-2,106,59
-1,106,61
-3,106,63
-1,106,66
1,106,67
-2,106,68
-1,106,70
-2,106,72
-1,106,74
-2,106,76
-3,106,80
-1,106,81
-4,106,87
-1,106,89
-1,106,91
-1,106,96
-2,106,97
-3,106,100
1,106,103
-1,106,104
-2,106,108
-1,106,113
-1,106,114
-1,106,115
-2,106,116
-2,106,118
-1,106,119
-1,106,121
-3,106,124
-7,106,125
-1,106,126
-2,106,128
-1,106,131
-2,106,133
-3,106,134
-1,106,135
-2,106,136
-2,106,139
1,106,143
-1,106,144
-4,106,145
-1,106,147
0,106,148
-1,106,151
1,106,152
-3,106,154
-1,106,156
1,106,157
-4,106,158
1,106,159
-2,106,160
1,106,161
-4,106,163
-1,106,164
-3,106,166
0,106,167
-5,106,169
-2,106,171
-2,106,173
-5,106,177
0,106,179
1,106,184
1,106,185
-2,106,186
-2,106,192
1,106,193
-1,106,196
-1,106,200
-1,106,203
-1,106,207
-1,106,214
-1,106,216
-2,106,218
-1,106,219
-2,106,220
0,106,222
-2,106,224
1,106,227
-1,106,228
-1,106,231
1,106,232
1,106,233
-1,106,234
0,106,235
1,106,238
2,106,239
1,106,240
1,106,241
0,106,242
-1,106,243
3,106,246
-1,106,247
1,106,250
1,106,253
-1,106,255
-1,106,257
1,106,258
1,106,263
1,106,264
-1,106,270
-1,106,696
-1,107,-18
-1,107,-16
-1,107,-12
0,107,-8
1,107,-5
1,107,-4
-4,107,-3
-5,107,-1
-1,107,0
-1,107,2
1,107,4
0,107,6
2,107,7
-2,107,8
0,107,10
1,107,11
-3,107,13
-2,107,15
1,107,16
1,107,17
-1,107,22
-1,107,23
0,107,26
-1,107,28
-1,107,30
-1,107,34
-2,107,36
1,107,38
1,107,40
2,107,41
0,107,43
-1,107,45
-2,107,46
1,107,47
-1,107,49
1,107,52
1,107,53
-1,107,56
-1,107,60
-1,107,63
-1,107,65
-1,107,68
0,107,69
1,107,71
-1,107,72
-2,107,76
1,107,77
0,107,78
1,107,80
1,107,83
-1,107,87
1,107,88
0,107,93
1,107,95
1,107,99
-1,107,103
2,107,105
0,107,106
-1,107,108
-1,107,109
-1,107,110
-1,107,112
1,107,113
-2,107,120
-2,107,121
-2,107,122
0,107,123
-1,107,125
0,107,127
-1,107,130
-2,107,133
-1,107,136
-1,107,137
-1,107,138
-1,107,140
0,107,141
0,107,142
-1,107,143
-1,107,145
0,107,146
0,107,149
1,107,151
-2,107,155
1,107,156
1,107,157
-1,107,158
-1,107,160
0,107,163
-1,107,164
0,107,166
0,107,169
-1,107,171
-2,107,173
0,107,174
0,107,176
-1,107,179
-1,107,181
1,107,183
-1,107,184
-2,107,197
-1,107,199
-3,107,201
-3,107,205
-1,107,206
-4,107,207
-1,107,210
-1,107,212
-3,107,222
-2,107,223
1,107,224
-1,107,225
1,107,226
1,107,227
1,107,231
3,107,232
3,107,233
1,107,235
1,107,236
0,107,237
-3,107,238
2,107,239
3,107,241
1,107,242
1,107,243
1,107,244
2,107,245
3,107,246
2,107,247
2,107,248
1,107,250
1,107,252
0,107,253
1,107,254
1,107,256
1,107,259
2,107,260
1,107,261
1,107,268
1,107,288
1,107,292
-1,108,-26
-1,108,-24
-1,108,-23
-2,108,-15
-2,108,-14
-1,108,-13
-2,108,-10
-3,108,-8
-2,108,-6
-2,108,-4
-2,108,-3
-1,108,-2
-1,108,-1
-3,108,0
1,108,1
1,108,2
-1,108,3
-4,108,4
-1,108,5
-2,108,7
-1,108,8
-2,108,9
-2,108,10
-2,108,11
-1,108,12
-1,108,13
-1,108,14
-3,108,15
-1,108,20
-5,108,21
-1,108,23
-5,108,25
-1,108,27
-1,108,28
0,108,29
-3,108,31
-1,108,33
-1,108,35
-5,108,36
-1,108,38
-2,108,42
-2,108,44
1,108,46
-1,108,48
1,108,50
-2,108,51
1,108,53
-1,108,55
1,108,56
-2,108,57
-1,108,58
-2,108,59
-1,108,61
-1,108,63
1,108,65
-1,108,70
-1,108,72
-3,108,74
-1,108,76
1,108,77
0,108,78
-1,108,79
-1,108,80
-1,108,81
-1,108,82
-2,108,83
1,108,85
-2,108,87
1,108,89
1,108,90
-2,108,91
-1,108,92
-1,108,93
-1,108,95
-3,108,96
-2,108,97
-1,108,98
1,108,100
0,108,102
-1,108,104
-1,108,105
-2,108,106
1,108,107
-1,108,108
0,108,109
1,108,111
-1,108,113
-1,108,114
-2,108,115
1,108,116
2,108,117
-2,108,118
1,108,119
1,108,120
-1,108,122
-1,108,123
-1,108,124
0,108,125
0,108,126
-3,108,127
-3,108,129
-3,108,130
-3,108,132
-5,108,133
-1,108,134
-3,108,135
-1,108,136
1,108,137
-1,108,138
-1,108,140
-3,108,141
-3,108,143
-2,108,144
-2,108,145
-1,108,146
2,108,147
-2,108,148
-2,108,149
-2,108,150
-3,108,151
-2,108,152
-1,108,153
-2,108,154
0,108,155
-6,108,156
2,108,157
-4,108,158
-2,108,160
-2,108,161
-3,108,162
-3,108,163
-1,108,164
-2,108,166
-2,108,167
-1,108,168
-2,108,169
-2,108,171
-3,108,173
1,108,175
-1,108,177
-3,108,179
-2,108,181
-2,108,183
-1,108,190
-1,108,194
-1,108,196
-1,108,205
-2,108,215
-1,108,216
-1,108,217
-1,108,218
-2,108,219
-1,108,220
-5,108,222
-2,108,224
2,108,225
1,108,226
-1,108,227
1,108,228
-4,108,229
-2,108,230
2,108,232
-1,108,233
1,108,234
-2,108,235
0,108,236
3,108,237
-1,108,238
1,108,239
0,108,241
4,108,243
1,108,244
1,108,245
2,108,247
1,108,248
0,108,249
3,108,250
1,108,253
1,108,254
2,108,256
1,108,257
1,108,259
-1,108,261
1,108,262
2,108,269
1,108,272
1,108,283
1,108,289
-1,108,409
1,109,-21
1,109,-17
1,109,-11
1,109,2
1,109,8
2,109,10
2,109,12
3,109,13
1,109,16
1,109,21
1,109,25
1,109,27
2,109,34
1,109,40
1,109,42
1,109,43
1,109,48
1,109,50
1,109,51
1,109,52
1,109,55
1,109,60
1,109,72
1,109,74
1,109,75
1,109,78
1,109,80
1,109,83
1,109,84
1,109,94
1,109,101
1,109,116
1,109,120
1,109,123
1,109,129
1,109,130
1,109,134
1,109,135
1,109,137
1,109,140
1,109,143
1,109,144
1,109,147
1,109,148
1,109,158
1,109,159
3,109,162
1,109,176
1,109,183
1,109,193
1,109,221
1,109,222
1,109,225
3,109,226
3,109,227
1,109,229
3,109,230
1,109,231
6,109,232
3,109,233
2,109,234
3,109,235
4,109,236
5,109,237
1,109,238
3,109,239
3,109,240
2,109,241
1,109,242
7,109,243
2,109,244
1,109,245
1,109,247
1,109,248
1,109,252
3,109,253
1,109,257
3,109,258
2,109,262
1,109,263
1,109,267
1,109,268
1,109,277
-1,110,-36
-1,110,-27
-1,110,-19
-1,110,-11
0,110,-7
0,110,-6
-1,110,-3
0,110,-2
-2,110,-1
-3,110,0
1,110,1
-3,110,2
-2,110,4
1,110,5
-1,110,6
-2,110,7
-1,110,8
-1,110,9
-2,110,10
-1,110,11
-1,110,12
-5,110,13
-2,110,15
1,110,16
1,110,17
-1,110,18
-2,110,19
0,110,20
-2,110,21
-1,110,22
-6,110,23
1,110,24
1,110,25
-3,110,26
-4,110,30
-1,110,31
0,110,32
-2,110,34
-1,110,35
-2,110,36
-3,110,38
-2,110,43
-1,110,45
-3,110,47
-2,110,49
-3,110,51
0,110,53
-1,110,59
-2,110,60
-1,110,61
-1,110,62
-4,110,66
-1,110,69
0,110,71
2,110,73
-1,110,75
-3,110,76
0,110,78
-1,110,79
1,110,81
-1,110,82
-2,110,84
-1,110,85
-1,110,86
-1,110,88
-1,110,92
-1,110,93
1,110,94
0,110,95
1,110,96
-2,110,99
-1,110,100
1,110,103
-1,110,104
-2,110,106
-1,110,108
-1,110,110
-1,110,114
1,110,115
-1,110,116
-1,110,117
-2,110,120
-1,110,121
0,110,122
-1,110,123
1,110,126
-2,110,127
-1,110,130
-1,110,132
-2,110,133
-1,110,134
0,110,135
0,110,136
-1,110,138
1,110,140
-3,110,141
-1,110,142
-2,110,143
-1,110,145
-5,110,148
-1,110,150
2,110,151
-1,110,152
0,110,153
0,110,154
-1,110,155
1,110,156
1,110,157
-1,110,158
-2,110,160
3,110,162
1,110,164
-2,110,165
0,110,166
1,110,169
-5,110,171
-1,110,173
1,110,174
-1,110,176
0,110,177
-2,110,178
2,110,179
1,110,182
-1,110,186
-1,110,189
-1,110,190
-1,110,194
-1,110,197
-1,110,198
-3,110,199
-2,110,201
-2,110,205
-1,110,207
-3,110,210
-2,110,211
-4,110,212
-2,110,214
-2,110,215
-1,110,217
1,110,220
1,110,221
0,110,222
3,110,224
1,110,225
-1,110,226
3,110,227
1,110,228
3,110,229
4,110,230
2,110,231
2,110,232
1,110,233
3,110,234
5,110,235
5,110,236
3,110,237
0,110,238
4,110,239
0,110,240
1,110,241
2,110,242
4,110,243
2,110,244
-2,110,247
0,110,248
2,110,250
-1,110,251
1,110,252
1,110,253
1,110,255
1,110,257
1,110,260
1,110,261
1,110,264
-1,110,270
1,110,274
1,110,278
1,110,299
1,110,320
-1,110,556
-1,111,-29
1,111,-26
-1,111,-16
-4,111,-10
-1,111,-8
-1,111,-5
-3,111,-3
-3,111,-1
-1,111,1
1,111,2
-1,111,3
-2,111,5
-5,111,10
-2,111,12
-3,111,16
-3,111,21
-1,111,25
-3,111,27
1,111,28
-4,111,31
-4,111,33
1,111,38
-1,111,40
-1,111,42
1,111,43
-2,111,44
1,111,45
-2,111,48
-1,111,51
-3,111,55
-2,111,57
1,111,58
-1,111,59
-1,111,61
-1,111,63
-1,111,70
-1,111,72
-1,111,74
1,111,77
-2,111,78
-2,111,83
0,111,87
-1,111,93
-1,111,98
-1,111,100
-2,111,102
-1,111,109
1,111,110
1,111,111
-1,111,113
-1,111,119
2,111,120
1,111,122
-2,111,126
0,111,128
-5,111,130
1,111,134
-2,111,136
-3,111,139
-6,111,143
-1,111,145
2,111,148
-3,111,149
-1,111,151
-3,111,154
-1,111,156
-1,111,158
-4,111,160
-3,111,162
1,111,163
-1,111,164
-1,111,166
-1,111,169
-2,111,171
1,111,172
-3,111,173
-2,111,175
-1,111,177
-1,111,184
-2,111,186
-3,111,188
-1,111,192
-2,111,194
-1,111,199
-1,111,207
-3,111,214
-7,111,216
-1,111,218
1,111,220
0,111,222
-3,111,224
1,111,226
0,111,227
0,111,229
1,111,230
1,111,231
1,111,232
2,111,236
1,111,239
1,111,240
-1,111,242
2,111,245
-1,111,246
1,111,248
1,111,249
0,111,252
1,111,254
2,111,256
1,111,260
1,111,323
-1,111,559
0,112,-23
-1,112,-22
-1,112,-19
-4,112,-14
-1,112,-12
-1,112,-8
1,112,-7
-2,112,-6
-1,112,-5
1,112,-4
-2,112,-3
-4,112,-1
-3,112,0
1,112,1
-1,112,3
1,112,4
0,112,6
-1,112,10
2,112,11
0,112,13
1,112,14
0,112,15
2,112,16
3,112,17
-3,112,18
-1,112,19
-2,112,23
-1,112,28
1,112,30
-1,112,32
-1,112,35
2,112,36
0,112,38
-1,112,41
1,112,42
-1,112,45
-2,112,47
-1,112,52
-1,112,54
-1,112,56
3,112,57
-1,112,58
0,112,60
0,112,62
2,112,63
-1,112,67
1,112,68
-2,112,69
1,112,71
-1,112,77
-1,112,78
-1,112,79
1,112,80
1,112,81
-2,112,82
-1,112,84
-4,112,86
1,112,89
-3,112,90
1,112,91
1,112,92
1,112,93
1,112,94
2,112,96
0,112,99
1,112,100
-1,112,103
-1,112,106
-1,112,108
1,112,110
1,112,111
-1,112,114
2,112,116
1,112,119
-1,112,120
-2,112,121
-1,112,122
1,112,124
-1,112,125
1,112,127
1,112,128
1,112,129
1,112,130
1,112,131
-3,112,132
-1,112,133
1,112,134
-1,112,136
-1,112,137
0,112,138
-1,112,140
0,112,141
-2,112,143
-1,112,145
-4,112,146
-1,112,148
-1,112,150
-1,112,151
1,112,153
-1,112,155
1,112,156
2,112,157
0,112,158
-1,112,160
-1,112,161
0,112,162
-3,112,164
-2,112,166
0,112,168
-1,112,169
1,112,170
0,112,171
-1,112,174
1,112,177
1,112,183
-1,112,184
1,112,190
-2,112,191
1,112,195
-1,112,196
0,112,197
1,112,200
0,112,201
-1,112,203
-1,112,205
-1,112,210
-1,112,212
-3,112,214
1,112,216
-1,112,219
2,112,220
1,112,221
1,112,222
1,112,223
4,112,225
2,112,226
4,112,227
3,112,228
1,112,229
1,112,230
4,112,231
1,112,232
1,112,233
3,112,235
3,112,236
3,112,237
1,112,238
2,112,239
1,112,240
4,112,241
1,112,242
3,112,243
2,112,244
1,112,245
1,112,246
4,112,247
2,112,250
1,112,251
1,112,252
2,112,253
-1,112,255
1,112,257
2,112,258
1,112,267
1,112,271
1,112,281
1,112,288
1,112,316
-2,113,-40
-2,113,-29
-3,113,-25
-1,113,-23
-1,113,-19
-1,113,-18
-1,113,-14
-1,113,-12
1,113,-11
-3,113,-10
-1,113,-8
-1,113,-1
-7,113,0
-2,113,1
-5,113,3
-2,113,4
-1,113,5
1,113,7
2,113,8
-1,113,9
-5,113,10
1,113,11
-1,113,12
0,113,13
-1,113,15
-2,113,18
0,113,20
1,113,21
-1,113,22
-3,113,23
1,113,27
-1,113,28
-3,113,29
2,113,30
-1,113,33
0,113,34
0,113,35
-3,113,40
0,113,42
1,113,43
0,113,46
-1,113,48
-1,113,51
0,113,53
-1,113,55
-1,113,57
1,113,58
0,113,59
1,113,60
0,113,63
-3,113,66
-1,113,68
-2,113,70
0,113,74
-1,113,77
-4,113,78
-2,113,81
-1,113,91
-1,113,92
-1,113,93
-1,113,99
-2,113,102
-1,113,104
-2,113,105
-2,113,106
-2,113,108
-1,113,111
-2,113,115
-1,113,116
-1,113,117
-1,113,118
1,113,120
1,113,121
-2,113,122
-1,113,123
-4,113,125
-2,113,127
-2,113,128
0,113,130
1,113,131
2,113,132
-2,113,133
-2,113,134
0,113,135
1,113,138
-2,113,139
-4,113,140
-5,113,141
1,113,144
-6,113,145
-1,113,146
0,113,147
-3,113,148
-1,113,150
-2,113,151
-3,113,153
-2,113,154
-1,113,156
-3,113,158
0,113,160
1,113,161
-1,113,162
1,113,163
-3,113,164
-2,113,166
-3,113,167
-3,113,171
1,113,172
-3,113,173
1,113,174
0,113,175
-1,113,176
-1,113,177
-3,113,179
-2,113,181
-1,113,183
-1,113,186
-1,113,188
-1,113,190
-1,113,191
-2,113,192
-1,113,194
-2,113,196
1,113,199
-3,113,214
-3,113,215
1,113,217
2,113,220
-1,113,222
1,113,223
-2,113,224
3,113,225
1,113,226
-2,113,227
2,113,228
0,113,229
0,113,230
7,113,231
1,113,232
1,113,233
1,113,234
4,113,235
1,113,236
4,113,237
2,113,238
3,113,239
1,113,240
3,113,242
2,113,243
2,113,244
1,113,245
1,113,246
1,113,247
3,113,248
-1,113,252
1,113,267
1,113,268
1,113,269
1,113,279
1,113,282
1,113,284
1,113,285
1,113,286
1,113,288
2,113,292
-1,113,386
1,114,-6
1,114,-5
-2,114,-3
-1,114,-1
1,114,0
1,114,1
3,114,6
1,114,9
-1,114,13
2,114,17
-1,114,19
-1,114,21
1,114,22
1,114,26
1,114,27
2,114,28
1,114,29
-1,114,30
-1,114,34
1,114,37
1,114,38
-1,114,39
1,114,40
1,114,41
1,114,42
-1,114,43
1,114,46
-1,114,49
-2,114,56
2,114,59
-2,114,60
-2,114,62
0,114,65
-1,114,67
1,114,68
1,114,71
1,114,73
1,114,75
-1,114,88
1,114,92
1,114,95
-2,114,103
2,114,104
1,114,105
0,114,108
-2,114,112
1,114,113
2,114,117
-2,114,119
-1,114,123
-1,114,125
1,114,126
1,114,128
1,114,130
1,114,132
1,114,135
0,114,142
1,114,143
1,114,144
-1,114,145
2,114,146
0,114,147
-1,114,151
4,114,152
-1,114,153
-2,114,155
1,114,157
1,114,159
0,114,160
0,114,164
1,114,168
1,114,171
-1,114,173
-2,114,177
1,114,188
-1,114,194
2,114,197
1,114,199
-2,114,201
-1,114,203
-2,114,205
-1,114,207
0,114,210
1,114,216
1,114,218
1,114,219
1,114,220
2,114,222
4,114,223
1,114,224
6,114,225
1,114,226
-1,114,227
6,114,230
3,114,231
5,114,232
2,114,233
3,114,235
6,114,236
2,114,237
1,114,239
1,114,240
2,114,241
3,114,242
3,114,243
2,114,244
1,114,245
1,114,246
1,114,247
3,114,248
1,114,250
4,114,251
2,114,252
1,114,254
2,114,256
1,114,257
2,114,260
1,114,264
1,114,269
2,114,274
1,114,275
1,114,276
1,114,277
1,114,283
1,114,299
-1,114,385
1,114,722
-1,115,-32
-1,115,-29
1,115,-25
0,115,-21
-1,115,-18
-1,115,-13
-1,115,-12
-1,115,-11
-3,115,-8
1,115,-6
-1,115,-5
-2,115,-4
-3,115,-3
-2,115,-2
-1,115,-1
-11,115,0
-2,115,1
1,115,2
-3,115,3
-4,115,4
-4,115,5
1,115,6
-4,115,7
-2,115,8
-1,115,9
-2,115,10
-6,115,11
-4,115,12
-2,115,13
-2,115,14
-4,115,15
-3,115,16
0,115,17
-1,115,18
-4,115,19
-1,115,20
-1,115,21
1,115,22
-1,115,23
-1,115,25
-2,115,26
0,115,27
1,115,28
-2,115,30
1,115,31
-4,115,32
-1,115,33
0,115,34
-1,115,35
-2,115,36
-2,115,38
-2,115,40
0,115,42
-1,115,45
-1,115,49
1,115,50
-2,115,51
-2,115,53
1,115,54
-1,115,56
-2,115,57
-3,115,59
-2,115,63
-2,115,66
-1,115,68
-1,115,69
-4,115,70
-1,115,71
-3,115,72
1,115,75
-3,115,76
-1,115,77
-3,115,78
-1,115,81
-1,115,82
-1,115,84
-4,115,85
-3,115,87
1,115,88
-1,115,91
-1,115,93
-2,115,95
-3,115,97
-2,115,99
-1,115,100
2,115,101
-4,115,104
-2,115,105
-1,115,108
-1,115,109
-1,115,110
-1,115,112
-3,115,113
-4,115,114
1,115,116
-3,115,118
-1,115,119
-1,115,120
-1,115,121
2,115,122
-1,115,123
-4,115,124
-3,115,125
1,115,126
-4,115,127
-1,115,128
-2,115,129
-2,115,130
-1,115,132
-4,115,133
-2,115,134
-5,115,135
0,115,136
-4,115,137
-2,115,138
-1,115,139
-2,115,140
-5,115,141
-1,115,143
-2,115,144
-4,115,145
-2,115,146
-1,115,147
-1,115,148
-2,115,149
-3,115,150
-2,115,151
-1,115,152
1,115,153
-7,115,154
-2,115,155
-5,115,156
1,115,157
0,115,158
1,115,159
-2,115,160
-1,115,161
-1,115,162
-3,115,163
-3,115,164
-1,115,166
-1,115,168
-2,115,169
-1,115,171
-4,115,173
-6,115,175
-1,115,177
-4,115,179
-1,115,183
-1,115,184
-1,115,186
0,115,187
-1,115,192
-1,115,194
-1,115,196
1,115,198
-1,115,199
-2,115,209
-1,115,210
-3,115,212
-1,115,213
-4,115,214
0,115,215
-1,115,216
-2,115,217
-3,115,219
-2,115,220
2,115,221
-4,115,222
1,115,223
-2,115,224
1,115,225
0,115,226
-1,115,227
1,115,228
1,115,229
2,115,230
1,115,231
-3,115,232
4,115,233
0,115,234
1,115,235
2,115,236
2,115,237
-1,115,238
1,115,239
2,115,240
0,115,241
3,115,242
1,115,243
1,115,244
0,115,245
3,115,246
0,115,247
4,115,248
0,115,250
3,115,251
0,115,253
1,115,254
2,115,255
1,115,257
1,115,258
2,115,261
1,115,262
1,115,267
1,115,269
1,115,272
-1,115,274
1,115,281
1,115,287
1,115,290
1,115,317
-1,116,-29
-2,116,-16
-1,116,-9
1,116,-4
-1,116,-2
-1,116,-1
1,116,4
-1,116,6
3,116,7
-1,116,8
0,116,10
1,116,11
2,116,12
-1,116,13
-1,116,15
1,116,20
1,116,21
1,116,22
1,116,23
-1,116,26
-1,116,30
-1,116,32
-1,116,34
-1,116,36
-1,116,41
-2,116,43
-1,116,45
1,116,46
1,116,47
1,116,48
-1,116,49
0,116,52
-1,116,56
1,116,57
-1,116,58
-2,116,60
1,116,75
1,116,77
1,116,79
1,116,80
-1,116,90
1,116,93
-1,116,101
-1,116,103
-1,116,106
-1,116,110
-2,116,116
1,116,118
1,116,119
1,116,121
1,116,122
1,116,125
1,116,127
1,116,128
1,116,129
0,116,132
1,116,136
1,116,138
0,116,140
1,116,142
2,116,147
1,116,148
-1,116,151
0,116,153
-1,116,155
-1,116,162
1,116,164
3,116,167
1,116,168
1,116,185
-1,116,190
-1,116,192
-1,116,199
-1,116,201
-2,116,205
1,116,210
1,116,211
-1,116,212
1,116,214
-1,116,216
1,116,217
1,116,219
4,116,221
1,116,222
3,116,224
1,116,225
3,116,226
0,116,227
2,116,228
4,116,229
3,116,230
4,116,231
2,116,232
1,116,233
2,116,234
6,116,235
6,116,236
2,116,237
2,116,238
1,116,240
5,116,241
1,116,242
3,116,243
4,116,244
2,116,245
1,116,246
4,116,247
2,116,248
1,116,250
1,116,251
2,116,253
1,116,261
1,116,263
1,116,282
-1,117,-38
-1,117,-36
-1,117,-29
-1,117,-23
-1,117,-21
-3,117,-16
-1,117,-14
-1,117,-13
-4,117,-10
-1,117,-8
-3,117,-3
-2,117,-2
-3,117,-1
-5,117,0
-2,117,1
-6,117,2
-2,117,3
-2,117,5
-1,117,8
-4,117,10
1,117,11
-1,117,13
-1,117,14
0,117,16
-1,117,17
0,117,18
-1,117,20
-2,117,21
-1,117,23
-1,117,29
-1,117,31
-2,117,33
1,117,35
-1,117,36
-2,117,38
-2,117,40
-1,117,42
-2,117,44
-1,117,46
-2,117,48
-1,117,53
-2,117,55
-2,117,57
-1,117,59
1,117,60
-2,117,63
0,117,64
-2,117,66
1,117,67
-3,117,68
-1,117,70
-2,117,72
-3,117,74
1,117,75
-2,117,76
-1,117,77
-4,117,78
-1,117,80
-4,117,81
-1,117,82
-3,117,83
-3,117,85
-4,117,87
-1,117,89
-1,117,91
-1,117,92
-1,117,94
-1,117,95
1,117,96
-2,117,99
-3,117,100
-1,117,101
-1,117,102
-1,117,104
-1,117,105
-1,117,106
-1,117,108
-1,117,109
-2,117,110
-2,117,113
1,117,114
-5,117,115
0,117,116
-1,117,118
-1,117,119
-3,117,120
-2,117,121
-1,117,122
-1,117,123
-1,117,124
-1,117,125
-3,117,126
-4,117,127
-1,117,128
-4,117,130
-1,117,132
-4,117,133
1,117,134
-2,117,135
-2,117,136
0,117,137
-1,117,138
-3,117,139
-1,117,140
-1,117,141
-3,117,143
-3,117,144
-1,117,145
-2,117,146
-2,117,147
0,117,148
-3,117,149
-1,117,150
-2,117,151
-2,117,152
-1,117,153
-7,117,154
-1,117,155
-2,117,156
-5,117,158
-6,117,160
-2,117,161
0,117,162
-1,117,163
-1,117,164
-3,117,166
-8,117,171
-4,117,173
-1,117,174
-1,117,175
-8,117,177
-4,117,179
-3,117,181
-1,117,183
-1,117,184
-2,117,186
-1,117,188
-1,117,190
-1,117,191
-1,117,192
-1,117,194
-1,117,201
-1,117,207
-2,117,209
-1,117,210
-1,117,211
-2,117,212
-7,117,214
2,117,215
-10,117,216
-2,117,218
-3,117,219
-4,117,222
1,117,223
1,117,224
0,117,226
-1,117,228
-2,117,229
-1,117,230
0,117,231
0,117,232
0,117,233
2,117,234
0,117,235
-2,117,236
1,117,239
1,117,240
1,117,241
1,117,242
-1,117,243
-1,117,247
2,117,251
-1,117,253
-2,117,257
1,117,261
1,117,263
-1,117,270
1,117,277
-1,117,361
-1,117,399
1,117,714
1,118,-12
1,118,-8
-1,118,-6
1,118,-4
1,118,-3
-2,118,0
-2,118,2
-1,118,4
0,118,8
-3,118,10
2,118,11
0,118,12
-1,118,13
-2,118,18
-1,118,19
-2,118,20
0,118,21
-2,118,23
0,118,25
-1,118,26
-2,118,28
0,118,30
-3,118,31
-1,118,32
-1,118,33
-1,118,34
-1,118,35
-2,118,41
1,118,42
1,118,43
1,118,44
-2,118,46
-1,118,47
-2,118,49
-1,118,51
-1,118,52
-3,118,54
-3,118,56
1,118,57
-1,118,59
-1,118,60
-1,118,63
-1,118,65
1,118,73
-1,118,75
1,118,79
1,118,80
-2,118,82
1,118,84
1,118,85
-1,118,86
1,118,88
-1,118,89
-1,118,95
-1,118,97
-1,118,99
-1,118,100
-1,118,101
-1,118,104
1,118,106
-1,118,107
1,118,108
-2,118,109
-4,118,110
1,118,111
0,118,112
-2,118,114
-2,118,115
-1,118,118
-2,118,119
1,118,120
-2,118,121
-4,118,123
1,118,124
-1,118,125
1,118,127
1,118,131
0,118,132
-1,118,133
-1,118,134
-1,118,135
-2,118,137
-2,118,138
-3,118,140
-1,118,141
-2,118,145
-1,118,146
-1,118,150
1,118,151
1,118,152
0,118,153
1,118,154
-1,118,156
-2,118,158
1,118,159
-1,118,160
0,118,161
1,118,162
-1,118,163
-2,118,166
-1,118,168
1,118,176
-1,118,178
-1,118,184
-1,118,192
-2,118,194
-1,118,197
-1,118,199
-1,118,201
-3,118,203
-1,118,207
-4,118,210
-3,118,212
-2,118,214
1,118,216
-1,118,217
1,118,219
-3,118,220
1,118,221
1,118,222
-1,118,223
0,118,224
1,118,225
3,118,226
1,118,227
3,118,228
4,118,230
6,118,231
2,118,232
9,118,235
4,118,236
5,118,237
1,118,239
1,118,240
2,118,241
6,118,242
-1,118,243
0,118,247
1,118,252
1,118,255
1,118,256
-1,118,268
1,118,282
1,118,314
-1,118,392
-1,118,465
1,118,533
-1,119,-51
-2,119,-38
-2,119,-29
-1,119,-23
-1,119,-18
1,119,-16
-2,119,-15
-2,119,-14
-3,119,-12
0,119,-10
2,119,-9
-1,119,-8
-3,119,-5
-2,119,-4
-3,119,-3
-1,119,-2
-4,119,0
-2,119,1
-1,119,3
-2,119,4
-4,119,5
-2,119,7
0,119,8
-1,119,9
0,119,10
-1,119,11
-3,119,12
-2,119,14
-1,119,15
-1,119,16
-3,119,18
-1,119,19
-5,119,21
-1,119,23
1,119,25
0,119,26
0,119,27
-1,119,28
-2,119,29
-2,119,33
-2,119,34
-2,119,36
1,119,37
-1,119,38
1,119,39
0,119,42
1,119,43
-1,119,46
-1,119,49
-1,119,51
1,119,52
-1,119,53
-2,119,55
1,119,56
1,119,59
-4,119,61
-1,119,63
0,119,66
-1,119,68
1,119,69
-2,119,70
-2,119,72
-1,119,74
-1,119,76
-1,119,78
-2,119,81
-1,119,83
1,119,84
-1,119,85
2,119,86
-1,119,87
1,119,88
-1,119,89
-3,119,91
-2,119,93
1,119,94
1,119,95
-2,119,97
-1,119,98
1,119,99
-1,119,100
-1,119,101
0,119,102
2,119,103
-4,119,104
1,119,105
-1,119,106
1,119,109
0,119,110
-2,119,112
-1,119,115
0,119,116
-1,119,117
1,119,118
-1,119,119
0,119,120
1,119,121
0,119,122
-1,119,124
-1,119,125
-2,119,126
0,119,127
-2,119,128
-3,119,129
0,119,130
1,119,132
-2,119,133
-1,119,134
-2,119,135
1,119,136
-3,119,137
1,119,139
-2,119,141
1,119,142
-1,119,144
-1,119,145
0,119,147
-1,119,150
-1,119,151
-1,119,154
1,119,155
-9,119,158
-3,119,160
-1,119,162
-2,119,163
-1,119,169
-2,119,171
-1,119,173
-1,119,175
-1,119,177
-1,119,179
1,119,180
-3,119,181
1,119,184
-2,119,190
1,119,193
-2,119,209
0,119,215
-2,119,216
3,119,217
-1,119,218
-2,119,219
1,119,220
1,119,221
1,119,222
-2,119,224
4,119,225
3,119,226
6,119,227
1,119,228
4,119,230
5,119,231
6,119,232
1,119,233
3,119,235
3,119,236
2,119,238
2,119,239
3,119,240
4,119,241
3,119,242
1,119,243
4,119,246
2,119,248
1,119,249
2,119,252
1,119,253
1,119,255
-1,119,257
1,119,262
1,119,264
1,119,268
-1,119,274
-1,119,394
-1,119,405
1,119,603
1,120,-43
-1,120,-31
-1,120,-22
-1,120,-9
1,120,-6
-1,120,-5
-2,120,-3
-1,120,0
1,120,2
-1,120,4
-1,120,5
1,120,6
0,120,8
-1,120,10
-2,120,12
1,120,16
-2,120,17
1,120,20
-1,120,21
1,120,22
0,120,23
-2,120,26
0,120,28
-1,120,31
0,120,32
-1,120,33
0,120,34
-3,120,36
1,120,37
1,120,38
-1,120,41
0,120,43
1,120,44
1,120,45
1,120,48
1,120,49
2,120,50
-1,120,52
1,120,54
1,120,55
1,120,58
-1,120,61
2,120,63
-1,120,64
-3,120,65
-1,120,66
-1,120,67
-1,120,74
-1,120,75
1,120,77
1,120,79
-1,120,80
-1,120,82
1,120,85
-1,120,87
0,120,88
-1,120,89
-1,120,91
2,120,94
-1,120,95
1,120,96
-2,120,101
1,120,103
-1,120,108
1,120,109
0,120,110
-1,120,112
-2,120,114
1,120,115
1,120,117
-1,120,119
-1,120,120
-1,120,122
-1,120,125
-1,120,127
0,120,129
-1,120,130
1,120,132
1,120,134
-2,120,135
1,120,137
-1,120,138
-2,120,140
3,120,141
2,120,142
-2,120,145
1,120,146
-1,120,147
-2,120,150
-1,120,151
-1,120,153
-1,120,155
2,120,158
-1,120,160
1,120,162
0,120,163
-2,120,164
-1,120,168
1,120,169
1,120,174
-1,120,177
-1,120,179
-1,120,184
-3,120,186
-1,120,187
-1,120,192
-2,120,194
-3,120,197
-2,120,201
1,120,202
-2,120,203
-2,120,207
1,120,208
-1,120,210
-2,120,212
-3,120,214
0,120,215
1,120,217
2,120,218
0,120,219
5,120,220
4,120,221
2,120,222
1,120,224
3,120,225
3,120,226
-2,120,227
1,120,228
-2,120,229
3,120,230
1,120,231
5,120,232
2,120,233
2,120,234
2,120,235
6,120,236
2,120,237
4,120,239
1,120,240
1,120,241
1,120,242
3,120,243
1,120,244
1,120,245
3,120,246
2,120,251
-1,120,252
1,120,257
1,120,266
1,120,279
1,120,324
-1,120,498
-1,121,-36
-1,121,-29
-1,121,-18
1,121,-17
2,121,-16
-1,121,-15
-2,121,-11
-1,121,-10
0,121,-9
-3,121,-8
1,121,-7
-1,121,-6
1,121,-5
-2,121,-4
-2,121,-3
-1,121,-2
-2,121,-1
-4,121,0
-1,121,1
-3,121,3
-5,121,4
-3,121,5
1,121,6
-1,121,7
-2,121,8
-3,121,10
-2,121,12
1,121,14
-1,121,15
-1,121,16
-1,121,17
1,121,20
-3,121,21
-3,121,23
-1,121,25
-1,121,26
-7,121,27
-1,121,28
-1,121,29
-1,121,31
-1,121,32
-1,121,33
-2,121,34
0,121,35
1,121,36
1,121,37
-2,121,38
-3,121,40
-2,121,41
-3,121,42
-1,121,44
-1,121,45
-1,121,46
-7,121,47
-4,121,53
-1,121,54
-1,121,55
0,121,57
-1,121,59
-1,121,63
-1,121,66
2,121,67
-1,121,68
-3,121,72
0,121,74
-4,121,78
-2,121,80
-1,121,82
-1,121,84
-1,121,87
1,121,88
-2,121,91
1,121,92
0,121,95
-2,121,97
-1,121,98
-1,121,99
-1,121,100
-1,121,101
-1,121,102
-1,121,104
-2,121,105
-1,121,106
-1,121,107
-1,121,108
-1,121,109
0,121,110
-1,121,111
-1,121,112
-2,121,113
-3,121,114
-5,121,115
-1,121,116
0,121,117
1,121,118
-1,121,120
-1,121,121
-2,121,123
-1,121,124
-2,121,125
-2,121,126
-5,121,127
-2,121,130
-2,121,131
1,121,132
-3,121,133
-2,121,134
-2,121,135
-4,121,136
-1,121,137
-4,121,139
-1,121,140
-5,121,141
1,121,142
1,121,143
-1,121,144
0,121,145
-2,121,146
0,121,148
-1,121,149
-3,121,150
2,121,151
0,121,153
-2,121,154
-1,121,155
-3,121,156
0,121,158
-1,121,160
-1,121,162
-2,121,163
-1,121,166
1,121,167
-2,121,168
-3,121,169
-1,121,171
-3,121,173
-2,121,174
-3,121,175
0,121,176
-1,121,177
0,121,178
-5,121,179
-1,121,181
-2,121,184
-3,121,186
-1,121,189
-3,121,207
-3,121,209
-1,121,212
0,121,213
-1,121,214
0,121,215
-2,121,216
-4,121,217
-1,121,218
-4,121,219
2,121,220
5,121,221
1,121,222
1,121,223
0,121,224
2,121,225
0,121,226
-1,121,227
0,121,228
0,121,229
-1,121,230
2,121,231
1,121,232
2,121,233
2,121,234
1,121,235
-1,121,236
2,121,237
3,121,238
1,121,239
2,121,240
1,121,241
0,121,242
1,121,243
-1,121,245
2,121,246
-1,121,247
3,121,248
-1,121,249
-1,121,251
1,121,252
-1,121,253
1,121,254
2,121,255
1,121,256
1,121,257
1,121,261
1,121,266
1,121,267
1,121,270
1,121,272
-1,121,287
1,121,302
-1,121,314
-1,121,348
-1,122,-10
1,122,37
1,122,40
1,122,44
1,122,71
1,122,83
1,122,131
1,122,140
1,122,155
1,122,216
1,122,218
2,122,223
1,122,225
2,122,226
1,122,228
2,122,229
3,122,232
1,122,233
1,122,234
2,122,235
1,122,236
1,122,239
1,122,243
1,122,250
1,122,261
1,123,-38
-1,123,-19
-2,123,-18
-2,123,-16
-1,123,-15
-2,123,-14
-1,123,-13
-3,123,-12
-1,123,-11
1,123,-10
-4,123,-8
1,123,-7
-2,123,-6
-1,123,-5
-1,123,-2
-2,123,-1
-4,123,0
-2,123,1
-2,123,2
-2,123,3
-7,123,4
-2,123,5
-1,123,6
-1,123,7
-2,123,8
-2,123,9
-1,123,10
-3,123,11
-2,123,12
-5,123,13
-1,123,14
-6,123,15
-3,123,16
-2,123,17
-1,123,18
-3,123,19
-1,123,20
-2,123,21
1,123,23
-1,123,25
-2,123,26
1,123,27
-1,123,30
-1,123,33
0,123,34
-1,123,35
-4,123,36
-2,123,38
-1,123,39
-2,123,40
-1,123,41
-3,123,42
-1,123,43
-4,123,46
-2,123,47
-2,123,48
-2,123,49
-3,123,51
0,123,52
-2,123,53
-3,123,55
-2,123,56
-2,123,57
-1,123,58
-4,123,61
-1,123,62
-1,123,65
1,123,66
-1,123,67
-2,123,69
1,123,70
-1,123,71
-2,123,72
0,123,73
-2,123,74
-2,123,75
-2,123,76
-1,123,80
-1,123,81
-2,123,82
-1,123,83
-1,123,84
-1,123,85
0,123,88
-3,123,89
-1,123,91
-2,123,93
1,123,94
-2,123,95
-1,123,96
-1,123,97
1,123,98
0,123,99
-1,123,100
-1,123,101
0,123,103
-1,123,104
-2,123,106
-1,123,108
1,123,109
-2,123,110
-1,123,112
-1,123,113
-1,123,114
-3,123,115
1,123,116
-1,123,118
-3,123,119
-2,123,120
-1,123,122
-2,123,123
-2,123,125
-3,123,126
-2,123,127
-1,123,129
-1,123,130
1,123,131
-2,123,132
-3,123,133
-1,123,134
-2,123,135
-1,123,136
-2,123,137
-1,123,138
-1,123,140
-3,123,141
-2,123,143
-1,123,144
-2,123,145
-1,123,146
-1,123,147
-3,123,148
-1,123,149
-1,123,150
-1,123,152
-1,123,153
-2,123,154
-1,123,155
-3,123,156
-1,123,158
1,123,159
-1,123,160
-1,123,162
-1,123,163
0,123,164
-2,123,166
1,123,169
-5,123,171
-3,123,173
-2,123,175
1,123,176
-1,123,177
-2,123,179
-2,123,181
-1,123,184
-1,123,186
-1,123,188
-4,123,192
-2,123,194
-1,123,197
-1,123,199
-1,123,201
-4,123,205
-1,123,206
-2,123,207
-5,123,209
-1,123,210
0,123,211
-6,123,212
0,123,213
1,123,214
0,123,215
-5,123,216
0,123,217
-1,123,218
-5,123,219
2,123,220
4,123,221
-2,123,222
2,123,223
-2,123,224
1,123,225
4,123,226
7,123,227
0,123,228
-2,123,229
-1,123,230
7,123,231
1,123,232
-1,123,233
-1,123,234
-2,123,235
2,123,236
5,123,237
0,123,238
1,123,241
3,123,242
-2,123,243
1,123,244
1,123,245
3,123,246
1,123,247
-1,123,249
3,123,250
1,123,251
2,123,252
-1,123,253
1,123,256
2,123,257
2,123,260
1,123,268
-1,123,270
1,123,272
1,123,274
1,123,309
-1,123,375
-1,123,380
1,123,585
1,124,-21
1,124,-6
3,124,-4
1,124,15
1,124,18
1,124,20
1,124,37
1,124,55
1,124,57
1,124,63
1,124,67
1,124,69
1,124,72
1,124,94
2,124,104
1,124,120
1,124,122
1,124,127
1,124,133
1,124,139
1,124,148
1,124,149
2,124,158
1,124,161
1,124,168
1,124,173
1,124,198
1,124,211
1,124,212
1,124,216
1,124,217
3,124,218
3,124,219
3,124,220
3,124,221
2,124,222
2,124,223
2,124,224
6,124,225
7,124,226
3,124,227
3,124,228
2,124,229
2,124,230
7,124,231
2,124,232
2,124,235
1,124,236
3,124,237
2,124,239
2,124,240
2,124,241
3,124,242
4,124,243
1,124,245
2,124,247
2,124,253
2,124,256
1,124,260
1,124,264
1,124,266
1,124,269
1,124,270
1,124,273
-1,125,-25
1,125,-22
-1,125,-15
-1,125,-13
-4,125,-9
1,125,-8
-2,125,-7
0,125,-6
-1,125,-1
-2,125,0
-1,125,2
-2,125,3
-6,125,4
1,125,5
-2,125,6
-3,125,7
-1,125,8
-2,125,9
-3,125,10
-3,125,11
1,125,12
-2,125,13
-4,125,15
-1,125,17
-2,125,19
1,125,22
-2,125,28
-4,125,30
-1,125,31
1,125,32
-2,125,33
-2,125,34
-2,125,36
-1,125,40
1,125,42
-1,125,43
-1,125,45
-1,125,47
-1,125,51
-1,125,53
-2,125,54
-2,125,55
-1,125,60
-1,125,61
-1,125,62
-2,125,67
1,125,68
0,125,69
-1,125,70
-3,125,71
2,125,73
-1,125,75
-1,125,76
-5,125,78
-1,125,80
-1,125,82
1,125,83
-3,125,86
2,125,87
1,125,89
0,125,90
-1,125,91
2,125,94
-2,125,95
-2,125,97
-2,125,99
0,125,101
1,125,102
1,125,103
-1,125,105
-1,125,106
-1,125,108
-1,125,109
-2,125,110
-1,125,112
-1,125,114
1,125,115
-1,125,116
0,125,117
-1,125,119
1,125,121
-2,125,123
-4,125,125
-2,125,127
0,125,129
-1,125,130
-1,125,131
1,125,132
-3,125,133
1,125,134
-3,125,135
-1,125,136
-1,125,137
-2,125,138
-1,125,140
0,125,141
-1,125,142
-1,125,143
-1,125,144
-3,125,146
-1,125,147
-2,125,148
-1,125,149
0,125,150
-2,125,151
0,125,152
1,125,153
0,125,154
0,125,156
-1,125,158
1,125,162
-1,125,163
-2,125,164
0,125,165
-1,125,166
0,125,168
-1,125,169
-1,125,175
-2,125,176
-2,125,179
-2,125,181
-4,125,184
-1,125,187
-1,125,192
-1,125,197
-1,125,201
-1,125,203
-1,125,205
-2,125,207
-2,125,209
-2,125,210
1,125,211
-1,125,212
0,125,213
-3,125,215
-1,125,216
1,125,217
3,125,218
-3,125,219
0,125,220
4,125,221
0,125,222
2,125,223
1,125,224
3,125,225
-2,125,226
0,125,227
-1,125,228
1,125,229
0,125,230
2,125,231
2,125,232
1,125,233
-1,125,234
2,125,235
3,125,236
2,125,237
2,125,238
3,125,239
1,125,240
2,125,241
2,125,243
1,125,245
0,125,246
3,125,247
3,125,248
1,125,250
-1,125,251
1,125,252
1,125,253
1,125,256
1,125,257
1,125,261
1,125,271
1,125,452
-1,126,-46
-1,126,-40
-3,126,-36
0,126,-29
-1,126,-24
-1,126,-23
1,126,-22
-1,126,-19
-1,126,-12
-1,126,-10
-1,126,-9
-3,126,-8
1,126,-6
-2,126,-5
-3,126,-3
1,126,-2
-1,126,-1
-3,126,0
-7,126,1
-1,126,2
1,126,4
-5,126,5
1,126,6
-3,126,8
-3,126,10
1,126,11
-6,126,12
-3,126,13
-1,126,14
-2,126,15
-2,126,16
1,126,17
-5,126,18
-4,126,21
-4,126,23
-3,126,25
-3,126,27
-5,126,29
1,126,30
-2,126,31
-6,126,33
-1,126,36
1,126,37
-1,126,38
-2,126,40
-2,126,41
-2,126,42
-1,126,44
-4,126,46
-2,126,48
-1,126,51
-1,126,53
-2,126,55
0,126,58
1,126,60
-4,126,61
-3,126,63
1,126,64
-3,126,66
-1,126,69
1,126,73
-2,126,74
-3,126,76
-2,126,78
-2,126,79
-2,126,81
0,126,84
-2,126,85
-1,126,87
1,126,90
-3,126,91
-2,126,93
-2,126,94
-1,126,95
-1,126,96
-3,126,98
-2,126,100
-1,126,102
-3,126,104
1,126,105
-1,126,109
-1,126,110
-3,126,111
-3,126,113
-2,126,114
-7,126,115
1,126,117
-1,126,119
-3,126,121
-1,126,122
-1,126,123
-4,126,124
0,126,125
-1,126,126
-1,126,127
-4,126,128
-1,126,130
1,126,131
-3,126,132
-3,126,134
-3,126,135
-2,126,136
-1,126,137
0,126,138
-2,126,139
-2,126,140
-3,126,141
-3,126,143
-3,126,145
-1,126,146
0,126,147
-1,126,149
-6,126,151
-2,126,153
-1,126,154
-4,126,156
-2,126,158
-2,126,160
0,126,161
-4,126,162
-1,126,163
-2,126,164
-1,126,166
-2,126,168
-4,126,169
-2,126,171
1,126,173
-1,126,174
-3,126,175
-1,126,176
-1,126,178
-2,126,179
-1,126,184
-1,126,186
-1,126,187
-1,126,188
-1,126,189
-1,126,191
-1,126,202
-1,126,204
-2,126,205
1,126,207
-4,126,209
-2,126,210
1,126,211
0,126,215
-2,126,216
1,126,217
2,126,218
0,126,220
2,126,221
0,126,222
-1,126,224
2,126,225
8,126,226
1,126,227
4,126,228
1,126,229
2,126,230
2,126,231
3,126,232
1,126,233
1,126,234
2,126,235
2,126,236
1,126,237
1,126,238
2,126,239
3,126,240
1,126,241
1,126,242
1,126,245
2,126,246
1,126,247
2,126,249
2,126,250
1,126,252
1,126,253
1,126,255
2,126,258
1,126,264
1,126,283
1,126,288
1,126,289
-1,126,353
-1,126,385
-1,127,-36
-1,127,-15
-1,127,-12
-2,127,-11
-2,127,-8
-1,127,-5
-4,127,-4
-6,127,0
0,127,2
-2,127,4
2,127,8
2,127,9
-2,127,10
-1,127,13
-5,127,15
1,127,16
-4,127,17
-2,127,19
1,127,20
-2,127,21
-2,127,23
-2,127,26
-1,127,28
-7,127,32
0,127,34
1,127,38
-1,127,39
0,127,42
-1,127,43
1,127,46
-1,127,47
-2,127,52
0,127,53
-1,127,54
-2,127,55
-1,127,56
-3,127,58
-4,127,59
-1,127,61
-2,127,62
1,127,64
-1,127,65
-1,127,66
1,127,68
-2,127,70
-1,127,71
-1,127,72
1,127,73
-4,127,76
-2,127,78
-1,127,80
-1,127,85
-4,127,87
-1,127,88
1,127,90
-1,127,91
1,127,92
-2,127,95
0,127,97
-1,127,99
-1,127,101
1,127,102
-1,127,104
1,127,105
-1,127,106
-6,127,108
-1,127,112
1,127,115
-1,127,116
1,127,117
-1,127,118
-1,127,120
-1,127,122
1,127,124
-2,127,125
-1,127,127
0,127,129
1,127,130
-2,127,131
-5,127,135
-2,127,137
1,127,138
-2,127,141
2,127,144
-1,127,145
1,127,148
-1,127,150
1,127,151
2,127,153
-1,127,156
-2,127,158
2,127,161
-1,127,163
1,127,164
1,127,167
-1,127,169
-2,127,171
-1,127,173
-1,127,175
-1,127,179
-2,127,186
-1,127,188
-1,127,192
-2,127,194
-1,127,197
-2,127,199
-2,127,201
-1,127,203
-1,127,205
1,127,209
-1,127,213
0,127,215
3,127,216
2,127,217
3,127,218
-2,127,219
2,127,220
4,127,221
3,127,222
2,127,223
1,127,224
6,127,225
8,127,226
5,127,227
3,127,228
1,127,229
0,127,230
6,127,231
4,127,232
1,127,233
1,127,234
5,127,235
-2,127,236
3,127,237
1,127,238
2,127,239
1,127,240
3,127,242
-3,127,243
2,127,245
1,127,246
-1,127,247
1,127,250
1,127,256
1,127,273
1,127,279
-1,127,527
-1,127,734
-1,128,-40
-1,128,-21
-1,128,-18
-1,128,-16
-2,128,-10
-2,128,-9
-1,128,-8
-3,128,-3
-2,128,-1
-2,128,0
-3,128,1
-5,128,3
1,128,6
-2,128,7
-1,128,8
-5,128,10
-1,128,12
-1,128,13
-4,128,16
-1,128,21
-2,128,23
-1,128,27
-1,128,29
-1,128,30
-1,128,31
1,128,32
-1,128,35
-2,128,36
1,128,37
1,128,39
-2,128,40
-1,128,42
-2,128,44
-2,128,46
-4,128,48
-1,128,51
-1,128,53
-1,128,55
-1,128,57
-2,128,59
-1,128,61
-1,128,66
1,128,67
-1,128,68
2,128,69
-1,128,70
-2,128,72
-1,128,78
-1,128,79
-2,128,81
-1,128,83
-1,128,85
-2,128,86
-1,128,89
-2,128,93
-1,128,99
-3,128,100
-3,128,102
-2,128,105
-1,128,106
-1,128,107
-1,128,109
-1,128,110
-1,128,112
-1,128,113
-3,128,115
-3,128,117
-1,128,121
1,128,122
0,128,126
-1,128,128
-2,128,130
-1,128,132
-2,128,133
-2,128,134
-1,128,135
1,128,137
-3,128,138
-1,128,141
1,128,143
-2,128,145
-1,128,146
-1,128,147
-2,128,149
-2,128,151
-1,128,154
1,128,155
-1,128,156
-3,128,158
-3,128,160
1,128,163
-1,128,164
1,128,169
-1,128,171
-1,128,176
-1,128,178
-2,128,179
0,128,187
-1,128,199
-3,128,203
-1,128,205
-1,128,206
-3,128,207
-4,128,209
1,128,211
-1,128,212
-3,128,214
-1,128,217
1,128,218
1,128,219
3,128,220
1,128,221
-2,128,222
2,128,223
0,128,224
1,128,225
1,128,226
-1,128,229
-1,128,233
2,128,235
1,128,250
2,128,252
1,128,255
1,128,264
-1,128,396
-1,129,-27
-1,129,-21
-1,129,-15
-1,129,-13
-1,129,-12
-1,129,-7
-2,129,-6
-1,129,-5
-2,129,-4
1,129,-1
-4,129,0
-4,129,4
-2,129,6
-5,129,7
-1,129,10
1,129,12
-1,129,13
-2,129,15
1,129,16
-1,129,17
-2,129,19
-3,129,21
-2,129,23
-1,129,26
-2,129,28
-3,129,30
-4,129,34
-1,129,38
1,129,40
-1,129,41
1,129,42
-2,129,43
-1,129,45
-1,129,47
3,129,48
-1,129,49
-1,129,51
0,129,53
-3,129,57
-1,129,58
1,129,59
-1,129,60
-1,129,61
-1,129,62
-1,129,65
-1,129,67
-1,129,71
1,129,73
1,129,74
-2,129,75
-1,129,76
-1,129,78
-2,129,80
-2,129,82
2,129,85
-2,129,86
-1,129,87
-1,129,90
1,129,92
-1,129,95
-1,129,97
-4,129,99
-1,129,101
1,129,102
-2,129,103
1,129,109
-1,129,110
-1,129,112
-3,129,114
1,129,115
-1,129,116
-3,129,118
-1,129,120
1,129,121
-1,129,123
-5,129,125
-3,129,127
-2,129,129
1,129,131
-3,129,133
-1,129,134
-2,129,135
-1,129,138
1,129,140
1,129,141
0,129,144
-1,129,146
-1,129,147
-2,129,148
-1,129,150
-2,129,152
-1,129,153
-1,129,156
-3,129,158
-1,129,163
-1,129,167
-1,129,169
-1,129,171
-3,129,173
-1,129,184
1,129,185
-2,129,186
-1,129,188
-2,129,194
-1,129,197
-1,129,199
-1,129,203
-2,129,207
0,129,209
1,129,210
-2,129,211
2,129,212
1,129,213
0,129,215
1,129,216
-1,129,217
6,129,218
-2,129,219
3,129,220
3,129,221
3,129,222
4,129,223
-2,129,224
2,129,225
3,129,226
5,129,227
3,129,228
1,129,229
-1,129,230
6,129,231
2,129,232
3,129,233
3,129,234
3,129,235
3,129,236
3,129,237
1,129,239
1,129,240
-1,129,241
2,129,242
-1,129,243
2,129,244
1,129,247
2,129,249
1,129,250
-1,129,253
2,129,255
-1,129,259
1,129,261
1,129,262
1,129,482
-1,129,513
1,130,-25
-1,130,-18
1,130,-17
-1,130,-16
-1,130,-12
1,130,-10
-1,130,-9
-1,130,-8
-1,130,-5
-4,130,-3
-1,130,-1
-2,130,0
1,130,1
-2,130,8
2,130,11
-3,130,12
-2,130,14
1,130,16
2,130,17
-2,130,18
-3,130,23
1,130,25
-2,130,26
-1,130,27
0,130,29
1,130,30
-2,130,31
-2,130,33
2,130,34
1,130,36
-1,130,38
-1,130,43
-1,130,45
1,130,47
-1,130,48
-1,130,51
-1,130,53
-1,130,59
-4,130,61
-1,130,66
-1,130,68
-1,130,70
-1,130,71
-2,130,72
1,130,73
1,130,74
-1,130,76
1,130,79
-1,130,81
-1,130,83
-1,130,84
-1,130,85
-1,130,87
-2,130,89
1,130,90
-4,130,91
-1,130,93
-1,130,96
-1,130,98
-1,130,99
-1,130,100
-2,130,102
1,130,104
-1,130,109
-1,130,110
-2,130,112
-1,130,113
-6,130,115
1,130,116
-1,130,117
-1,130,118
2,130,119
0,130,120
-1,130,121
-1,130,122
-1,130,123
-2,130,124
-1,130,125
-1,130,127
-1,130,130
1,130,131
3,130,132
-2,130,133
2,130,134
-2,130,135
-1,130,136
0,130,137
-1,130,139
-1,130,140
-2,130,141
-2,130,143
1,130,145
-2,130,146
-1,130,147
1,130,150
-1,130,151
1,130,152
-1,130,153
-1,130,154
-3,130,166
2,130,167
-2,130,171
1,130,172
0,130,173
-1,130,174
1,130,176
-1,130,181
1,130,182
-1,130,197
-2,130,199
-1,130,202
-2,130,203
-2,130,204
-3,130,205
-1,130,207
0,130,209
2,130,210
1,130,211
-2,130,212
-3,130,214
3,130,215
2,130,216
0,130,217
2,130,218
0,130,219
6,130,220
2,130,221
6,130,222
1,130,223
1,130,224
3,130,225
3,130,226
2,130,227
2,130,228
-1,130,229
3,130,230
1,130,231
2,130,232
1,130,234
5,130,235
5,130,236
1,130,237
1,130,238
2,130,239
3,130,240
1,130,241
1,130,242
2,130,243
1,130,245
1,130,246
3,130,248
1,130,250
1,130,251
1,130,253
1,130,266
1,130,312
1,130,390
1,130,392
-1,130,604
-1,131,-37
-1,131,-33
1,131,-31
-1,131,-26
-1,131,-25
-1,131,-18
1,131,-11
-1,131,-6
0,131,-5
-1,131,0
1,131,1
-2,131,2
-1,131,3
1,131,4
2,131,5
-2,131,6
1,131,8
-1,131,10
1,131,13
1,131,16
-2,131,18
-1,131,22
-3,131,26
1,131,27
-1,131,28
-1,131,31
-2,131,32
-1,131,33
-1,131,38
-1,131,40
-3,131,41
-1,131,43
0,131,48
-1,131,49
-1,131,52
-1,131,54
-2,131,58
-2,131,60
0,131,62
1,131,64
-1,131,65
2,131,67
1,131,74
1,131,76
-1,131,82
1,131,85
-2,131,86
-1,131,88
-1,131,89
1,131,91
1,131,96
-2,131,99
-1,131,102
-1,131,103
-1,131,104
-1,131,107
-1,131,108
-1,131,109
-1,131,110
-1,131,112
1,131,113
-1,131,114
1,131,115
1,131,116
-1,131,118
-1,131,120
-1,131,122
1,131,125
-1,131,126
-1,131,127
1,131,129
-2,131,130
1,131,131
0,131,132
1,131,133
-1,131,138
-3,131,140
-1,131,141
1,131,146
-2,131,150
1,131,151
1,131,154
-1,131,156
-1,131,158
-1,131,164
-1,131,166
-1,131,168
-1,131,173
0,131,174
-1,131,181
-1,131,183
1,131,186
-2,131,188
-1,131,190
-1,131,192
-2,131,194
-2,131,197
-1,131,199
-2,131,202
-1,131,203
-1,131,204
0,131,206
-1,131,210
1,131,211
1,131,212
-6,131,214
4,131,215
3,131,216
0,131,217
3,131,218
1,131,219
1,131,220
4,131,221
2,131,222
2,131,223
0,131,224
2,131,225
7,131,226
1,131,228
0,131,229
3,131,230
2,131,231
3,131,232
3,131,234
0,131,235
4,131,236
1,131,239
1,131,241
1,131,243
2,131,245
1,131,246
2,131,247
1,131,254
1,131,255
1,131,256
2,131,257
1,131,267
1,131,462
-1,132,-36
-1,132,-29
-2,132,-23
-2,132,-19
-2,132,-18
-2,132,-16
-1,132,-15
-1,132,-14
-1,132,-13
-3,132,-10
-2,132,-8
-2,132,-5
-2,132,-3
-3,132,0
-2,132,1
-1,132,2
-4,132,3
-5,132,4
-2,132,5
1,132,6
-2,132,7
-1,132,8
-1,132,9
-5,132,10
-1,132,11
-1,132,12
-1,132,14
1,132,15
-2,132,16
-1,132,17
-1,132,19
-3,132,21
0,132,23
-3,132,25
-1,132,26
-1,132,27
-3,132,28
-1,132,30
-1,132,31
-1,132,33
-3,132,34
0,132,36
-2,132,38
-2,132,40
-1,132,42
-1,132,44
1,132,45
-3,132,46
0,132,47
-2,132,48
1,132,50
-1,132,51
-1,132,53
-1,132,55
-2,132,57
-3,132,61
-4,132,68
-1,132,70
-3,132,72
-3,132,74
-1,132,76
-1,132,78
1,132,79
-1,132,81
-1,132,82
-1,132,85
-4,132,87
-2,132,89
-2,132,91
-2,132,93
-4,132,96
-1,132,97
-1,132,98
0,132,100
-1,132,102
0,132,104
1,132,105
-3,132,106
-1,132,108
-3,132,110
-1,132,111
-1,132,112
-3,132,113
-2,132,114
-1,132,116
-1,132,118
-7,132,119
-1,132,120
-3,132,121
-2,132,124
-1,132,126
-6,132,127
-1,132,128
-1,132,129
-3,132,132
-1,132,135
-1,132,136
-2,132,139
2,132,140
-4,132,141
-3,132,143
-1,132,145
1,132,146
-1,132,147
-2,132,148
-3,132,149
-2,132,150
-1,132,151
0,132,152
-2,132,154
1,132,155
-1,132,156
1,132,159
-1,132,160
-1,132,162
-1,132,163
-1,132,164
-2,132,165
-2,132,166
0,132,167
-1,132,169
-3,132,171
1,132,172
-2,132,173
1,132,174
-3,132,175
-2,132,179
0,132,186
-1,132,192
1,132,195
-2,132,198
-1,132,200
-1,132,201
-2,132,203
-5,132,205
-1,132,207
-2,132,209
1,132,210
-1,132,211
-1,132,212
-1,132,213
2,132,214
1,132,215
0,132,216
1,132,217
1,132,218
-1,132,219
4,132,221
2,132,222
2,132,223
-1,132,224
3,132,225
1,132,226
0,132,227
3,132,229
3,132,230
2,132,231
1,132,232
-1,132,233
5,132,234
-1,132,236
1,132,237
0,132,239
1,132,241
1,132,242
1,132,245
2,132,250
0,132,251
2,132,255
1,132,256
2,132,258
1,132,260
1,132,268
1,132,274
-1,132,386
-1,132,540
-1,133,-24
-1,133,-19
-1,133,-16
-1,133,-12
-1,133,-8
-1,133,-3
-2,133,-1
-5,133,0
-1,133,4
-1,133,10
-1,133,12
-1,133,15
-1,133,17
-1,133,20
-2,133,21
-1,133,23
-1,133,26
-2,133,30
-1,133,38
-1,133,39
1,133,40
-2,133,43
-1,133,45
-2,133,49
-1,133,56
-1,133,62
-1,133,64
0,133,65
-1,133,66
-1,133,67
-1,133,80
-2,133,82
-1,133,84
-1,133,86
-1,133,88
-1,133,89
1,133,92
1,133,96
-2,133,97
-1,133,99
-2,133,100
-1,133,101
-1,133,102
1,133,103
-4,133,107
-2,133,109
-1,133,112
1,133,113
-1,133,114
-1,133,116
-3,133,118
-1,133,121
-1,133,122
-2,133,123
1,133,128
1,133,131
-1,133,132
-1,133,133
-1,133,136
-1,133,137
-1,133,138
-1,133,141
-1,133,142
-1,133,143
-1,133,145
-1,133,148
-1,133,149
1,133,150
-1,133,151
1,133,152
1,133,153
1,133,155
-1,133,156
-1,133,158
-1,133,161
-1,133,164
-1,133,166
1,133,170
-1,133,176
-1,133,177
-2,133,178
-1,133,179
-3,133,184
-2,133,186
-1,133,188
-2,133,189
-2,133,190
-1,133,192
-2,133,194
-1,133,197
-3,133,201
-1,133,202
-2,133,203
0,133,206
0,133,207
-2,133,209
-1,133,210
1,133,212
-1,133,215
2,133,218
-1,133,219
1,133,220
3,133,221
1,133,222
0,133,224
0,133,225
2,133,226
-1,133,229
1,133,230
1,133,233
1,133,235
1,133,236
1,133,239
1,133,253
1,133,263
1,133,273
1,133,279
-1,133,368
-1,133,398
-1,134,-40
-3,134,-36
-1,134,-31
-2,134,-29
-4,134,-25
-1,134,-21
-1,134,-18
-1,134,-13
-3,134,-12
-3,134,-11
-2,134,-10
-1,134,-8
-1,134,-6
-1,134,-5
-3,134,-4
-2,134,-3
-1,134,-1
-3,134,0
-2,134,1
1,134,3
-2,134,4
-4,134,5
-2,134,7
-1,134,8
-1,134,9
0,134,10
-6,134,11
-5,134,12
-1,134,13
-1,134,14
-1,134,15
0,134,16
-1,134,17
-1,134,18
-1,134,19
-4,134,21
-5,134,23
-2,134,25
0,134,26
-1,134,27
-3,134,29
-1,134,30
-2,134,32
-6,134,33
-1,134,34
-3,134,36
-1,134,38
-2,134,40
-4,134,42
0,134,45
-2,134,46
-2,134,48
-2,134,51
-1,134,53
-1,134,55
-3,134,57
1,134,58
-3,134,59
-1,134,61
0,134,63
1,134,64
-1,134,66
-1,134,68
-4,134,70
1,134,74
-2,134,76
2,134,78
-3,134,80
-2,134,81
-2,134,85
-5,134,87
0,134,89
-3,134,93
1,134,94
-1,134,96
-2,134,97
1,134,99
0,134,100
-1,134,101
-3,134,102
1,134,103
-2,134,104
-1,134,106
-5,134,108
-1,134,109
-2,134,112
-1,134,113
1,134,114
-4,134,115
-1,134,116
-1,134,117
-3,134,118
-2,134,119
-1,134,120
1,134,123
-1,134,124
-3,134,125
-4,134,127
-5,134,128
-1,134,129
-1,134,130
-3,134,131
-4,134,133
-2,134,134
-2,134,135
0,134,136
-1,134,137
0,134,139
0,134,141
-1,134,143
-2,134,145
-1,134,147
1,134,148
-1,134,149
-1,134,150
-1,134,151
1,134,155
-3,134,156
1,134,157
-3,134,158
-1,134,162
-3,134,163
-1,134,165
-1,134,166
1,134,167
1,134,169
-1,134,171
-4,134,173
-1,134,175
-1,134,179
1,134,189
-1,134,196
-2,134,199
-1,134,201
-1,134,203
1,134,204
-1,134,205
1,134,206
-4,134,207
-4,134,209
1,134,210
1,134,211
0,134,212
-3,134,213
4,134,214
3,134,215
0,134,216
1,134,217
3,134,218
-2,134,219
6,134,220
4,134,221
3,134,222
1,134,223
5,134,224
2,134,225
5,134,226
3,134,227
-3,134,228
1,134,229
0,134,230
1,134,231
1,134,232
2,134,234
3,134,235
5,134,236
3,134,237
1,134,238
1,134,239
2,134,240
-1,134,241
1,134,243
1,134,244
1,134,245
1,134,246
1,134,247
1,134,248
-1,134,249
1,134,253
1,134,254
-1,134,257
1,134,258
-1,134,259
1,134,265
1,134,267
1,134,268
-1,134,270
1,134,299
1,134,312
-1,135,-39
1,135,-33
-1,135,-19
-1,135,-14
-2,135,-9
-2,135,-6
1,135,-4
-1,135,-3
-1,135,0
3,135,2
-1,135,8
-1,135,10
-2,135,12
-3,135,15
-1,135,17
-2,135,18
-1,135,20
-1,135,23
0,135,25
1,135,26
-1,135,28
1,135,37
-1,135,38
1,135,39
-1,135,40
-1,135,41
-1,135,49
-1,135,56
-1,135,74
-1,135,77
1,135,78
-1,135,82
1,135,88
1,135,89
-2,135,91
-1,135,95
0,135,100
-1,135,102
1,135,106
1,135,108
1,135,109
-1,135,110
1,135,112
1,135,113
1,135,116
1,135,120
-1,135,122
-1,135,123
1,135,124
-2,135,125
1,135,126
-2,135,127
1,135,129
-2,135,132
-1,135,133
1,135,137
-2,135,141
1,135,147
-1,135,151
-1,135,155
1,135,156
-1,135,158
-2,135,163
-1,135,166
1,135,167
-1,135,169
1,135,174
-1,135,176
1,135,193
-1,135,197
-2,135,199
1,135,202
1,135,204
2,135,206
1,135,207
2,135,208
-3,135,209
5,135,210
2,135,211
1,135,212
1,135,213
2,135,214
4,135,215
5,135,216
2,135,217
4,135,218
1,135,219
2,135,220
2,135,221
3,135,222
0,135,224
1,135,225
1,135,226
1,135,227
1,135,228
2,135,230
2,135,231
3,135,232
0,135,233
2,135,236
-1,135,237
1,135,238
1,135,241
2,135,242
2,135,246
1,135,250
1,135,252
1,135,256
1,135,261
1,135,262
1,135,269
-1,135,275
1,135,285
1,135,308
1,135,319
-1,135,409
1,135,619
-1,135,685
-1,136,-33
-1,136,-31
-1,136,-18
-3,136,-16
-2,136,-14
0,136,-13
-1,136,-12
-2,136,-10
-2,136,-9
-4,136,-8
-2,136,-3
-2,136,-1
-5,136,0
-4,136,1
-1,136,2
-2,136,3
2,136,4
-4,136,5
1,136,6
-2,136,7
-4,136,8
-1,136,9
-4,136,10
2,136,11
-1,136,12
-3,136,13
-3,136,15
-2,136,16
1,136,17
-2,136,18
-1,136,20
-2,136,21
-2,136,22
-4,136,23
-1,136,25
-3,136,26
0,136,27
-2,136,29
-2,136,30
-3,136,31
-1,136,34
-2,136,36
-2,136,40
-2,136,43
-1,136,45
-3,136,46
-1,136,49
1,136,52
-2,136,53
-1,136,54
-2,136,58
-1,136,59
-2,136,61
1,136,62
-1,136,66
1,136,67
0,136,69
0,136,71
1,136,73
-1,136,74
1,136,75
-2,136,78
-2,136,80
-1,136,83
-1,136,84
0,136,85
-1,136,87
-1,136,89
-1,136,90
-4,136,91
1,136,92
-5,136,93
-1,136,96
-1,136,97
-2,136,98
0,136,99
0,136,100
0,136,101
-1,136,102
-1,136,103
1,136,105
-3,136,106
-1,136,110
-3,136,112
-2,136,113
-2,136,114
-2,136,115
-1,136,116
-2,136,117
-2,136,119
-1,136,120
-3,136,121
-1,136,123
-3,136,124
1,136,125
0,136,127
-1,136,128
-2,136,130
0,136,131
-2,136,132
-3,136,133
-1,136,134
-1,136,138
0,136,139
-2,136,141
-1,136,143
-1,136,144
-6,136,145
-1,136,148
-1,136,149
-2,136,151
-1,136,152
-1,136,154
-2,136,155
-2,136,156
-2,136,158
-1,136,160
1,136,162
-1,136,164
-1,136,166
-2,136,169
-1,136,171
1,136,172
-2,136,173
-1,136,177
1,136,182
-3,136,184
-1,136,186
-1,136,192
-3,136,194
-2,136,196
-3,136,199
0,136,201
-4,136,203
0,136,204
-1,136,205
1,136,206
-3,136,207
1,136,208
0,136,209
-2,136,210
4,136,211
0,136,212
1,136,213
-1,136,214
4,136,215
5,136,216
-1,136,217
4,136,218
0,136,219
6,136,220
4,136,221
2,136,222
5,136,223
0,136,224
5,136,225
5,136,226
3,136,227
-1,136,228
-2,136,229
5,136,230
3,136,231
2,136,232
2,136,233
3,136,234
1,136,236
3,136,237
2,136,238
1,136,240
1,136,242
1,136,244
1,136,248
1,136,257
1,136,258
-1,136,261
1,136,267
1,136,273
-1,136,287
1,136,304
-1,136,430
-1,136,639
1,137,-11
1,137,-8
1,137,-1
1,137,3
1,137,4
1,137,5
1,137,7
1,137,10
2,137,17
2,137,21
1,137,23
2,137,27
1,137,35
1,137,42
1,137,46
1,137,48
1,137,52
1,137,55
1,137,56
1,137,58
1,137,80
2,137,83
1,137,84
1,137,109
2,137,113
1,137,115
1,137,119
1,137,120
1,137,121
1,137,129
1,137,131
1,137,143
1,137,147
1,137,151
1,137,159
1,137,179
1,137,183
2,137,200
1,137,205
1,137,206
1,137,207
2,137,208
1,137,209
3,137,210
2,137,211
3,137,212
2,137,213
1,137,214
4,137,215
2,137,216
1,137,217
4,137,218
2,137,219
2,137,220
1,137,221
1,137,222
6,137,225
4,137,226
3,137,227
2,137,228
1,137,229
4,137,230
6,137,231
1,137,232
4,137,235
2,137,236
1,137,242
1,137,243
1,137,244
1,137,246
1,137,248
1,137,250
2,137,252
1,137,255
1,137,262
1,137,264
1,137,267
1,137,276
1,137,531
-1,138,-40
-1,138,-36
-1,138,-26
-1,138,-23
-3,138,-19
-2,138,-18
-2,138,-16
1,138,-13
-4,138,-10
0,138,-8
-1,138,-7
-1,138,-6
-4,138,-5
1,138,-4
-6,138,-3
-2,138,-1
-7,138,0
-8,138,1
-1,138,2
-3,138,3
-1,138,4
-4,138,5
-1,138,6
-5,138,7
-3,138,8
-1,138,9
-5,138,10
-1,138,11
-1,138,12
-6,138,13
-2,138,14
0,138,15
-2,138,16
-3,138,17
-1,138,18
-9,138,19
-1,138,20
-3,138,21
-1,138,22
-3,138,23
-1,138,25
0,138,26
0,138,27
-2,138,28
-3,138,30
-4,138,31
-1,138,33
-2,138,34
-4,138,36
-1,138,38
-1,138,39
-2,138,40
-1,138,41
-3,138,42
-1,138,43
-3,138,44
-5,138,45
-2,138,46
-1,138,49
-3,138,51
-2,138,53
-3,138,54
-3,138,55
-2,138,56
-4,138,57
-1,138,59
-3,138,60
-4,138,61
-1,138,62
-3,138,63
-1,138,64
-1,138,66
-2,138,68
-1,138,69
0,138,70
-1,138,71
-2,138,72
-1,138,75
-4,138,76
-1,138,78
-2,138,80
-2,138,81
-4,138,82
-1,138,84
-2,138,85
-2,138,86
-1,138,87
0,138,90
-1,138,91
-1,138,93
-3,138,94
-1,138,95
0,138,96
-2,138,99
-1,138,100
-2,138,101
-2,138,102
-3,138,104
-3,138,106
-1,138,108
-2,138,109
-5,138,110
0,138,111
-1,138,112
-1,138,113
-1,138,114
-5,138,115
-3,138,116
-1,138,117
-5,138,118
-2,138,119
-2,138,120
-2,138,121
-3,138,125
-2,138,126
-3,138,127
-2,138,128
-2,138,129
-1,138,130
1,138,131
-3,138,132
-1,138,133
-4,138,134
-1,138,135
-2,138,136
-4,138,137
-1,138,138
-2,138,139
-2,138,141
-5,138,143
-1,138,145
-2,138,147
-4,138,148
-4,138,149
-2,138,150
-1,138,152
-1,138,153
-1,138,154
-1,138,156
1,138,157
-2,138,158
-1,138,160
-1,138,162
-2,138,164
-1,138,165
-2,138,166
-4,138,169
-1,138,171
-1,138,173
-3,138,175
-1,138,179
-1,138,184
-2,138,186
-2,138,192
-8,138,194
-4,138,196
-1,138,197
-1,138,199
-5,138,201
-4,138,203
0,138,204
-5,138,205
2,138,206
-6,138,207
0,138,209
3,138,210
0,138,211
1,138,212
-4,138,213
5,138,214
1,138,215
-1,138,216
2,138,217
4,138,218
-1,138,219
4,138,220
2,138,221
-1,138,222
1,138,223
2,138,224
3,138,225
0,138,226
1,138,227
3,138,228
0,138,229
4,138,230
3,138,231
1,138,232
-2,138,233
2,138,235
1,138,236
-1,138,237
3,138,239
1,138,241
1,138,242
1,138,243
-1,138,244
3,138,247
1,138,248
1,138,249
2,138,256
0,138,257
1,138,258
1,138,272
-1,138,334
-1,138,390
1,138,466
1,139,-11
1,139,-5
1,139,3
1,139,11
1,139,12
1,139,13
1,139,16
1,139,19
1,139,30
1,139,65
1,139,84
1,139,119
1,139,122
1,139,125
1,139,126
1,139,136
1,139,150
1,139,158
1,139,169
1,139,171
1,139,199
1,139,202
2,139,206
3,139,209
1,139,210
1,139,211
1,139,212
1,139,213
1,139,214
1,139,217
2,139,220
1,139,221
2,139,222
1,139,223
2,139,225
1,139,226
1,139,228
1,139,239
1,139,241
1,139,244
1,139,247
1,139,248
1,139,250
1,139,255
1,139,284
-1,140,-38
-1,140,-36
-1,140,-33
1,140,-31
1,140,-30
-1,140,-29
-1,140,-20
-1,140,-19
-1,140,-16
-1,140,-15
-2,140,-14
-1,140,-13
-1,140,-12
-2,140,-11
1,140,-10
-1,140,-9
-2,140,-8
0,140,-6
-2,140,-4
-2,140,-3
-11,140,0
-2,140,2
-1,140,3
-1,140,4
0,140,5
1,140,6
-3,140,7
1,140,8
-1,140,9
1,140,10
1,140,11
-1,140,12
-8,140,13
-4,140,15
-2,140,17
-2,140,19
0,140,20
-2,140,21
1,140,22
-1,140,23
-1,140,28
-3,140,30
-1,140,31
-3,140,32
1,140,34
-4,140,36
-1,140,38
-1,140,40
-2,140,41
-1,140,42
1,140,44
-2,140,45
0,140,46
-2,140,47
-2,140,48
-2,140,49
1,140,50
-1,140,53
-3,140,55
-1,140,56
-2,140,58
-1,140,59
-1,140,60
-1,140,61
0,140,65
-2,140,67
-1,140,68
-1,140,69
-1,140,70
-3,140,71
-2,140,73
-1,140,76
-1,140,78
2,140,81
-3,140,82
0,140,84
-1,140,85
-2,140,86
-2,140,87
-1,140,88
-1,140,90
-6,140,91
1,140,92
-1,140,95
-4,140,97
-1,140,99
-1,140,101
-2,140,102
-1,140,103
-1,140,105
-2,140,106
-1,140,108
-2,140,110
1,140,111
-1,140,112
-1,140,116
-3,140,118
0,140,119
-1,140,120
0,140,123
1,140,124
-1,140,125
-3,140,127
-3,140,133
-2,140,138
-1,140,142
-1,140,144
-2,140,146
-1,140,148
-1,140,151
1,140,154
1,140,155
-3,140,160
-1,140,164
-1,140,165
1,140,168
-2,140,173
-1,140,175
-1,140,176
-2,140,177
-1,140,181
-3,140,184
-2,140,186
-2,140,190
-1,140,192
-3,140,194
-1,140,197
-2,140,199
-1,140,200
1,140,201
1,140,202
0,140,203
-1,140,204
-2,140,205
2,140,206
-1,140,207
0,140,209
3,140,210
1,140,211
1,140,212
1,140,213
1,140,214
2,140,215
2,140,216
-2,140,217
3,140,218
1,140,219
2,140,220
1,140,221
1,140,222
5,140,223
2,140,224
5,140,225
2,140,226
1,140,227
0,140,228
2,140,229
3,140,230
6,140,232
3,140,234
1,140,235
2,140,236
2,140,237
3,140,243
1,140,246
-1,140,251
1,140,252
3,140,253
1,140,263
1,140,266
1,140,268
1,140,288
-1,140,310
1,140,494
-1,141,-40
-1,141,-38
-1,141,-32
-1,141,-29
0,141,-16
1,141,-15
-1,141,-14
1,141,-13
-2,141,-12
-3,141,-8
1,141,-7
-4,141,-5
2,141,-4
-1,141,-3
-4,141,-1
-2,141,0
-6,141,1
-4,141,3
-6,141,5
2,141,6
1,141,8
-6,141,10
-3,141,12
-1,141,13
-1,141,15
-1,141,16
-3,141,18
-1,141,21
-1,141,22
-2,141,23
-2,141,25
-1,141,26
-1,141,27
1,141,28
-2,141,29
-2,141,31
0,141,33
-2,141,36
-1,141,38
1,141,39
-2,141,40
1,141,42
-6,141,46
-1,141,48
-1,141,49
1,141,50
0,141,51
-1,141,53
-4,141,55
-2,141,57
-2,141,59
1,141,60
-1,141,61
-1,141,63
0,141,64
-1,141,66
-1,141,68
0,141,69
-1,141,71
-1,141,72
-3,141,74
-2,141,76
1,141,79
0,141,82
-1,141,86
-2,141,87
-1,141,89
-2,141,93
-1,141,94
-1,141,95
0,141,96
-4,141,98
-2,141,100
-4,141,102
-2,141,104
-1,141,105
-1,141,107
-2,141,109
1,141,110
0,141,111
-1,141,112
-2,141,113
-4,141,115
1,141,117
-4,141,119
-1,141,120
-1,141,122
0,141,123
-1,141,124
-1,141,126
2,141,129
-1,141,132
-4,141,134
-1,141,136
0,141,138
-1,141,139
-1,141,140
-1,141,143
-2,141,146
2,141,148
-1,141,149
-1,141,150
-1,141,151
-1,141,154
0,141,155
-2,141,158
-1,141,166
1,141,167
-1,141,169
-1,141,173
-1,141,177
-1,141,179
1,141,182
-1,141,187
-2,141,194
-4,141,196
-1,141,197
0,141,199
-2,141,201
0,141,202
-2,141,203
3,141,204
1,141,205
2,141,206
-2,141,207
2,141,208
-4,141,209
2,141,210
4,141,211
0,141,212
0,141,214
9,141,215
3,141,216
1,141,217
4,141,218
4,141,219
1,141,220
4,141,221
3,141,222
1,141,223
3,141,224
2,141,225
3,141,226
3,141,227
2,141,228
1,141,229
3,141,230
2,141,232
1,141,233
1,141,235
4,141,236
1,141,237
1,141,238
2,141,239
1,141,241
1,141,242
1,141,244
1,141,245
2,141,248
1,141,249
1,141,252
1,141,256
-1,141,259
1,141,271
1,141,277
-1,141,289
-1,142,-29
-1,142,-21
-2,142,-19
-2,142,-16
-2,142,-13
-2,142,-11
-1,142,-7
0,142,-4
-3,142,-2
-1,142,-1
-3,142,0
1,142,3
-5,142,4
1,142,5
0,142,8
-2,142,9
-1,142,10
-3,142,11
-1,142,15
-1,142,19
-2,142,21
-1,142,23
1,142,25
-3,142,26
-1,142,28
1,142,31
-2,142,32
-3,142,34
0,142,36
-2,142,38
-2,142,39
-3,142,40
0,142,42
0,142,43
-2,142,47
1,142,48
1,142,49
1,142,50
1,142,51
-1,142,54
-1,142,55
-1,142,57
-4,142,59
-1,142,61
1,142,62
-3,142,63
-1,142,65
-1,142,67
1,142,68
-1,142,70
-1,142,71
1,142,73
-4,142,76
-2,142,78
-3,142,80
-1,142,82
-1,142,84
-2,142,85
1,142,86
-1,142,87
-5,142,91
-1,142,93
-1,142,97
1,142,98
-1,142,99
2,142,100
-2,142,101
-2,142,104
1,142,107
-4,142,108
1,142,111
-2,142,112
1,142,114
-1,142,116
-1,142,120
1,142,121
1,142,122
0,142,125
1,142,126
-2,142,127
-2,142,129
-2,142,131
-1,142,133
-1,142,134
-3,142,135
-1,142,136
-2,142,141
-1,142,142
1,142,143
-1,142,144
-2,142,146
1,142,147
1,142,148
-2,142,150
-2,142,152
1,142,155
-1,142,156
-1,142,162
-1,142,163
1,142,164
1,142,166
-3,142,171
-1,142,175
-1,142,177
-2,142,179
-3,142,181
-1,142,184
-1,142,188
-1,142,192
1,142,194
-2,142,196
1,142,197
1,142,200
0,142,201
-1,142,203
-2,142,205
3,142,206
0,142,207
1,142,208
1,142,209
3,142,210
2,142,211
1,142,212
0,142,213
2,142,214
3,142,215
4,142,216
0,142,217
6,142,218
0,142,219
3,142,220
2,142,221
4,142,222
0,142,224
5,142,225
-2,142,226
3,142,227
2,142,228
2,142,229
-5,142,230
1,142,231
0,142,232
0,142,234
3,142,236
1,142,237
1,142,239
1,142,241
0,142,245
1,142,247
1,142,249
1,142,252
0,142,255
1,142,258
1,142,264
1,142,277
-1,142,366
-1,143,-26
-1,143,-23
1,143,-22
-1,143,-21
1,143,-20
-1,143,-19
-1,143,-18
-1,143,-14
-2,143,-12
-1,143,-11
-4,143,-10
-4,143,-8
-2,143,-6
-3,143,-5
-5,143,-3
-5,143,-1
-1,143,0
1,143,2
-4,143,3
-1,143,5
-2,143,7
-1,143,8
1,143,9
-2,143,10
-1,143,12
-2,143,13
-2,143,14
-1,143,15
-3,143,16
0,143,17
0,143,18
-4,143,21
0,143,22
0,143,23
-3,143,25
-2,143,27
0,143,28
-2,143,29
-1,143,30
-3,143,31
-1,143,33
-2,143,36
1,143,37
-4,143,38
-1,143,40
-1,143,44
1,143,46
1,143,47
-4,143,48
1,143,49
-1,143,51
1,143,52
-2,143,53
-1,143,55
-1,143,61
-5,143,68
-1,143,69
-1,143,71
-1,143,72
-1,143,74
1,143,75
-2,143,76
-5,143,78
1,143,80
-2,143,81
-2,143,83
-1,143,84
-1,143,89
-2,143,91
-2,143,93
-2,143,94
-2,143,96
0,143,97
-1,143,98
2,143,99
-4,143,100
-1,143,104
-1,143,106
-1,143,107
-1,143,112
-3,143,113
1,143,114
-1,143,115
2,143,116
-1,143,118
-1,143,119
1,143,120
-1,143,122
-2,143,123
-2,143,124
0,143,125
-2,143,126
0,143,127
-2,143,128
1,143,129
0,143,133
0,143,136
-1,143,137
-1,143,138
1,143,139
1,143,140
-1,143,141
-1,143,143
-4,143,145
0,143,146
-2,143,149
-1,143,150
-1,143,151
-1,143,154
-1,143,155
-4,143,156
-1,143,158
-1,143,160
-1,143,163
-1,143,164
-1,143,166
-1,143,169
-1,143,173
-1,143,175
-1,143,176
-1,143,179
-1,143,186
1,143,187
-1,143,190
-1,143,194
-8,143,196
-2,143,197
1,143,198
2,143,200
-1,143,201
1,143,202
3,143,203
5,143,204
4,143,205
-1,143,206
-2,143,207
1,143,208
2,143,209
0,143,210
6,143,211
-2,143,212
2,143,213
2,143,214
0,143,215
7,143,216
3,143,217
3,143,218
1,143,219
0,143,220
2,143,221
3,143,222
0,143,224
2,143,225
5,143,226
4,143,227
2,143,228
2,143,229
2,143,230
2,143,231
2,143,232
1,143,234
3,143,237
2,143,239
1,143,241
1,143,243
1,143,245
1,143,246
1,143,247
1,143,256
1,143,267
1,143,289
-1,143,626
-1,143,638
-1,144,-27
-1,144,-22
-1,144,-21
-2,144,-19
-2,144,-15
-1,144,-14
-1,144,-13
-1,144,-9
-2,144,-8
-4,144,-6
-1,144,-5
-3,144,-4
-1,144,-3
-1,144,-2
-1,144,-1
-7,144,0
-4,144,2
0,144,6
-3,144,7
-1,144,9
-2,144,10
-5,144,11
-1,144,12
-5,144,13
-4,144,15
-4,144,17
-6,144,19
-1,144,20
-1,144,21
-1,144,22
-2,144,23
0,144,25
-3,144,26
-1,144,28
-1,144,30
-1,144,31
0,144,32
0,144,33
-4,144,34
-1,144,35
-1,144,36
-1,144,38
-3,144,40
-2,144,42
-1,144,43
-3,144,45
-2,144,46
-3,144,47
1,144,48
-1,144,53
-1,144,55
-4,144,57
-1,144,60
-2,144,61
1,144,62
-1,144,63
-1,144,64
-1,144,65
-2,144,66
-2,144,68
-1,144,70
-3,144,71
-1,144,73
-3,144,74
-1,144,76
-1,144,78
-1,144,80
-1,144,81
-2,144,82
-2,144,84
-3,144,85
-1,144,86
-2,144,87
-1,144,91
-1,144,93
-1,144,94
-1,144,95
-1,144,97
-4,144,99
-2,144,101
-1,144,102
-2,144,103
-1,144,104
-1,144,106
-1,144,107
-1,144,108
-2,144,110
-3,144,112
-1,144,114
-1,144,115
-1,144,116
-1,144,118
-2,144,120
-1,144,121
-2,144,122
-1,144,125
-3,144,127
-2,144,128
-3,144,129
-1,144,130
-1,144,135
-1,144,136
-2,144,137
-1,144,141
-2,144,144
-1,144,145
-2,144,146
-2,144,148
-1,144,154
-1,144,163
-1,144,167
-1,144,168
-1,144,169
-2,144,171
-1,144,173
-1,144,174
-1,144,179
-2,144,181
-2,144,184
-1,144,186
-1,144,188
-2,144,190
-3,144,192
0,144,194
-4,144,196
1,144,197
-1,144,199
0,144,200
1,144,201
-2,144,204
-5,144,205
0,144,206
1,144,207
-1,144,209
-5,144,213
0,144,214
1,144,215
-1,144,217
1,144,218
-3,144,219
0,144,220
0,144,222
1,144,223
1,144,225
-1,144,226
1,144,228
-1,144,229
-1,144,230
-1,144,232
0,144,236
1,144,237
-1,144,241
1,144,243
1,144,245
1,144,246
1,144,260
-1,144,312
-1,144,320
-1,144,383
-1,144,386
-1,144,539
1,145,-13
-3,145,-12
-1,145,-10
-1,145,-8
1,145,-7
-3,145,-5
-1,145,-3
-1,145,-1
0,145,0
1,145,1
2,145,6
-1,145,8
1,145,12
-2,145,14
1,145,15
1,145,16
1,145,18
-4,145,21
1,145,37
-1,145,38
1,145,39
1,145,41
-1,145,44
-1,145,46
1,145,51
-1,145,57
-1,145,59
1,145,71
-1,145,72
1,145,73
-2,145,76
2,145,78
2,145,79
-1,145,83
1,145,85
1,145,89
-1,145,91
1,145,94
-1,145,96
-2,145,100
-1,145,102
-1,145,104
2,145,105
1,145,110
1,145,111
-1,145,115
-1,145,117
-1,145,121
1,145,124
1,145,125
1,145,127
-1,145,128
1,145,137
-1,145,138
-1,145,143
-1,145,145
-1,145,147
-1,145,149
-1,145,154
-1,145,190
-1,145,194
-2,145,196
-2,145,199
3,145,200
0,145,201
2,145,202
1,145,203
6,145,205
3,145,206
2,145,207
8,145,209
2,145,210
1,145,211
3,145,212
2,145,213
3,145,214
4,145,215
4,145,216
3,145,218
2,145,220
4,145,221
2,145,222
2,145,224
1,145,225
2,145,226
3,145,227
0,145,229
2,145,230
5,145,231
2,145,232
1,145,233
1,145,234
1,145,237
1,145,239
1,145,241
1,145,242
2,145,243
1,145,246
1,145,256
-1,145,265
1,145,294
1,145,495
-1,146,-40
-1,146,-27
-1,146,-19
-1,146,-18
-1,146,-15
-1,146,-14
-4,146,-13
1,146,-11
-3,146,-8
-2,146,-6
-1,146,-5
-2,146,-4
-3,146,-3
2,146,-2
-7,146,0
-1,146,2
0,146,3
1,146,6
-2,146,7
-1,146,8
-1,146,9
0,146,10
1,146,12
-2,146,13
-1,146,15
-1,146,17
-1,146,18
-2,146,19
-1,146,21
-2,146,22
1,146,23
-3,146,25
-3,146,28
1,146,29
-1,146,30
-2,146,31
-1,146,36
1,146,37
-1,146,38
1,146,40
-1,146,42
-1,146,43
1,146,46
1,146,47
-3,146,49
-2,146,51
-1,146,52
1,146,53
-2,146,54
-4,146,55
-2,146,58
0,146,59
-1,146,60
1,146,61
1,146,62
-1,146,63
-2,146,68
1,146,69
-1,146,70
-2,146,71
-1,146,72
1,146,73
1,146,74
1,146,78
-1,146,82
-1,146,85
-2,146,89
-3,146,91
-3,146,93
-2,146,95
-3,146,97
-1,146,101
-1,146,103
1,146,105
-1,146,107
-1,146,108
-1,146,109
-1,146,112
-2,146,114
1,146,117
-2,146,120
-2,146,122
-3,146,125
-1,146,127
1,146,131
-2,146,133
-1,146,134
-1,146,135
-1,146,137
-1,146,140
-2,146,141
-1,146,144
-1,146,148
-1,146,149
1,146,151
0,146,155
-1,146,156
-1,146,158
-1,146,160
0,146,164
-1,146,168
-3,146,173
-1,146,175
-1,146,177
-2,146,179
-3,146,181
-2,146,186
-4,146,188
-1,146,189
-1,146,190
1,146,191
-2,146,192
0,146,196
-1,146,197
-4,146,198
2,146,199
0,146,200
1,146,201
2,146,202
2,146,204
1,146,205
5,146,206
0,146,207
1,146,208
0,146,209
2,146,210
5,146,211
1,146,212
0,146,213
2,146,214
3,146,215
2,146,216
2,146,217
1,146,218
-1,146,219
2,146,220
3,146,221
2,146,222
1,146,223
1,146,224
3,146,225
2,146,226
2,146,227
2,146,230
2,146,232
1,146,234
1,146,235
-1,146,236
2,146,239
1,146,240
-1,146,241
1,146,242
1,146,244
1,146,255
1,146,256
0,146,257
1,146,262
1,146,263
1,146,265
1,146,283
-1,146,348
-1,146,585
-1,147,-36
-1,147,-29
-2,147,-23
-3,147,-18
-1,147,-16
-6,147,-10
-1,147,-8
-3,147,-5
-5,147,-3
-1,147,-1
-2,147,0
-4,147,1
2,147,2
-4,147,3
-5,147,5
-1,147,7
-2,147,8
-4,147,10
-1,147,12
-2,147,14
-9,147,16
3,147,17
-3,147,18
1,147,20
-4,147,21
1,147,22
-3,147,23
1,147,25
1,147,26
-6,147,27
-1,147,29
-1,147,31
1,147,33
-2,147,42
-1,147,44
-3,147,46
-1,147,48
-2,147,51
-1,147,53
-4,147,55
-2,147,57
1,147,59
-2,147,61
-2,147,63
-2,147,68
1,147,69
-1,147,70
0,147,72
1,147,74
-2,147,76
-1,147,78
0,147,79
-2,147,81
-1,147,83
-2,147,89
-2,147,91
-2,147,93
1,147,96
-4,147,98
1,147,99
-3,147,100
-1,147,104
-1,147,106
1,147,109
2,147,110
-2,147,111
-1,147,113
2,147,114
-4,147,115
1,147,117
-3,147,121
-3,147,124
-2,147,126
-1,147,128
1,147,129
-1,147,130
-3,147,132
-1,147,134
0,147,136
-5,147,139
-1,147,143
-1,147,145
1,147,146
-1,147,147
-1,147,149
-2,147,151
2,147,168
-1,147,181
-1,147,188
-2,147,192
-3,147,194
1,147,195
-5,147,196
-1,147,199
1,147,200
-5,147,201
1,147,202
-3,147,203
2,147,204
1,147,205
6,147,206
3,147,207
2,147,208
0,147,209
1,147,210
4,147,211
1,147,212
2,147,213
2,147,214
2,147,215
5,147,216
2,147,218
3,147,220
0,147,222
1,147,223
2,147,226
6,147,227
3,147,230
2,147,231
2,147,232
2,147,237
2,147,238
1,147,242
1,147,243
2,147,247
1,147,250
1,147,255
1,147,262
1,147,263
1,147,276
1,147,278
1,147,285
1,147,334
-1,147,400
-1,147,778
-1,148,-24
1,148,-18
1,148,-8
-1,148,-6
-1,148,-5
-2,148,-4
-1,148,-3
-1,148,-2
0,148,-1
-5,148,0
-3,148,2
1,148,3
-5,148,4
-2,148,5
1,148,6
-10,148,7
-2,148,8
-2,148,9
-3,148,11
2,148,13
-7,148,15
-1,148,17
0,148,19
-1,148,20
-2,148,21
-1,148,22
-2,148,26
1,148,27
-1,148,28
-2,148,30
-1,148,34
-3,148,36
1,148,37
-2,148,38
-3,148,42
-2,148,43
-2,148,45
-1,148,47
-1,148,49
-1,148,53
-2,148,55
-1,148,57
-3,148,59
-5,148,63
-1,148,64
-1,148,69
-1,148,70
-2,148,76
-1,148,79
-2,148,80
-1,148,81
-2,148,82
-1,148,85
-1,148,86
-2,148,87
-1,148,89
-1,148,91
-4,148,93
-1,148,97
1,148,98
-2,148,99
-2,148,102
-3,148,104
1,148,106
-1,148,107
-1,148,108
-3,148,109
-2,148,110
1,148,111
-1,148,112
0,148,115
-1,148,120
-2,148,122
-2,148,123
0,148,125
-1,148,130
-1,148,131
0,148,132
-1,148,133
-1,148,135
-2,148,138
-4,148,141
-1,148,143
-2,148,144
-1,148,145
-1,148,150
-1,148,155
-1,148,156
-2,148,158
-1,148,160
1,148,164
-1,148,165
1,148,170
-1,148,176
-1,148,184
-1,148,189
-2,148,190
1,148,193
0,148,194
-3,148,196
0,148,197
-1,148,198
1,148,199
-1,148,200
2,148,201
0,148,202
4,148,204
1,148,205
5,148,206
1,148,207
1,148,208
0,148,209
1,148,210
3,148,211
1,148,212
1,148,213
4,148,214
7,148,215
2,148,216
-1,148,217
5,148,218
1,148,219
4,148,220
4,148,221
-1,148,222
2,148,223
0,148,224
2,148,225
2,148,226
3,148,227
2,148,229
1,148,230
2,148,231
-1,148,232
1,148,233
-1,148,234
2,148,235
1,148,237
1,148,238
1,148,240
-1,148,241
-1,148,247
1,148,252
1,148,253
1,148,254
1,148,256
1,148,263
1,148,265
1,148,272
2,148,273
1,148,297
1,148,369
-1,149,-36
-1,149,-33
-1,149,-31
-3,149,-29
-1,149,-25
-1,149,-19
-1,149,-16
-2,149,-14
-2,149,-12
-4,149,-10
-1,149,-9
-5,149,-5
-3,149,-3
-5,149,-1
-6,149,0
-5,149,1
-1,149,2
-3,149,3
-3,149,4
-8,149,5
-1,149,7
-9,149,8
-9,149,10
-7,149,12
-4,149,13
-2,149,14
-3,149,15
-4,149,16
-6,149,18
-2,149,21
-5,149,23
-1,149,27
-2,149,28
-2,149,29
-2,149,31
-1,149,32
-2,149,33
-1,149,35
-2,149,38
-1,149,39
-6,149,40
-1,149,41
-1,149,42
-2,149,44
-1,149,45
-5,149,46
-1,149,48
1,149,50
-3,149,51
-1,149,52
-3,149,53
-2,149,55
-5,149,57
-2,149,59
-3,149,63
0,149,64
-2,149,66
-1,149,68
-1,149,69
-3,149,70
-2,149,71
-2,149,72
-1,149,74
-3,149,76
-4,149,78
-1,149,79
-2,149,80
-1,149,87
-2,149,88
1,149,90
-1,149,91
-4,149,93
-3,149,95
-1,149,96
-2,149,97
-4,149,98
-3,149,100
-5,149,104
-2,149,105
-1,149,107
1,149,108
-1,149,111
-4,149,113
-2,149,114
-1,149,115
-1,149,117
-1,149,118
-4,149,119
-2,149,123
-1,149,124
-2,149,125
-2,149,126
-3,149,128
-1,149,129
-1,149,130
-1,149,132
-1,149,133
-1,149,136
-4,149,141
-1,149,145
1,149,146
-1,149,149
-2,149,151
-2,149,156
-2,149,158
-1,149,160
-1,149,162
-2,149,168
-1,149,171
-4,149,173
-2,149,175
-2,149,177
-1,149,179
-3,149,181
-1,149,184
-3,149,186
-1,149,187
-3,149,188
-3,149,190
-1,149,191
-5,149,192
-3,149,194
-3,149,196
-3,149,199
-4,149,201
0,149,202
-5,149,203
2,149,205
-1,149,206
-2,149,207
1,149,209
1,149,210
1,149,211
2,149,212
1,149,213
-2,149,214
1,149,215
-1,149,216
-1,149,220
0,149,222
1,149,225
1,149,226
1,149,230
2,149,232
1,149,235
1,149,242
-1,149,244
-1,149,259
1,149,276
1,149,277
1,149,293
-1,150,-19
-3,150,-15
0,150,-11
-1,150,-8
-1,150,-6
0,150,-4
-9,150,0
-3,150,2
0,150,4
-1,150,7
1,150,9
-1,150,11
-1,150,13
-1,150,15
-3,150,19
1,150,21
0,150,23
-2,150,26
1,150,29
-2,150,34
-3,150,36
-1,150,40
-1,150,42
-4,150,47
1,150,50
-1,150,51
1,150,52
-2,150,53
1,150,55
-1,150,61
-1,150,63
0,150,65
2,150,69
-1,150,72
1,150,73
-1,150,76
2,150,79
-1,150,80
-1,150,82
-2,150,85
1,150,88
-1,150,89
-2,150,91
-2,150,93
-1,150,95
-3,150,97
0,150,99
1,150,100
1,150,110
-1,150,114
-1,150,116
1,150,117
1,150,119
-1,150,127
1,150,130
-1,150,133
-1,150,135
1,150,138
-1,150,139
1,150,140
1,150,143
-2,150,144
-1,150,150
-1,150,152
-1,150,154
1,150,155
1,150,167
-1,150,173
1,150,191
1,150,193
-1,150,194
3,150,195
3,150,196
3,150,197
1,150,198
-3,150,200
6,150,201
2,150,202
-2,150,203
2,150,204
2,150,206
-1,150,207
1,150,208
3,150,209
2,150,210
2,150,211
1,150,212
4,150,214
4,150,215
3,150,216
3,150,217
4,150,218
3,150,220
5,150,222
1,150,223
2,150,224
3,150,225
0,150,226
3,150,227
4,150,231
4,150,235
1,150,238
2,150,239
1,150,242
-1,150,243
1,150,250
2,150,255
1,150,260
1,150,261
1,150,268
1,150,292
1,150,293
1,150,297
1,150,506
1,150,534
-1,151,-40
1,151,-33
-2,151,-23
-1,151,-18
-2,151,-14
-1,151,-12
-1,151,-10
-1,151,-9
-1,151,-6
-1,151,-5
0,151,-3
1,151,-2
0,151,-1
-4,151,0
-1,151,1
0,151,2
-2,151,3
-1,151,4
-2,151,5
-3,151,7
0,151,8
-2,151,10
-1,151,12
-1,151,14
-1,151,15
1,151,17
-1,151,18
-1,151,21
-3,151,23
1,151,24
-2,151,25
-4,151,28
-1,151,29
-1,151,32
-1,151,33
-1,151,34
-1,151,35
1,151,36
-1,151,40
0,151,41
-1,151,42
-3,151,43
-4,151,45
-1,151,46
-1,151,47
1,151,48
-4,151,49
1,151,53
-1,151,54
0,151,55
-1,151,56
-2,151,57
-1,151,58
-1,151,60
-1,151,64
-2,151,66
-3,151,67
-1,151,68
0,151,69
-1,151,70
-2,151,71
-2,151,73
-1,151,74
-1,151,76
-1,151,78
-1,151,79
-1,151,83
-3,151,86
-1,151,87
1,151,88
-2,151,89
0,151,90
-1,151,91
-1,151,92
-2,151,93
-1,151,95
-1,151,97
-1,151,98
-3,151,99
-2,151,100
1,151,101
-1,151,102
0,151,105
-2,151,106
-1,151,107
-1,151,108
-1,151,111
-2,151,113
-2,151,114
-1,151,115
-1,151,117
-1,151,118
-1,151,119
-2,151,122
-1,151,125
-1,151,127
-1,151,129
-2,151,130
-1,151,132
-1,151,133
-2,151,135
-1,151,136
-1,151,137
-1,151,138
-1,151,140
-1,151,142
1,151,145
-1,151,147
-1,151,151
-1,151,155
-3,151,156
-2,151,158
-1,151,166
-1,151,175
-2,151,177
-3,151,179
-1,151,181
-1,151,188
-2,151,189
-1,151,190
1,151,193
-4,151,194
2,151,195
2,151,196
1,151,197
2,151,198
0,151,199
2,151,200
1,151,201
3,151,202
1,151,203
5,151,204
2,151,205
2,151,206
2,151,207
1,151,208
1,151,209
4,151,210
3,151,211
4,151,213
1,151,214
4,151,215
1,151,216
4,151,218
0,151,220
1,151,221
0,151,222
-1,151,224
0,151,225
1,151,226
1,151,227
2,151,230
2,151,236
1,151,245
1,151,246
1,151,251
1,151,252
1,151,253
1,151,258
1,151,260
1,151,267
1,151,268
-1,151,358
-1,151,396
1,151,399
1,152,-20
1,152,3
1,152,5
1,152,17
1,152,47
1,152,52
1,152,53
1,152,64
1,152,71
1,152,74
1,152,79
1,152,89
1,152,95
1,152,110
1,152,120
0,152,126
1,152,132
1,152,141
1,152,142
1,152,148
-1,152,152
1,152,164
1,152,173
1,152,188
2,152,190
1,152,197
2,152,199
3,152,200
5,152,201
5,152,202
1,152,203
1,152,204
4,152,205
7,152,206
1,152,207
1,152,208
2,152,209
9,152,210
2,152,211
2,152,212
2,152,215
3,152,216
2,152,219
1,152,220
5,152,221
1,152,222
2,152,224
1,152,225
3,152,226
1,152,229
1,152,230
1,152,231
1,152,232
1,152,234
1,152,235
3,152,236
3,152,237
1,152,239
2,152,240
1,152,242
1,152,245
1,152,248
2,152,249
1,152,250
1,152,251
1,152,266
1,152,267
1,152,298
1,152,429
1,152,511
1,152,573
-1,153,-25
-2,153,-23
-1,153,-19
-2,153,-16
-1,153,-15
-3,153,-14
-4,153,-13
-1,153,-12
-1,153,-11
-2,153,-9
-1,153,-8
-1,153,-7
0,153,-6
-1,153,-5
-1,153,-4
-1,153,-3
-2,153,-2
-2,153,-1
-10,153,0
-2,153,2
-5,153,4
2,153,5
-5,153,7
-1,153,8
-1,153,9
-4,153,11
-3,153,13
-5,153,15
-3,153,17
-1,153,18
-7,153,19
-2,153,21
-4,153,23
-4,153,26
1,153,27
-2,153,28
-5,153,30
-1,153,32
-2,153,34
-2,153,36
-1,153,38
-1,153,39
-6,153,40
-4,153,41
-1,153,42
0,153,43
-2,153,45
-1,153,46
-1,153,47
-2,153,49
-3,153,51
-1,153,52
-4,153,55
-3,153,57
-1,153,58
-1,153,59
-1,153,60
-1,153,61
-2,153,63
-1,153,64
-2,153,66
-1,153,68
-2,153,69
-2,153,70
1,153,71
-1,153,73
-1,153,78
-1,153,82
-3,153,85
-2,153,86
-1,153,87
-1,153,89
-1,153,91
-2,153,93
-1,153,94
-3,153,95
-5,153,97
-2,153,99
-1,153,100
-4,153,101
-1,153,103
-1,153,104
-3,153,106
-4,153,108
-4,153,110
-3,153,112
-3,153,114
0,153,116
-1,153,118
-1,153,120
1,153,121
-2,153,122
-5,153,125
-2,153,127
-1,153,134
1,153,136
-1,153,137
-2,153,138
-2,153,141
1,153,142
0,153,148
-2,153,150
1,153,151
-2,153,152
-1,153,154
1,153,156
0,153,158
-2,153,160
-2,153,163
-3,153,166
-1,153,168
-4,153,173
-2,153,175
-1,153,178
-2,153,179
-2,153,181
-1,153,183
-2,153,184
-1,153,186
-1,153,187
-5,153,188
-1,153,189
-1,153,190
-1,153,191
-5,153,192
-4,153,194
2,153,195
-1,153,196
-2,153,197
-2,153,198
-1,153,199
1,153,200
5,153,201
-1,153,202
3,153,203
3,153,204
1,153,205
2,153,206
-4,153,207
2,153,208
2,153,209
1,153,210
0,153,211
-2,153,212
-2,153,213
3,153,214
1,153,215
4,153,216
0,153,217
4,153,218
1,153,219
1,153,220
2,153,221
-3,153,222
1,153,223
-2,153,224
3,153,225
0,153,226
2,153,227
2,153,229
1,153,231
-2,153,232
1,153,234
2,153,235
2,153,236
1,153,237
0,153,238
2,153,239
1,153,241
-2,153,243
1,153,253
1,153,295
1,153,521
-1,153,590
-1,154,-25
-2,154,-23
-5,154,-16
-1,154,-14
-1,154,-13
-1,154,-12
-1,154,-11
-7,154,-10
-6,154,-8
1,154,-7
-4,154,-5
-11,154,-3
-9,154,-1
-9,154,0
-3,154,1
-2,154,3
-12,154,5
1,154,7
-1,154,8
-3,154,10
-3,154,12
-1,154,14
-4,154,16
-2,154,17
-7,154,18
1,154,20
-5,154,21
1,154,22
0,154,23
-3,154,27
1,154,30
-1,154,31
-3,154,33
-1,154,35
-3,154,36
-3,154,38
1,154,43
-3,154,44
-3,154,46
-1,154,48
-2,154,49
3,154,51
-2,154,53
-1,154,55
-1,154,56
-1,154,58
-1,154,59
-2,154,61
-7,154,66
-2,154,68
-2,154,70
-3,154,71
-3,154,72
-2,154,74
1,154,76
-1,154,78
-4,154,81
-1,154,82
-3,154,83
1,154,84
-1,154,86
-2,154,87
-3,154,89
-4,154,91
-2,154,93
1,154,94
-1,154,95
-2,154,96
-1,154,100
-2,154,102
-3,154,104
-1,154,106
-1,154,107
-1,154,109
-1,154,110
-2,154,111
-1,154,112
-1,154,113
-4,154,115
1,154,117
-3,154,119
-1,154,123
-1,154,124
-1,154,125
-1,154,126
-5,154,128
1,154,129
-1,154,130
1,154,131
-1,154,132
-1,154,133
-2,154,136
-1,154,137
-2,154,138
-2,154,139
-1,154,140
-1,154,141
-1,154,143
-1,154,145
-1,154,146
-1,154,147
0,154,155
-2,154,158
-2,154,162
-1,154,166
-1,154,171
0,154,173
-1,154,181
1,154,186
1,154,187
-3,154,188
-2,154,189
0,154,190
-1,154,191
-3,154,192
-2,154,194
3,154,195
-3,154,196
5,154,197
-2,154,199
3,154,200
-5,154,201
2,154,202
1,154,203
0,154,204
2,154,205
0,154,206
1,154,207
1,154,208
2,154,209
1,154,210
1,154,211
2,154,213
4,154,214
3,154,215
0,154,216
1,154,218
1,154,219
2,154,220
3,154,222
1,154,224
5,154,225
2,154,226
2,154,227
3,154,230
2,154,231
-1,154,233
2,154,234
1,154,239
1,154,240
1,154,241
1,154,244
1,154,246
1,154,247
1,154,267
1,154,270
1,154,273
1,154,285
1,154,298
1,154,309
-1,154,360
-1,154,398
-1,155,-21
-2,155,-15
-1,155,-11
-2,155,-9
-3,155,-8
-3,155,-4
-2,155,-1
-12,155,0
-2,155,2
-5,155,4
-1,155,6
-1,155,7
-2,155,8
-1,155,9
-4,155,11
-6,155,13
-5,155,15
-1,155,17
-2,155,19
-1,155,21
-1,155,23
-1,155,26
-6,155,30
-1,155,32
1,155,33
-1,155,34
-2,155,36
-3,155,38
1,155,41
-3,155,42
-2,155,45
1,155,48
-2,155,49
-1,155,51
-1,155,52
-3,155,53
-2,155,54
-1,155,56
-1,155,57
-2,155,61
-2,155,63
-1,155,65
-1,155,66
-1,155,67
1,155,69
-3,155,70
1,155,73
-1,155,76
-1,155,78
-3,155,82
-1,155,85
-4,155,87
-4,155,91
-1,155,93
-2,155,95
-1,155,101
-3,155,104
-3,155,108
1,155,109
-2,155,112
-1,155,114
-3,155,118
-2,155,119
-2,155,120
-1,155,121
1,155,122
-1,155,125
-1,155,131
-1,155,134
-1,155,135
-1,155,142
-1,155,149
-1,155,153
-1,155,154
-1,155,158
-1,155,160
-1,155,164
-2,155,166
-1,155,167
-1,155,168
-1,155,171
-1,155,173
-1,155,177
-4,155,179
-1,155,188
1,155,189
1,155,194
1,155,197
-1,155,198
1,155,199
-1,155,200
2,155,201
-4,155,203
2,155,204
-3,155,205
-1,155,207
3,155,208
0,155,211
-2,155,213
1,155,214
1,155,218
1,155,220
-1,155,222
1,155,225
-1,155,228
0,155,232
1,155,235
-1,155,238
1,155,244
1,155,246
1,155,261
1,155,289
1,155,299
-2,155,348
-1,155,403
-3,156,-36
-1,156,-29
-2,156,-18
-2,156,-16
-2,156,-14
-1,156,-13
-1,156,-12
-3,156,-10
-1,156,-8
-2,156,-6
-4,156,-5
-8,156,-3
-2,156,-1
-4,156,0
-1,156,1
-2,156,3
1,156,4
-5,156,5
-2,156,8
-3,156,10
1,156,11
-7,156,12
-2,156,13
-5,156,14
1,156,15
-1,156,17
-9,156,18
1,156,19
-1,156,20
-1,156,21
-5,156,23
-1,156,26
-1,156,28
-3,156,29
-1,156,31
-5,156,33
0,156,36
-1,156,40
-1,156,41
-1,156,46
1,156,48
1,156,49
-1,156,51
-4,156,53
-2,156,54
-1,156,63
-2,156,66
-1,156,68
-1,156,69
-3,156,70
-4,156,72
-4,156,76
-1,156,77
-1,156,78
-2,156,81
-1,156,84
1,156,85
1,156,88
-4,156,89
-4,156,91
-2,156,93
-1,156,94
-1,156,96
-1,156,97
-1,156,98
-2,156,100
0,156,102
-2,156,104
-1,156,105
-1,156,107
-1,156,109
-1,156,111
-1,156,113
1,156,114
-2,156,115
1,156,116
-2,156,119
-1,156,120
-2,156,124
-1,156,125
-1,156,127
-3,156,128
-2,156,130
-1,156,132
-1,156,137
-1,156,138
-2,156,145
-1,156,148
1,156,150
-2,156,151
-4,156,158
-1,156,166
-1,156,168
-1,156,181
-1,156,183
-2,156,184
-1,156,187
-1,156,188
0,156,189
0,156,190
-1,156,191
0,156,192
1,156,193
-5,156,194
1,156,195
2,156,196
-2,156,197
2,156,199
3,156,200
1,156,201
1,156,202
0,156,203
6,156,204
3,156,205
3,156,206
2,156,208
1,156,209
7,156,210
5,156,211
-1,156,212
3,156,213
1,156,214
2,156,215
3,156,216
3,156,218
1,156,219
4,156,220
1,156,221
1,156,223
4,156,224
3,156,225
1,156,232
2,156,236
1,156,239
1,156,245
2,156,251
1,156,262
1,156,277
1,156,381
1,156,583
0,157,-23
-1,157,-22
-1,157,-15
-1,157,-13
-1,157,-11
-1,157,-9
-1,157,-5
-1,157,-3
-4,157,0
-5,157,4
1,157,6
-1,157,7
-2,157,9
1,157,11
-2,157,13
1,157,15
1,157,16
-1,157,17
1,157,19
-4,157,23
1,157,25
-2,157,26
1,157,27
-1,157,28
-1,157,39
-1,157,40
-1,157,41
-1,157,42
-2,157,43
-4,157,49
1,157,53
-1,157,54
-1,157,55
1,157,56
-1,157,60
-1,157,62
-1,157,63
-1,157,68
-1,157,70
-1,157,72
-1,157,75
-2,157,76
-2,157,78
0,157,80
-1,157,84
-1,157,85
-1,157,86
-1,157,89
2,157,92
-1,157,95
-2,157,99
-1,157,108
-1,157,116
-1,157,118
-1,157,121
1,157,122
-2,157,127
-2,157,133
-2,157,134
0,157,135
1,157,136
1,157,140
-1,157,144
-2,157,148
-1,157,152
-1,157,154
-1,157,160
-2,157,164
-3,157,168
-1,157,175
-1,157,177
-1,157,184
-2,157,188
1,157,189
-1,157,192
0,157,193
2,157,194
1,157,195
2,157,196
4,157,197
-1,157,198
3,157,199
5,157,200
5,157,201
2,157,202
-3,157,203
3,157,204
2,157,205
3,157,206
2,157,207
3,157,209
4,157,210
1,157,211
3,157,212
0,157,213
2,157,214
3,157,215
1,157,216
3,157,218
1,157,219
1,157,220
3,157,222
2,157,225
2,157,226
1,157,227
1,157,228
-1,157,230
1,157,231
1,157,234
1,157,235
2,157,239
1,157,240
1,157,243
1,157,261
1,157,302
1,157,344
1,157,370
-1,157,409
-1,158,-25
-1,158,-19
-1,158,-18
0,158,-14
-2,158,-12
-1,158,-10
-1,158,-9
-3,158,-8
1,158,-6
-2,158,-5
-6,158,-3
-1,158,-1
-3,158,0
-2,158,1
-1,158,2
-7,158,3
-3,158,5
-3,158,8
-2,158,10
-8,158,12
-1,158,14
-2,158,16
-3,158,18
-1,158,20
1,158,21
-1,158,22
-2,158,23
-1,158,25
-1,158,26
-1,158,27
-2,158,33
-1,158,36
1,158,38
-1,158,40
-1,158,41
-2,158,42
-1,158,43
-1,158,44
-2,158,46
-2,158,48
-1,158,49
-1,158,57
-1,158,61
-1,158,63
-3,158,66
1,158,67
-3,158,68
-1,158,69
-1,158,72
-1,158,74
1,158,75
-1,158,76
-1,158,77
-1,158,78
-1,158,79
0,158,82
-1,158,83
-2,158,85
-3,158,89
-1,158,91
-2,158,92
1,158,93
-1,158,94
-1,158,97
1,158,103
-2,158,104
-1,158,106
-1,158,109
1,158,110
-1,158,111
-1,158,112
-2,158,113
-1,158,114
-1,158,115
-1,158,119
1,158,121
-1,158,125
-1,158,126
-1,158,133
-1,158,134
-1,158,140
-1,158,143
-2,158,145
1,158,148
-2,158,149
-1,158,151
1,158,152
-1,158,158
1,158,159
-1,158,171
-1,158,173
-1,158,178
-1,158,179
1,158,180
-2,158,181
-2,158,184
1,158,185
-1,158,186
-1,158,187
0,158,188
-3,158,189
0,158,190
2,158,191
-1,158,192
4,158,193
-2,158,194
-1,158,196
2,158,197
2,158,198
1,158,199
2,158,200
5,158,201
1,158,202
1,158,203
4,158,204
2,158,205
1,158,206
0,158,207
2,158,208
4,158,209
5,158,211
2,158,212
1,158,213
1,158,215
1,158,217
2,158,218
1,158,219
3,158,221
1,158,222
1,158,223
2,158,225
1,158,228
2,158,230
2,158,232
1,158,233
1,158,234
1,158,235
1,158,239
1,158,244
1,158,245
1,158,247
1,158,250
1,158,252
1,158,262
1,158,264
1,158,277
1,158,351
-2,159,-29
-1,159,-28
-2,159,-23
-1,159,-21
-1,159,-19
-2,159,-15
-2,159,-14
-1,159,-13
1,159,-12
-1,159,-11
-2,159,-8
-1,159,-7
-2,159,-6
1,159,-4
-1,159,-3
-3,159,-2
-13,159,0
-2,159,2
-2,159,4
-3,159,5
-4,159,7
-2,159,8
-2,159,9
0,159,10
-1,159,11
-1,159,12
-5,159,13
-5,159,15
1,159,16
-4,159,17
-3,159,19
-1,159,20
-4,159,21
-2,159,23
-10,159,26
-2,159,28
1,159,29
-4,159,30
-1,159,31
-1,159,32
-2,159,34
-4,159,36
0,159,38
-6,159,40
-3,159,42
-5,159,45
1,159,48
-1,159,49
1,159,50
-1,159,51
-3,159,53
-2,159,54
-1,159,55
-2,159,57
-1,159,58
1,159,59
-1,159,60
-1,159,62
-4,159,63
-1,159,65
-2,159,66
-1,159,68
-1,159,70
-1,159,72
-1,159,76
-3,159,78
-1,159,79
-1,159,80
-4,159,82
-1,159,84
-1,159,86
-4,159,87
-1,159,88
-1,159,90
-2,159,93
-2,159,94
0,159,95
-3,159,99
1,159,100
-2,159,101
-1,159,104
-1,159,105
-1,159,106
-1,159,107
-2,159,108
-2,159,110
-2,159,112
-3,159,115
-4,159,116
-1,159,120
0,159,121
-1,159,122
-2,159,123
1,159,126
-2,159,127
-1,159,128
-2,159,135
-1,159,137
-1,159,141
-1,159,143
-1,159,145
-1,159,155
-1,159,158
-1,159,162
-1,159,163
-1,159,164
0,159,168
1,159,169
-1,159,173
1,159,174
-2,159,175
-1,159,177
1,159,179
1,159,181
1,159,182
-2,159,184
-1,159,186
1,159,188
2,159,190
0,159,191
-3,159,192
1,159,193
-2,159,194
2,159,195
-2,159,196
1,159,197
1,159,198
2,159,199
1,159,200
4,159,201
0,159,202
1,159,203
2,159,204
3,159,205
4,159,206
-2,159,207
1,159,208
-2,159,209
1,159,210
1,159,211
0,159,213
1,159,214
2,159,216
2,159,218
1,159,219
-1,159,220
-1,159,222
1,159,224
1,159,225
1,159,226
3,159,227
1,159,230
1,159,231
-1,159,232
1,159,235
1,159,243
0,159,261
1,159,284
-1,159,357
-1,160,-40
-1,160,-29
-1,160,-25
-1,160,-23
-1,160,-18
-2,160,-16
1,160,-15
-2,160,-12
-1,160,-10
-1,160,-8
-1,160,-5
-2,160,-3
-1,160,-1
-1,160,0
-3,160,1
1,160,2
-2,160,8
-1,160,10
-3,160,14
-2,160,16
-1,160,21
-1,160,23
1,160,24
-1,160,25
-3,160,27
-2,160,29
0,160,31
-2,160,33
-2,160,40
-1,160,44
1,160,46
-2,160,51
-1,160,55
-1,160,57
-1,160,61
-2,160,68
-2,160,72
-1,160,81
-1,160,83
-3,160,85
-1,160,87
1,160,89
-1,160,91
1,160,92
-1,160,96
-2,160,98
-1,160,102
0,160,109
1,160,111
-1,160,113
-1,160,119
-2,160,126
-1,160,134
0,160,154
0,160,160
-1,160,179
-3,160,181
-1,160,184
1,160,185
-1,160,186
-5,160,188
1,160,189
1,160,191
-1,160,192
1,160,194
1,160,195
-1,160,196
1,160,197
2,160,199
1,160,200
-1,160,201
2,160,204
1,160,209
0,160,214
1,160,215
1,160,219
3,160,221
1,160,224
1,160,230
1,160,231
-1,160,233
1,160,234
1,160,272
-1,161,-37
-1,161,-34
-1,161,-27
-1,161,-24
-1,161,-23
-1,161,-14
-1,161,-13
-1,161,-11
-1,161,-9
-2,161,-8
-1,161,-6
-1,161,-4
-1,161,-3
-4,161,-2
-1,161,-1
-6,161,0
-1,161,3
1,161,4
-1,161,5
-4,161,7
-1,161,8
-1,161,9
-1,161,10
1,161,11
0,161,12
-3,161,13
-2,161,15
-2,161,17
-1,161,18
0,161,19
-1,161,20
-2,161,21
-1,161,22
1,161,24
-4,161,26
-1,161,28
2,161,32
-1,161,33
-1,161,35
-2,161,36
1,161,44
-1,161,45
-2,161,47
1,161,48
1,161,50
-1,161,51
-1,161,54
-2,161,55
-1,161,59
-1,161,61
2,161,64
-1,161,66
-1,161,68
-1,161,71
-2,161,72
-1,161,74
0,161,77
1,161,82
-1,161,84
-2,161,85
-1,161,87
-2,161,91
-1,161,92
-2,161,99
-1,161,105
-1,161,106
-1,161,108
-1,161,110
1,161,113
-1,161,114
-2,161,115
-1,161,116
-1,161,120
-1,161,122
-1,161,125
-1,161,127
-1,161,128
-1,161,133
-1,161,135
-1,161,141
-1,161,144
-2,161,148
-1,161,158
-1,161,161
-2,161,178
-1,161,181
-2,161,184
1,161,185
-1,161,186
0,161,187
1,161,188
0,161,189
1,161,190
1,161,191
-2,161,192
2,161,193
-1,161,194
1,161,195
1,161,196
5,161,197
-2,161,198
3,161,199
-2,161,200
3,161,201
-1,161,202
4,161,204
5,161,205
5,161,206
-2,161,207
3,161,208
3,161,209
2,161,211
1,161,214
1,161,215
1,161,216
-1,161,217
3,161,218
0,161,219
1,161,220
1,161,221
3,161,222
3,161,227
1,161,231
1,161,234
1,161,256
1,161,258
1,161,267
1,161,269
1,161,498
-1,161,500
-1,161,560
-1,161,571
-2,162,-23
-3,162,-16
-5,162,-14
-1,162,-12
-3,162,-10
-2,162,-8
-4,162,-5
-5,162,-3
-1,162,-1
-3,162,0
-1,162,1
-2,162,2
-3,162,3
-5,162,5
-2,162,8
-7,162,10
-1,162,12
-1,162,13
-4,162,14
-1,162,15
-5,162,16
-1,162,17
-3,162,18
-3,162,21
-2,162,23
-3,162,25
-1,162,26
-3,162,27
0,162,29
-1,162,31
-2,162,32
-2,162,33
-1,162,36
-2,162,38
-1,162,39
-1,162,40
-1,162,42
-1,162,43
-1,162,45
-1,162,48
-1,162,51
-3,162,53
-2,162,57
-1,162,58
-2,162,59
-2,162,60
-1,162,61
1,162,63
-1,162,66
-1,162,68
-1,162,70
-1,162,71
-1,162,72
-1,162,73
0,162,75
-1,162,76
1,162,77
-1,162,80
0,162,81
-1,162,83
-3,162,84
-2,162,86
-2,162,87
-1,162,88
-2,162,89
-1,162,90
-1,162,91
-3,162,93
-1,162,95
-1,162,98
-3,162,100
-1,162,102
-1,162,104
1,162,105
-1,162,106
-1,162,111
0,162,113
2,162,115
-2,162,121
-2,162,124
-1,162,125
-2,162,126
-2,162,130
1,162,132
-2,162,139
-1,162,141
-1,162,143
-1,162,147
1,162,148
-3,162,158
-1,162,164
-5,162,166
-2,162,168
-3,162,173
-2,162,175
-3,162,177
1,162,178
-5,162,179
0,162,181
2,162,183
-4,162,184
2,162,185
-4,162,186
1,162,187
-1,162,188
4,162,189
2,162,190
1,162,191
1,162,192
2,162,194
4,162,195
1,162,196
4,162,197
1,162,199
5,162,200
3,162,201
3,162,202
1,162,203
3,162,205
1,162,206
0,162,207
1,162,208
1,162,209
1,162,210
2,162,211
3,162,212
2,162,213
-1,162,214
2,162,215
3,162,216
0,162,218
2,162,219
2,162,220
1,162,224
1,162,229
1,162,230
-1,162,235
1,162,236
1,162,238
1,162,239
1,162,241
-1,162,254
1,162,255
1,162,256
1,162,258
1,162,267
-1,162,279
-1,162,372
1,163,-40
-1,163,-36
-1,163,-31
-1,163,-29
-1,163,-26
-1,163,-23
-1,163,-21
-1,163,-19
-1,163,-17
-1,163,-14
-3,163,-13
-3,163,-11
-4,163,-8
1,163,-5
-3,163,-4
-1,163,-3
-2,163,-2
-10,163,0
-1,163,2
-1,163,4
-1,163,5
-6,163,7
0,163,8
-1,163,9
-2,163,10
-4,163,11
-1,163,12
-4,163,13
-2,163,15
2,163,16
-2,163,19
-4,163,21
-5,163,23
-6,163,26
2,163,27
-3,163,30
1,163,31
1,163,32
1,163,33
0,163,34
-1,163,36
-1,163,38
-1,163,42
-1,163,45
-1,163,46
-2,163,49
-1,163,51
-3,163,53
-2,163,55
-2,163,56
-2,163,57
1,163,58
-1,163,59
-1,163,61
-1,163,63
-1,163,64
-2,163,66
-1,163,68
1,163,71
-2,163,72
1,163,74
-3,163,76
-1,163,77
-1,163,78
-1,163,80
1,163,81
1,163,83
-2,163,84
-1,163,86
-1,163,87
-2,163,91
-1,163,93
-1,163,94
1,163,95
-3,163,97
1,163,98
-4,163,99
1,163,100
0,163,101
-1,163,104
-1,163,106
-1,163,108
-1,163,110
1,163,111
-3,163,112
-2,163,114
-2,163,116
0,163,120
-1,163,122
-2,163,127
-1,163,128
-2,163,135
-3,163,143
-2,163,144
-1,163,146
-1,163,150
-2,163,156
-1,163,158
1,163,159
-1,163,176
-2,163,177
-2,163,178
-1,163,179
-4,163,181
-1,163,184
1,163,185
-1,163,186
1,163,187
2,163,188
2,163,189
5,163,190
1,163,191
4,163,192
3,163,193
2,163,194
1,163,195
-2,163,196
1,163,197
0,163,198
1,163,199
1,163,200
5,163,201
0,163,202
3,163,203
8,163,204
3,163,205
4,163,206
1,163,208
2,163,209
3,163,211
1,163,212
0,163,213
1,163,214
1,163,215
4,163,216
-1,163,217
3,163,218
1,163,219
2,163,221
-1,163,222
1,163,225
2,163,226
1,163,228
1,163,230
1,163,232
2,163,235
3,163,236
-1,163,238
1,163,240
1,163,241
2,163,242
1,163,245
1,163,248
1,163,255
1,163,257
1,163,274
-1,163,286
1,163,333
-1,164,-40
-1,164,-36
-1,164,-27
-4,164,-23
-3,164,-16
-3,164,-14
-1,164,-13
-2,164,-12
-5,164,-10
-2,164,-8
-1,164,-6
-3,164,-5
-12,164,-3
0,164,-1
-7,164,0
-8,164,1
-2,164,2
-2,164,3
-2,164,4
-10,164,5
-1,164,7
-3,164,8
-6,164,10
-11,164,12
-1,164,13
-1,164,14
-4,164,16
-2,164,17
-4,164,18
-1,164,19
-1,164,21
1,164,22
-4,164,23
-1,164,25
-1,164,26
-2,164,27
-1,164,28
-3,164,29
-6,164,31
-2,164,33
1,164,34
-1,164,35
-5,164,38
-2,164,40
0,164,41
1,164,46
-2,164,47
-1,164,51
-2,164,53
-2,164,56
-1,164,57
-2,164,58
-3,164,61
-1,164,62
-3,164,63
-1,164,64
-1,164,65
-1,164,67
-2,164,68
-3,164,70
-1,164,72
-1,164,74
1,164,75
-3,164,76
-2,164,78
-1,164,81
-1,164,82
-2,164,84
-1,164,85
-1,164,86
-3,164,87
-2,164,91
-4,164,93
-1,164,96
-2,164,98
-1,164,100
1,164,102
-2,164,104
-1,164,106
-2,164,107
-1,164,108
-1,164,115
-1,164,118
-1,164,119
-1,164,120
-2,164,124
-1,164,125
-1,164,126
-1,164,128
-2,164,130
-1,164,132
-2,164,143
-2,164,145
-3,164,147
-2,164,149
-2,164,151
-2,164,156
-3,164,158
-1,164,160
-1,164,161
-2,164,162
1,164,163
-2,164,166
-3,164,168
-1,164,169
-2,164,171
-1,164,173
-2,164,174
-1,164,175
-1,164,176
-1,164,177
0,164,178
-6,164,179
-1,164,181
2,164,183
-2,164,184
-7,164,186
-1,164,187
0,164,188
-1,164,189
0,164,190
1,164,191
-8,164,192
2,164,193
3,164,195
-1,164,196
2,164,197
2,164,198
-5,164,199
2,164,200
0,164,201
2,164,202
-2,164,203
2,164,204
1,164,205
0,164,206
1,164,208
1,164,209
2,164,210
3,164,211
-2,164,212
1,164,213
2,164,214
1,164,215
1,164,216
1,164,220
1,164,221
0,164,222
2,164,224
1,164,225
2,164,226
1,164,227
2,164,230
1,164,232
-1,164,233
1,164,235
1,164,245
1,164,252
1,164,268
-1,164,277
1,164,440
1,164,715
-1,165,-36
-1,165,-25
-1,165,-21
-3,165,-15
-1,165,-6
-2,165,-2
-2,165,0
1,165,1
-2,165,2
-1,165,4
2,165,6
-1,165,7
2,165,8
-2,165,9
-1,165,13
-1,165,17
-2,165,19
-1,165,21
-1,165,26
-2,165,28
-2,165,34
2,165,35
-1,165,36
-1,165,38
-1,165,40
2,165,42
-1,165,47
1,165,48
-1,165,51
-1,165,57
1,165,60
-1,165,74
-1,165,87
1,165,88
1,165,90
-1,165,97
-1,165,99
-1,165,108
-1,165,116
1,165,118
1,165,122
2,165,125
-1,165,135
1,165,143
-1,165,148
1,165,153
-1,165,156
-1,165,175
1,165,177
2,165,180
1,165,181
1,165,184
1,165,188
5,165,189
5,165,190
1,165,191
-2,165,192
3,165,193
2,165,194
2,165,195
2,165,196
4,165,197
-2,165,198
2,165,199
4,165,200
5,165,201
3,165,202
2,165,203
7,165,204
0,165,205
1,165,206
-1,165,207
1,165,209
4,165,210
3,165,211
-1,165,213
1,165,214
1,165,215
4,165,216
2,165,218
1,165,220
1,165,221
1,165,223
2,165,225
1,165,226
1,165,227
1,165,229
1,165,232
1,165,234
1,165,237
1,165,245
1,165,257
1,165,258
1,165,262
1,165,267
1,165,313
-1,166,-40
-2,166,-36
-1,166,-28
-1,166,-25
-1,166,-23
-1,166,-22
-1,166,-16
-1,166,-14
-1,166,-13
-1,166,-11
-2,166,-9
-3,166,-8
-3,166,-7
-4,166,-5
-4,166,-3
-1,166,-1
-5,166,0
-1,166,1
-2,166,2
-5,166,3
0,166,5
-4,166,8
-4,166,10
-3,166,12
-2,166,13
-2,166,14
-1,166,16
-1,166,21
-1,166,22
-1,166,23
-1,166,35
-2,166,36
-1,166,38
-1,166,39
1,166,44
-1,166,46
0,166,47
-1,166,48
-1,166,51
-1,166,55
-1,166,57
-1,166,58
-1,166,59
-1,166,60
-2,166,61
-3,166,66
-2,166,72
-1,166,73
-1,166,74
-2,166,76
-1,166,79
-1,166,81
-1,166,82
-2,166,83
-1,166,86
-1,166,89
-1,166,91
-2,166,93
-2,166,95
-1,166,102
-2,166,104
-1,166,106
-1,166,115
-1,166,125
-1,166,126
-1,166,132
-1,166,135
-1,166,138
-1,166,141
-2,166,143
-2,166,145
-1,166,147
-1,166,149
-1,166,151
-2,166,153
-2,166,155
-1,166,158
-3,166,160
-2,166,164
-1,166,168
-3,166,173
-2,166,176
-2,166,177
-2,166,178
-4,166,179
-2,166,181
-2,166,183
-1,166,184
0,166,185
1,166,186
-1,166,187
-2,166,188
-2,166,189
2,166,190
-2,166,191
-3,166,192
1,166,193
-2,166,194
2,166,195
-1,166,196
0,166,197
1,166,198
1,166,199
1,166,200
2,166,201
1,166,202
1,166,205
2,166,206
-1,166,207
1,166,208
2,166,216
1,166,217
1,166,218
-1,166,219
-1,166,340
-1,166,521
-1,167,-34
-1,167,-26
-3,167,-23
-3,167,-19
-1,167,-16
-1,167,-15
-3,167,-13
-1,167,-9
-7,167,-8
-10,167,-6
-2,167,-5
-2,167,-4
-1,167,-3
-13,167,0
-1,167,2
0,167,4
-2,167,5
-1,167,7
1,167,8
-3,167,9
-2,167,11
-9,167,15
-1,167,18
-5,167,19
-3,167,21
-2,167,22
-1,167,23
-1,167,25
-2,167,26
-2,167,28
1,167,29
-2,167,30
-1,167,34
-1,167,36
-1,167,38
-1,167,41
-1,167,42
-2,167,43
-2,167,45
-1,167,48
-1,167,49
-2,167,51
-1,167,53
-1,167,55
-1,167,57
-2,167,59
-3,167,61
-1,167,64
2,167,67
-2,167,68
-1,167,69
-3,167,72
-1,167,74
-2,167,76
-1,167,78
1,167,79
-1,167,81
-2,167,82
-3,167,85
-1,167,87
1,167,88
-1,167,91
-1,167,92
-4,167,93
-2,167,97
-1,167,99
-1,167,100
-1,167,101
-1,167,102
-1,167,105
-4,167,108
-1,167,109
-1,167,110
1,167,113
-1,167,114
-1,167,116
-2,167,118
-1,167,120
-1,167,122
1,167,124
-1,167,125
-1,167,127
-1,167,128
-1,167,133
-2,167,135
-1,167,137
-1,167,145
1,167,171
-2,167,174
1,167,177
2,167,178
-5,167,179
1,167,180
-1,167,181
1,167,182
2,167,183
-5,167,184
-2,167,186
-2,167,187
-2,167,188
6,167,189
0,167,190
0,167,192
1,167,193
-4,167,194
1,167,195
1,167,196
1,167,197
-1,167,198
2,167,199
-1,167,200
4,167,201
3,167,204
-1,167,205
2,167,206
-4,167,207
2,167,208
1,167,209
2,167,210
0,167,211
1,167,212
2,167,213
1,167,214
1,167,215
2,167,216
1,167,219
1,167,220
1,167,221
1,167,222
1,167,224
1,167,225
1,167,231
1,167,266
-1,167,309
-1,167,325
-1,168,-18
-1,168,-16
-1,168,-12
-2,168,-9
-1,168,-3
-2,168,-1
0,168,6
-2,168,10
1,168,14
1,168,15
1,168,16
-1,168,19
-1,168,21
1,168,22
-1,168,26
-2,168,28
2,168,35
-1,168,41
0,168,43
1,168,45
-1,168,52
-1,168,58
-1,168,62
-1,168,65
-1,168,69
1,168,80
-1,168,84
-2,168,86
-2,168,93
1,168,97
1,168,108
1,168,113
-1,168,116
1,168,127
-1,168,147
1,168,148
-2,168,149
1,168,151
-1,168,155
-3,168,158
-2,168,160
-3,168,164
-4,168,166
-1,168,168
1,168,171
1,168,176
1,168,181
2,168,183
2,168,184
6,168,186
1,168,187
2,168,188
2,168,189
3,168,190
4,168,191
0,168,192
2,168,194
5,168,195
1,168,196
6,168,197
1,168,198
1,168,199
3,168,200
1,168,201
3,168,202
3,168,204
1,168,205
2,168,206
1,168,208
2,168,209
3,168,210
2,168,211
-1,168,212
2,168,215
1,168,216
1,168,217
1,168,218
3,168,220
1,168,221
1,168,224
1,168,225
1,168,227
1,168,230
2,168,231
1,168,238
1,168,245
1,168,247
1,168,250
2,168,253
1,168,254
1,168,260
1,168,262
1,168,398
1,169,-31
-3,169,-25
-1,169,-23
-2,169,-19
-3,169,-18
-1,169,-16
-3,169,-15
-4,169,-14
-4,169,-13
-2,169,-11
-11,169,-10
-5,169,-8
-3,169,-6
-2,169,-5
-3,169,-4
-5,169,-3
-4,169,-2
-6,169,-1
-15,169,0
-1,169,2
-1,169,3
-3,169,4
-4,169,5
-4,169,7
-2,169,8
0,169,9
-2,169,10
-4,169,11
-2,169,13
-4,169,15
-3,169,16
-1,169,17
-3,169,19
-2,169,21
-2,169,23
-2,169,25
-4,169,26
-1,169,27
-2,169,28
-3,169,30
-1,169,31
-2,169,32
-1,169,33
-2,169,36
-4,169,38
1,169,39
-3,169,40
-3,169,42
-3,169,46
-1,169,47
-3,169,49
-3,169,51
-1,169,53
-1,169,55
1,169,56
-1,169,57
-1,169,59
-1,169,61
-2,169,63
-1,169,66
-2,169,68
1,169,69
-1,169,70
-1,169,72
-2,169,74
-1,169,76
-1,169,78
-2,169,80
-2,169,81
-1,169,83
-1,169,84
-1,169,85
-6,169,87
1,169,88
-2,169,91
-1,169,96
-2,169,97
-1,169,98
-3,169,100
-4,169,104
-3,169,106
1,169,109
-4,169,111
-1,169,112
-1,169,113
-1,169,115
-1,169,117
-1,169,118
-1,169,119
-1,169,121
-1,169,124
-1,169,125
-1,169,128
-2,169,130
-1,169,132
-2,169,134
-1,169,135
-1,169,137
-1,169,138
-1,169,151
-1,169,152
1,169,170
-1,169,171
0,169,173
-1,169,174
0,169,175
-2,169,177
1,169,178
1,169,179
2,169,180
-8,169,181
0,169,183
-2,169,184
2,169,185
-2,169,186
2,169,187
-1,169,188
3,169,189
1,169,190
2,169,191
-5,169,192
5,169,193
0,169,194
3,169,195
2,169,196
4,169,197
-1,169,198
1,169,199
-1,169,200
1,169,201
1,169,202
1,169,203
2,169,204
-2,169,205
0,169,206
-2,169,207
0,169,209
2,169,210
3,169,211
0,169,212
1,169,213
4,169,214
2,169,216
3,169,218
-1,169,219
1,169,220
-1,169,222
2,169,224
1,169,225
-1,169,227
1,169,230
2,169,232
1,169,234
2,169,235
-1,169,241
1,169,242
1,169,246
1,169,252
-1,169,308
1,169,372
-1,170,-31
1,170,-27
1,170,-21
-1,170,-9
-3,170,-5
1,170,8
-1,170,10
0,170,13
1,170,16
-1,170,17
-1,170,19
-1,170,28
-1,170,30
2,170,32
-1,170,52
-2,170,54
-1,170,56
-1,170,65
1,170,67
1,170,71
1,170,72
1,170,79
-2,170,82
-1,170,95
1,170,98
-1,170,99
1,170,127
-1,170,145
1,170,147
1,170,148
-1,170,149
-3,170,151
-2,170,155
-5,170,158
-1,170,160
-5,170,162
-3,170,164
-1,170,168
-1,170,171
1,170,172
1,170,174
-1,170,177
2,170,178
1,170,180
1,170,181
2,170,183
1,170,184
3,170,185
1,170,186
2,170,187
6,170,189
3,170,190
1,170,192
3,170,194
2,170,195
5,170,197
1,170,198
7,170,199
3,170,200
1,170,201
3,170,202
1,170,204
3,170,205
1,170,206
2,170,207
1,170,210
1,170,214
1,170,217
2,170,219
1,170,222
1,170,225
1,170,226
1,170,227
1,170,240
1,170,246
1,170,267
1,170,277
1,170,287
1,170,511
1,170,521
1,170,533
-1,170,829
-1,171,-40
-1,171,-38
-1,171,-36
-1,171,-31
-1,171,-29
-1,171,-27
-1,171,-25
-2,171,-21
-1,171,-18
-3,171,-16
-5,171,-14
-1,171,-12
-2,171,-11
-8,171,-10
-2,171,-9
-7,171,-8
-2,171,-6
-5,171,-5
-10,171,-3
-1,171,-1
-4,171,0
-7,171,1
-5,171,3
-4,171,5
1,171,6
-1,171,7
-2,171,8
-3,171,10
-5,171,12
-2,171,13
-1,171,14
-3,171,16
1,171,17
-1,171,20
-3,171,21
-2,171,23
-2,171,25
-2,171,27
-1,171,29
-2,171,31
-3,171,33
1,171,34
-1,171,35
-1,171,38
-2,171,40
-2,171,42
-1,171,43
-1,171,44
-2,171,48
-3,171,51
-1,171,53
-1,171,55
-1,171,57
-1,171,58
-3,171,63
-1,171,64
-1,171,68
-1,171,72
-3,171,76
-1,171,79
-1,171,81
-1,171,83
-2,171,89
-1,171,91
-2,171,98
-1,171,99
-1,171,102
-2,171,104
-1,171,106
1,171,109
-2,171,119
-1,171,122
-1,171,130
-1,171,132
-1,171,134
-1,171,136
-1,171,138
-2,171,141
-1,171,151
-1,171,156
-1,171,166
-1,171,169
-1,171,171
-6,171,173
-1,171,174
-2,171,175
-2,171,176
-1,171,177
-3,171,178
-4,171,179
-5,171,181
-1,171,183
-3,171,184
-8,171,186
-1,171,187
-2,171,188
-2,171,189
1,171,190
-1,171,191
-7,171,192
-1,171,194
1,171,196
0,171,197
1,171,198
0,171,199
1,171,200
1,171,201
1,171,203
1,171,211
1,171,213
1,171,222
1,171,241
1,171,242
1,171,251
-1,171,274
-1,171,411
-1,172,-27
0,172,-22
-1,172,-21
-1,172,-19
-2,172,-11
-3,172,-9
-1,172,-8
-1,172,-7
-1,172,-5
-1,172,-4
-1,172,-2
-1,172,-1
-2,172,0
-2,172,2
-1,172,4
-2,172,5
-2,172,7
-3,172,9
-2,172,10
-1,172,13
-1,172,15
1,172,16
-1,172,17
-1,172,18
-2,172,19
1,172,21
-6,172,23
-1,172,25
0,172,26
-2,172,28
-1,172,30
-1,172,31
-1,172,34
-1,172,36
-2,172,41
1,172,42
0,172,43
-1,172,45
-1,172,46
-1,172,48
-1,172,51
-1,172,52
-1,172,53
-1,172,54
1,172,55
-1,172,56
-1,172,59
-2,172,61
-1,172,62
-1,172,63
-1,172,65
-1,172,68
-2,172,71
-1,172,75
-2,172,79
1,172,80
-2,172,82
-1,172,84
-1,172,86
-1,172,87
-1,172,89
1,172,90
-1,172,97
1,172,98
-5,172,99
1,172,101
-1,172,103
-1,172,107
-1,172,109
-1,172,110
-1,172,116
1,172,117
1,172,119
2,172,120
-1,172,122
-2,172,132
-1,172,135
-1,172,141
-1,172,142
-1,172,144
1,172,145
-1,172,149
-1,172,151
-2,172,153
-4,172,155
-2,172,158
-2,172,160
-2,172,164
-1,172,166
-2,172,168
1,172,169
0,172,173
1,172,174
1,172,175
0,172,176
0,172,177
1,172,178
2,172,179
3,172,180
-1,172,181
2,172,182
2,172,183
2,172,184
3,172,185
0,172,186
1,172,187
1,172,188
5,172,189
4,172,190
2,172,191
-2,172,192
4,172,193
4,172,194
1,172,195
-3,172,196
3,172,197
0,172,198
2,172,199
4,172,200
1,172,201
1,172,202
2,172,203
1,172,204
1,172,205
3,172,206
1,172,207
2,172,209
1,172,210
2,172,211
-1,172,213
1,172,215
2,172,219
5,172,220
2,172,221
2,172,222
1,172,226
2,172,227
1,172,230
1,172,237
1,172,238
1,172,248
1,172,353
1,172,384
-1,173,-38
-1,173,-31
-1,173,-25
-1,173,-18
-1,173,-16
-2,173,-14
-3,173,-10
-1,173,-5
-1,173,-3
-1,173,-1
-3,173,0
-1,173,1
-1,173,5
-2,173,8
-2,173,10
-2,173,12
-1,173,14
-1,173,21
-2,173,23
-1,173,25
-1,173,27
-1,173,29
-2,173,31
0,173,33
-1,173,40
-2,173,46
1,173,48
-1,173,51
-1,173,53
-1,173,55
-1,173,57
-1,173,61
-1,173,106
-1,173,113
1,173,117
-1,173,126
-2,173,128
-1,173,132
-1,173,143
-2,173,166
0,173,171
1,173,174
-2,173,175
1,173,176
3,173,178
2,173,179
1,173,180
3,173,181
4,173,184
1,173,185
1,173,186
3,173,188
1,173,189
2,173,190
1,173,191
2,173,192
2,173,193
0,173,194
2,173,195
1,173,196
2,173,197
2,173,198
1,173,199
1,173,200
3,173,201
1,173,203
2,173,204
2,173,206
-1,173,207
1,173,208
4,173,209
1,173,210
1,173,213
1,173,214
1,173,215
1,173,218
2,173,220
4,173,221
3,173,222
1,173,224
1,173,226
2,173,231
1,173,237
1,173,248
1,173,251
-1,173,257
1,173,269
-1,173,295
1,173,487
1,173,852
-3,174,-23
-3,174,-19
-1,174,-18
-1,174,-16
-1,174,-13
1,174,-11
-1,174,-9
-1,174,-8
-1,174,-6
-1,174,-3
-1,174,-2
-1,174,-1
-5,174,0
-1,174,3
-2,174,4
-1,174,5
-3,174,7
1,174,9
0,174,10
-4,174,11
-3,174,13
-2,174,15
-1,174,17
-1,174,19
-1,174,22
-1,174,25
-1,174,26
-2,174,28
-2,174,30
-1,174,31
-1,174,34
-2,174,36
-1,174,40
-2,174,42
1,174,44
-2,174,45
-1,174,47
-1,174,49
-1,174,51
-1,174,57
-1,174,63
-1,174,69
-2,174,70
-1,174,76
1,174,80
-2,174,84
-1,174,85
-1,174,87
-2,174,89
-1,174,91
-2,174,95
-1,174,105
-1,174,122
1,174,127
-2,174,129
-1,174,130
-1,174,138
-1,174,143
-2,174,145
-1,174,150
-1,174,160
-1,174,165
0,174,167
2,174,168
-1,174,169
1,174,172
-3,174,173
0,174,175
-2,174,176
1,174,177
0,174,178
-2,174,179
2,174,180
-2,174,181
1,174,182
1,174,183
-2,174,184
2,174,185
-1,174,186
1,174,187
-1,174,188
1,174,189
2,174,190
-1,174,191
-1,174,192
4,174,193
4,174,194
2,174,195
0,174,196
2,174,197
0,174,198
4,174,199
3,174,200
2,174,201
-1,174,202
4,174,204
-1,174,205
2,174,206
-2,174,207
1,174,208
3,174,209
5,174,210
1,174,211
1,174,213
1,174,214
2,174,215
1,174,218
-1,174,219
1,174,222
2,174,224
1,174,227
1,174,241
1,174,252
1,174,257
2,174,263
-1,175,-46
-1,175,-40
-1,175,-36
-1,175,-31
-3,175,-29
-3,175,-25
-3,175,-23
-2,175,-21
-2,175,-18
-4,175,-16
-1,175,-14
-4,175,-10
1,175,-8
-1,175,-5
1,175,-4
-8,175,-3
-5,175,-1
-2,175,0
-3,175,1
-5,175,5
1,175,6
-1,175,8
-6,175,10
-2,175,12
-2,175,13
-1,175,14
-1,175,15
-1,175,16
-1,175,18
-2,175,19
0,175,21
1,175,22
-1,175,23
0,175,25
-1,175,26
-2,175,27
-1,175,28
-1,175,29
-2,175,30
-2,175,32
-1,175,33
-1,175,34
0,175,36
-4,175,38
-1,175,39
0,175,40
-1,175,42
-4,175,44
-1,175,46
-2,175,48
-1,175,55
-1,175,57
-2,175,59
-3,175,61
-2,175,63
-2,175,70
-1,175,72
-1,175,74
-1,175,76
-1,175,78
-1,175,81
-1,175,83
-4,175,91
1,175,92
-1,175,93
-1,175,96
-1,175,98
-1,175,100
-1,175,104
-2,175,106
-2,175,111
-1,175,115
-1,175,117
-3,175,121
-1,175,124
-3,175,128
-2,175,132
-2,175,136
-2,175,141
-2,175,142
-3,175,149
-2,175,151
-1,175,153
-1,175,155
-1,175,160
-2,175,162
-2,175,164
-4,175,166
-1,175,168
-1,175,169
-5,175,171
1,175,172
-1,175,173
-2,175,175
2,175,176
-1,175,177
1,175,178
-2,175,179
1,175,180
-5,175,181
1,175,182
4,175,183
2,175,184
1,175,185
-2,175,186
2,175,187
0,175,188
3,175,189
4,175,190
1,175,191
1,175,192
4,175,193
0,175,194
2,175,195
0,175,196
-1,175,199
2,175,200
2,175,201
2,175,203
2,175,204
-1,175,205
1,175,208
8,175,209
1,175,210
3,175,211
1,175,213
1,175,214
1,175,216
1,175,219
1,175,223
1,175,224
0,175,231
1,175,239
1,175,243
-1,176,-27
-1,176,-26
-1,176,-21
-1,176,-19
-1,176,-16
-1,176,-15
-2,176,-14
-4,176,-13
0,176,-11
-2,176,-8
-6,176,-6
-2,176,-3
-1,176,-2
-3,176,-1
-7,176,0
-5,176,2
-2,176,4
-1,176,5
1,176,6
-2,176,7
-1,176,9
-1,176,10
-1,176,13
-2,176,15
-2,176,17
1,176,20
1,176,21
-1,176,23
-1,176,25
-1,176,28
-1,176,32
-1,176,33
-2,176,36
-1,176,41
-1,176,47
-1,176,48
1,176,53
-1,176,56
-1,176,58
-2,176,63
-1,176,68
-1,176,69
-1,176,78
-1,176,79
-1,176,89
-1,176,99
-1,176,102
1,176,103
-1,176,112
-1,176,114
2,176,117
-1,176,120
-1,176,122
-1,176,125
-1,176,128
0,176,130
-1,176,133
-1,176,135
-1,176,143
-1,176,165
0,176,166
1,176,167
-1,176,169
-5,176,171
3,176,172
-1,176,173
-2,176,174
2,176,175
0,176,176
1,176,177
0,176,178
0,176,179
4,176,180
0,176,181
2,176,182
3,176,183
1,176,184
1,176,185
-3,176,186
-1,176,187
1,176,188
6,176,189
4,176,190
0,176,191
0,176,192
5,176,193
0,176,194
7,176,195
1,176,197
0,176,198
0,176,200
1,176,201
1,176,203
1,176,204
0,176,205
2,176,206
0,176,207
1,176,208
0,176,209
2,176,210
0,176,211
3,176,213
1,176,214
1,176,216
0,176,219
-1,176,222
1,176,224
1,176,225
1,176,229
-1,176,241
1,176,253
1,176,261
1,176,269
1,176,278
-2,177,-36
-1,177,-29
-4,177,-25
1,177,-20
-1,177,-18
-2,177,-14
1,177,-12
-1,177,-11
-3,177,-10
-1,177,-9
-4,177,-8
-1,177,-6
-3,177,-5
-1,177,-3
-1,177,-1
-4,177,0
-1,177,1
-2,177,3
-1,177,6
0,177,7
-2,177,10
-2,177,12
-1,177,13
-1,177,14
-1,177,16
-1,177,17
-2,177,18
-2,177,21
-2,177,23
-1,177,25
-1,177,26
-2,177,28
-1,177,30
-1,177,33
-1,177,38
-2,177,42
-1,177,43
-1,177,44
-1,177,45
-1,177,46
-2,177,48
-1,177,51
-1,177,53
0,177,59
-1,177,61
-1,177,62
-1,177,63
-1,177,66
-2,177,68
-1,177,69
-1,177,77
-2,177,78
-1,177,79
-2,177,82
-1,177,84
-1,177,85
-3,177,87
-1,177,91
-1,177,94
-1,177,111
-1,177,120
-1,177,126
-1,177,127
-1,177,132
-1,177,137
-1,177,140
-1,177,141
-1,177,147
-2,177,151
-2,177,153
-2,177,155
-1,177,158
-1,177,160
-1,177,161
-1,177,163
-1,177,164
-4,177,166
-3,177,168
0,177,169
-2,177,171
1,177,172
-6,177,173
-1,177,174
1,177,175
1,177,177
1,177,178
0,177,181
-3,177,184
1,177,186
-1,177,187
-1,177,188
5,177,189
-1,177,191
1,177,193
1,177,194
1,177,195
-1,177,197
0,177,199
1,177,201
-1,177,202
1,177,206
1,177,207
1,177,208
1,177,214
1,177,218
1,177,227
1,177,239
1,177,274
-1,177,331
-2,178,-29
-1,178,-25
-2,178,-19
-2,178,-15
-1,178,-13
-2,178,-11
-2,178,-8
-1,178,-4
-3,178,-2
-12,178,0
-8,178,4
-1,178,7
1,178,8
-6,178,11
-2,178,13
-1,178,15
-2,178,19
-3,178,21
-3,178,26
-2,178,30
-3,178,32
-2,178,36
-2,178,38
-2,178,40
-1,178,42
-1,178,53
-3,178,57
-1,178,61
-2,178,63
1,178,66
1,178,71
-1,178,72
1,178,74
1,178,75
1,178,79
-2,178,82
-1,178,87
-2,178,91
-1,178,93
1,178,99
-2,178,104
-1,178,106
-1,178,108
-1,178,114
-2,178,122
-1,178,125
1,178,126
-1,178,129
-1,178,133
1,178,138
-1,178,141
-2,178,165
1,178,167
-1,178,169
-1,178,171
-1,178,173
2,178,174
0,178,175
3,178,176
-1,178,177
1,178,178
-4,178,179
1,178,180
-1,178,181
2,178,182
2,178,183
1,178,184
3,178,185
0,178,186
1,178,187
3,178,188
3,178,189
-3,178,190
0,178,192
2,178,194
2,178,195
3,178,199
3,178,200
3,178,201
1,178,202
0,178,203
-1,178,205
2,178,206
2,178,209
1,178,214
1,178,220
2,178,221
1,178,224
1,178,230
1,178,252
1,178,592
-1,179,-35
-1,179,-31
-2,179,-29
-1,179,-25
-1,179,-20
-1,179,-18
-3,179,-16
-1,179,-14
-2,179,-12
-1,179,-11
-3,179,-10
-1,179,-9
-2,179,-8
-5,179,-5
-10,179,-3
-1,179,-1
-3,179,0
-8,179,1
-1,179,2
-3,179,3
-1,179,4
-4,179,5
-5,179,8
-3,179,10
1,179,11
-3,179,12
-2,179,13
-1,179,14
-1,179,17
1,179,20
-2,179,21
-1,179,22
-1,179,23
-1,179,25
-1,179,26
-2,179,27
-1,179,28
-2,179,29
-1,179,31
-1,179,32
-2,179,33
-1,179,36
-1,179,38
-1,179,40
-1,179,41
-1,179,43
-1,179,44
-2,179,45
-1,179,46
-1,179,47
1,179,48
1,179,50
-2,179,51
-1,179,52
0,179,55
1,179,56
-2,179,57
-1,179,59
-1,179,64
1,179,65
-1,179,66
-2,179,68
-1,179,70
1,179,75
-1,179,76
-1,179,77
-1,179,79
-2,179,81
-1,179,82
-1,179,83
-2,179,87
-1,179,91
-1,179,92
-2,179,93
-1,179,98
-1,179,100
-2,179,104
-1,179,105
-1,179,106
1,179,110
1,179,121
-2,179,122
-1,179,126
-1,179,127
-1,179,132
1,179,135
-1,179,136
-2,179,137
-2,179,140
-1,179,141
-1,179,143
-4,179,145
-1,179,147
-4,179,149
-1,179,150
-3,179,151
-1,179,153
-1,179,158
-1,179,160
1,179,162
-3,179,164
-3,179,166
1,179,167
-1,179,168
-2,179,169
-3,179,171
1,179,172
-3,179,173
-3,179,174
-2,179,175
0,179,176
-1,179,177
1,179,178
-1,179,179
3,179,180
0,179,181
1,179,182
3,179,183
1,179,184
2,179,185
-1,179,186
2,179,187
1,179,188
4,179,189
2,179,190
1,179,191
3,179,192
3,179,193
2,179,194
2,179,195
0,179,197
1,179,198
-1,179,199
6,179,200
1,179,201
1,179,203
1,179,204
2,179,205
3,179,206
1,179,207
2,179,209
1,179,210
2,179,211
1,179,213
1,179,215
-1,179,220
1,179,222
1,179,226
1,179,228
1,179,246
1,179,263
1,179,284
1,179,291
-1,179,301
1,179,304
-1,179,411
0,180,-25
-2,180,-23
-1,180,-21
-1,180,-19
-1,180,-17
-2,180,-15
-1,180,-13
-3,180,-8
-2,180,-6
1,180,-5
-7,180,0
-2,180,4
-2,180,7
-2,180,9
-1,180,11
-2,180,13
-3,180,15
-1,180,19
-1,180,21
-3,180,26
-1,180,28
-3,180,30
-1,180,32
-1,180,34
-1,180,38
1,180,42
-2,180,45
1,180,51
1,180,54
-1,180,55
-1,180,57
1,180,63
1,180,65
-1,180,70
1,180,77
-1,180,91
1,180,103
-1,180,110
-1,180,116
-1,180,118
1,180,121
-1,180,127
-2,180,129
-2,180,160
-1,180,167
-1,180,169
1,180,170
-2,180,171
-1,180,173
1,180,174
-1,180,175
3,180,176
-2,180,177
3,180,178
-2,180,179
9,180,180
-2,180,181
1,180,182
1,180,183
-2,180,184
1,180,185
1,180,186
2,180,187
3,180,188
2,180,189
1,180,190
2,180,191
-1,180,192
2,180,193
0,180,194
1,180,196
1,180,197
0,180,198
3,180,199
1,180,200
2,180,201
1,180,203
3,180,204
1,180,205
1,180,208
3,180,210
2,180,213
1,180,214
1,180,216
1,180,222
0,180,224
1,180,230
1,180,267
1,180,383
-1,181,-33
-1,181,-29
-1,181,-28
-1,181,-27
-1,181,-26
-1,181,-25
-2,181,-23
-1,181,-21
-1,181,-19
-1,181,-18
-2,181,-16
-2,181,-14
-1,181,-12
-3,181,-10
-1,181,-9
-1,181,-8
-1,181,-7
-3,181,-5
1,181,-4
-2,181,-3
1,181,-2
-9,181,0
-6,181,1
-1,181,2
-3,181,3
-1,181,5
0,181,8
-1,181,10
1,181,11
-2,181,12
-3,181,13
-2,181,14
-2,181,16
-1,181,17
1,181,19
-1,181,22
-1,181,27
-1,181,28
-1,181,30
-1,181,31
-1,181,33
1,181,36
-1,181,41
-1,181,42
-3,181,43
-1,181,44
-1,181,45
-1,181,46
-1,181,47
-2,181,49
-2,181,56
-1,181,59
-1,181,60
-1,181,61
-1,181,69
1,181,71
-1,181,74
1,181,75
1,181,82
-1,181,87
-1,181,93
-1,181,99
-1,181,104
-1,181,109
-1,181,110
1,181,117
-1,181,121
-1,181,124
1,181,130
-1,181,135
-1,181,138
-1,181,140
-1,181,141
-2,181,142
-1,181,145
-1,181,149
-1,181,151
-1,181,161
-5,181,164
1,181,165
-3,181,166
1,181,167
-2,181,168
-4,181,169
3,181,170
-2,181,171
-1,181,173
-1,181,174
1,181,176
-1,181,177
3,181,178
2,181,179
1,181,182
3,181,183
2,181,184
2,181,188
2,181,189
3,181,190
1,181,193
1,181,195
3,181,196
1,181,197
2,181,198
2,181,199
2,181,203
4,181,204
3,181,206
1,181,207
1,181,211
1,181,213
1,181,214
1,181,218
3,181,224
1,181,226
1,181,235
1,181,237
1,181,241
1,181,242
1,181,251
1,181,256
1,181,261
1,181,262
-1,181,339
-1,181,395
-1,182,-28
-1,182,-26
-1,182,-23
-1,182,-21
-1,182,-19
-1,182,-16
-1,182,-13
-2,182,-11
-2,182,-8
-1,182,-6
-2,182,-5
-1,182,-3
-1,182,-2
-2,182,-1
-6,182,0
1,182,1
-2,182,2
-2,182,3
-1,182,7
-1,182,12
1,182,15
-1,182,17
-1,182,18
-1,182,19
0,182,20
-1,182,22
-1,182,34
-3,182,36
1,182,38
-1,182,40
-1,182,41
-1,182,42
-1,182,51
-1,182,54
-1,182,55
-2,182,57
-1,182,61
-2,182,63
1,182,67
-2,182,82
-1,182,87
-2,182,89
1,182,99
-1,182,102
1,182,106
-2,182,112
-1,182,115
-1,182,116
-1,182,117
-1,182,130
1,182,134
-1,182,137
-2,182,150
-1,182,155
-3,182,160
-1,182,161
-2,182,164
0,182,165
-1,182,166
-1,182,167
-3,182,171
1,182,172
0,182,173
-1,182,174
1,182,175
1,182,176
0,182,179
0,182,181
1,182,183
1,182,184
1,182,186
1,182,187
1,182,189
1,182,190
1,182,191
-1,182,200
1,182,203
1,182,207
1,182,208
1,182,211
1,182,224
1,182,230
1,182,231
1,182,267
-1,182,380
-1,182,512
-1,183,-33
1,183,-21
1,183,-10
1,183,-6
-1,183,-1
1,183,3
-4,183,6
1,183,9
1,183,22
1,183,24
1,183,26
1,183,28
-1,183,30
1,183,35
-1,183,41
-1,183,45
0,183,52
-1,183,56
1,183,64
1,183,117
-1,183,132
-1,183,134
-2,183,138
-2,183,140
-1,183,142
-4,183,147
-1,183,149
-1,183,151
-2,183,153
1,183,159
-1,183,160
-2,183,162
1,183,164
-2,183,166
1,183,169
1,183,170
1,183,172
2,183,173
6,183,174
2,183,175
1,183,176
2,183,177
5,183,178
1,183,179
3,183,180
1,183,181
1,183,182
2,183,183
4,183,184
4,183,185
1,183,187
1,183,188
1,183,189
2,183,190
2,183,192
5,183,193
4,183,195
2,183,196
1,183,197
3,183,198
2,183,199
1,183,201
1,183,204
1,183,205
1,183,209
2,183,215
1,183,216
1,183,224
2,183,234
1,183,242
2,183,245
1,183,261
1,183,268
1,183,272
1,183,277
1,183,324
1,183,341
-1,183,363
1,183,472
1,183,505
1,183,633
-2,184,-34
-1,184,-29
-1,184,-24
-4,184,-23
-2,184,-18
-2,184,-16
-1,184,-15
-5,184,-14
-4,184,-11
-2,184,-10
-4,184,-8
1,184,-6
-7,184,-5
-7,184,-4
-5,184,-3
-1,184,-2
-2,184,-1
-5,184,0
-1,184,1
-1,184,3
-4,184,4
-4,184,5
-3,184,7
-6,184,10
-1,184,11
0,184,12
-4,184,13
-1,184,14
-3,184,15
-2,184,16
-2,184,17
-2,184,21
-3,184,23
-1,184,25
-4,184,26
-3,184,27
-1,184,28
-1,184,30
-1,184,31
-3,184,33
-1,184,34
-1,184,36
-3,184,38
-3,184,40
-2,184,42
-2,184,45
-1,184,46
1,184,47
-2,184,48
-2,184,49
-1,184,51
-2,184,55
-4,184,57
-1,184,59
-1,184,61
-1,184,63
-1,184,66
-2,184,70
-2,184,72
-1,184,74
-3,184,76
-1,184,78
-1,184,79
-1,184,81
-2,184,82
-1,184,83
-1,184,85
0,184,87
-1,184,89
-1,184,91
-1,184,95
1,184,96
-2,184,97
-1,184,102
-2,184,104
1,184,105
-1,184,106
-1,184,108
-2,184,110
-1,184,111
-2,184,115
1,184,116
-1,184,118
-1,184,119
-2,184,121
-1,184,126
-2,184,127
-1,184,129
1,184,133
-1,184,151
-1,184,155
-4,184,156
-4,184,158
-6,184,160
-2,184,162
-2,184,163
-6,184,164
-1,184,165
-7,184,166
0,184,167
-2,184,168
-5,184,169
1,184,170
-9,184,171
2,184,172
-4,184,173
2,184,174
-4,184,175
1,184,176
0,184,177
1,184,178
2,184,179
2,184,180
-5,184,181
6,184,183
1,184,184
2,184,185
-2,184,186
-1,184,187
1,184,188
4,184,189
0,184,190
1,184,192
2,184,193
1,184,194
2,184,195
-2,184,196
0,184,197
1,184,199
2,184,200
3,184,201
1,184,203
1,184,205
-1,184,207
1,184,208
0,184,209
1,184,210
-1,184,213
1,184,218
1,184,220
-1,184,235
1,184,237
0,184,239
1,184,248
1,184,258
-1,184,356
-1,185,-29
-1,185,-25
-1,185,-18
2,185,-14
0,185,-12
-1,185,-5
0,185,-1
-1,185,6
3,185,11
-1,185,17
1,185,19
1,185,20
2,185,24
1,185,51
1,185,69
1,185,111
-1,185,129
1,185,131
-1,185,132
-1,185,134
-2,185,136
-2,185,138
-1,185,140
-1,185,145
-3,185,147
2,185,150
-2,185,151
-2,185,153
1,185,159
1,185,160
0,185,162
1,185,163
1,185,164
1,185,165
1,185,167
2,185,168
2,185,169
1,185,170
1,185,171
7,185,172
4,185,173
2,185,174
0,185,175
3,185,176
4,185,178
7,185,179
5,185,180
2,185,181
3,185,183
3,185,184
3,185,185
1,185,187
1,185,188
3,185,189
2,185,190
3,185,191
2,185,193
2,185,195
2,185,197
2,185,199
1,185,201
1,185,203
1,185,204
2,185,206
-1,185,207
2,185,208
3,185,209
1,185,211
1,185,214
1,185,216
1,185,229
1,185,230
1,185,235
1,185,237
1,185,265
1,185,466
-1,186,-33
-1,186,-26
-2,186,-25
-1,186,-24
-2,186,-23
-1,186,-21
-1,186,-16
-3,186,-14
-2,186,-10
-2,186,-8
-1,186,-6
-1,186,-5
-3,186,-3
-1,186,-2
-1,186,-1
-6,186,0
-4,186,1
-3,186,3
1,186,4
-3,186,5
-2,186,7
-1,186,8
-1,186,9
-1,186,12
-2,186,13
-1,186,15
-1,186,16
-4,186,17
-3,186,18
-1,186,19
-2,186,25
-1,186,29
-1,186,31
-1,186,33
1,186,34
-2,186,36
-2,186,38
1,186,40
-1,186,45
-1,186,48
-2,186,51
-1,186,53
-1,186,56
-1,186,76
-2,186,82
-1,186,83
-1,186,86
-2,186,91
-1,186,95
1,186,97
-1,186,98
1,186,101
-1,186,105
-1,186,106
0,186,109
-1,186,119
-1,186,122
-1,186,123
-1,186,140
-1,186,146
1,186,148
-1,186,150
-1,186,151
-2,186,156
-6,186,158
1,186,159
0,186,160
-1,186,161
-2,186,162
1,186,163
-1,186,164
-1,186,166
0,186,167
1,186,168
-5,186,169
1,186,170
-2,186,171
2,186,172
-2,186,173
-1,186,174
0,186,175
3,186,176
0,186,177
2,186,178
-2,186,179
6,186,180
0,186,181
1,186,183
2,186,184
2,186,185
0,186,186
1,186,187
-1,186,189
1,186,192
1,186,194
4,186,195
1,186,197
2,186,198
-1,186,199
1,186,200
1,186,201
-1,186,203
1,186,206
-1,186,211
1,186,213
2,186,216
1,186,220
2,186,221
1,186,222
-1,186,227
1,186,236
-1,186,368
-1,187,-31
-1,187,-28
-2,187,-26
-2,187,-6
-2,187,-5
-1,187,-3
-4,187,-1
1,187,1
-2,187,5
-1,187,10
-1,187,12
1,187,19
-1,187,26
-1,187,35
-1,187,41
-1,187,43
1,187,48
1,187,52
-1,187,66
-1,187,72
-1,187,74
-1,187,76
-1,187,105
-1,187,137
-1,187,139
-1,187,145
-2,187,150
-1,187,156
1,187,157
-1,187,160
2,187,162
-1,187,163
0,187,166
1,187,167
1,187,168
-2,187,169
1,187,170
1,187,173
1,187,176
1,187,177
1,187,178
-1,187,179
-1,187,181
3,187,185
-1,187,187
1,187,190
1,187,192
1,187,193
1,187,195
1,187,198
1,187,201
1,187,205
1,187,208
1,187,213
1,187,226
-1,188,-27
-2,188,-23
-1,188,-21
-1,188,-16
-2,188,-14
-1,188,-13
-2,188,-12
-1,188,-11
-2,188,-10
-6,188,-8
1,188,-7
-1,188,-6
-3,188,-3
-1,188,-2
-2,188,-1
-2,188,0
-1,188,2
-1,188,3
0,188,7
-1,188,9
-1,188,10
-2,188,11
-1,188,12
-2,188,13
-3,188,15
1,188,17
1,188,18
-2,188,19
1,188,20
-1,188,21
-1,188,23
-1,188,26
-1,188,27
-2,188,28
1,188,31
-2,188,34
2,188,36
-1,188,38
-1,188,42
1,188,43
-2,188,45
-1,188,48
1,188,50
-2,188,53
-1,188,56
1,188,60
1,188,63
-1,188,65
0,188,66
-1,188,68
-1,188,70
-2,188,72
-1,188,82
-1,188,83
-1,188,85
-1,188,87
-1,188,97
-1,188,104
-1,188,108
-1,188,119
-1,188,123
-1,188,127
-1,188,133
-2,188,134
-1,188,136
-3,188,138
-1,188,140
-3,188,142
-2,188,145
-1,188,146
-1,188,147
-1,188,151
0,188,153
-4,188,154
-1,188,156
-7,188,158
3,188,159
-2,188,160
1,188,161
0,188,162
0,188,163
0,188,164
0,188,165
-1,188,166
2,188,167
5,188,168
3,188,169
1,188,170
4,188,172
-2,188,173
4,188,174
0,188,175
3,188,176
2,188,177
4,188,178
-1,188,179
2,188,180
3,188,181
1,188,182
4,188,183
1,188,184
1,188,185
1,188,188
1,188,189
3,188,190
1,188,192
3,188,193
2,188,196
1,188,199
2,188,200
1,188,203
2,188,206
-1,188,217
1,188,224
1,188,230
2,188,241
1,188,246
1,188,253
-1,188,327
-1,188,392
-1,188,411
1,188,614
-1,189,-26
-1,189,-19
-1,189,-18
-1,189,-13
-1,189,-11
-1,189,-8
-1,189,-6
-1,189,-3
-1,189,-1
-2,189,2
-1,189,3
-3,189,5
-1,189,7
-1,189,10
2,189,11
-1,189,23
-2,189,38
1,189,45
-1,189,46
-1,189,66
1,189,92
-2,189,100
-1,189,112
-1,189,122
1,189,124
1,189,144
2,189,151
1,189,153
3,189,155
1,189,157
2,189,158
1,189,159
-2,189,160
0,189,163
-1,189,164
-1,189,166
1,189,167
4,189,170
3,189,171
3,189,172
1,189,173
0,189,174
2,189,175
0,189,176
1,189,177
2,189,178
2,189,179
1,189,180
-1,189,181
2,189,182
4,189,183
2,189,184
-1,189,186
1,189,187
1,189,188
0,189,191
1,189,192
1,189,194
1,189,195
1,189,196
1,189,199
1,189,200
1,189,204
1,189,205
1,189,206
1,189,216
1,189,222
1,189,231
1,189,234
-2,190,-27
-2,190,-23
-1,190,-21
-1,190,-18
-3,190,-16
-5,190,-14
-2,190,-12
-1,190,-10
-2,190,-9
-2,190,-8
-6,190,-3
-3,190,-1
-4,190,0
-1,190,1
-2,190,5
-2,190,8
-3,190,10
-2,190,12
-1,190,13
-2,190,15
-1,190,16
0,190,21
-3,190,23
-1,190,25
-1,190,26
-4,190,27
1,190,29
-4,190,31
-2,190,33
-1,190,36
-1,190,38
1,190,42
-1,190,43
-1,190,44
-1,190,45
-1,190,46
0,190,48
1,190,56
0,190,57
-1,190,58
-2,190,61
-1,190,62
-2,190,66
0,190,67
-1,190,70
-1,190,71
-1,190,72
1,190,76
-1,190,84
-1,190,85
-1,190,87
1,190,88
-2,190,89
1,190,92
-1,190,93
-2,190,100
-1,190,111
-1,190,114
-1,190,117
-1,190,119
-1,190,121
-1,190,122
1,190,124
-2,190,129
-1,190,134
-5,190,136
-2,190,138
-1,190,140
-1,190,142
-1,190,143
-2,190,145
-1,190,147
-1,190,149
-5,190,151
2,190,152
1,190,154
-1,190,155
-5,190,156
2,190,157
-2,190,158
2,190,159
-2,190,160
0,190,161
-2,190,162
2,190,163
-3,190,164
1,190,165
-1,190,166
6,190,167
2,190,168
4,190,169
1,190,170
-2,190,171
3,190,172
2,190,173
1,190,174
2,190,175
2,190,176
-2,190,177
3,190,178
1,190,179
2,190,180
2,190,181
2,190,182
3,190,184
3,190,185
-1,190,186
1,190,187
1,190,188
1,190,190
1,190,195
0,190,196
5,190,197
1,190,200
2,190,201
1,190,204
-1,190,207
1,190,208
1,190,209
1,190,210
1,190,215
1,190,225
1,190,226
1,190,235
1,190,277
-1,190,381
-1,190,460
-1,190,583
-1,191,-27
-1,191,-23
-1,191,-21
-1,191,-19
0,191,-11
-1,191,-8
-1,191,-6
1,191,-3
-1,191,-2
-2,191,4
1,191,6
-3,191,7
-1,191,9
-1,191,11
-1,191,13
-3,191,15
-1,191,19
-1,191,21
1,191,23
-2,191,30
1,191,34
1,191,42
1,191,43
1,191,47
1,191,66
1,191,74
1,191,75
1,191,84
-2,191,93
1,191,150
1,191,153
-4,191,154
2,191,155
-2,191,156
1,191,157
0,191,158
2,191,159
-2,191,160
1,191,163
3,191,164
-2,191,165
1,191,166
1,191,167
1,191,168
1,191,169
1,191,171
2,191,172
-2,191,173
2,191,174
1,191,175
1,191,176
0,191,177
2,191,180
-1,191,181
2,191,184
2,191,185
2,191,187
3,191,190
1,191,193
-1,191,194
2,191,195
1,191,196
2,191,197
1,191,199
2,191,200
1,191,203
1,191,208
-1,191,211
1,191,235
1,191,237
1,191,242
-1,191,295
1,191,306
-1,191,409
-1,191,447
1,191,455
-1,192,-36
-1,192,-31
-2,192,-23
-1,192,-18
-2,192,-16
-4,192,-14
-2,192,-13
-1,192,-10
-2,192,-8
-2,192,-5
-4,192,-3
-2,192,-1
-3,192,0
-1,192,1
-1,192,2
-3,192,3
-1,192,5
-2,192,8
-1,192,10
-2,192,12
-1,192,13
-2,192,14
-1,192,16
1,192,17
-1,192,21
-1,192,23
-3,192,25
-1,192,26
-1,192,28
-3,192,31
-1,192,38
-1,192,40
-2,192,41
-2,192,42
-2,192,51
-1,192,53
-1,192,56
-3,192,58
-1,192,64
-1,192,68
-1,192,69
-1,192,72
0,192,74
-1,192,76
0,192,78
-3,192,85
-1,192,91
-1,192,99
-1,192,102
-1,192,115
-1,192,119
-1,192,125
-2,192,134
-1,192,137
-2,192,138
-1,192,140
-1,192,141
-1,192,142
1,192,143
-3,192,145
0,192,147
0,192,148
1,192,149
-1,192,150
-4,192,151
1,192,152
-1,192,153
-5,192,154
2,192,155
-1,192,156
2,192,157
-3,192,158
1,192,159
0,192,160
1,192,162
5,192,163
-3,192,164
0,192,166
3,192,167
4,192,168
1,192,169
2,192,170
0,192,171
1,192,172
3,192,173
3,192,174
1,192,175
3,192,176
1,192,177
1,192,178
1,192,179
3,192,180
1,192,181
3,192,182
1,192,185
1,192,186
2,192,187
3,192,188
1,192,189
3,192,190
2,192,198
1,192,199
1,192,201
1,192,204
1,192,208
2,192,216
1,192,221
2,192,243
-1,192,352
1,192,401
-1,192,484
1,192,642
-2,193,-23
-1,193,-17
-1,193,-15
-3,193,-11
-4,193,-8
-1,193,-6
-2,193,-4
-1,193,0
-1,193,4
-4,193,7
-1,193,9
-1,193,11
-1,193,13
-1,193,17
-3,193,19
-1,193,21
0,193,23
-2,193,26
-1,193,30
-1,193,32
-2,193,34
-1,193,36
-1,193,38
-1,193,47
-1,193,55
-2,193,57
-1,193,59
-3,193,63
-1,193,68
1,193,70
1,193,81
-1,193,97
-1,193,112
-2,193,116
1,193,146
-3,193,150
-1,193,152
-1,193,154
-2,193,156
-2,193,158
1,193,162
-2,193,163
-1,193,167
-2,193,169
-2,193,171
2,193,172
-1,193,173
0,193,175
1,193,176
1,193,182
-1,193,184
1,193,188
-1,193,192
-1,193,194
1,193,197
-1,193,203
-1,193,205
1,193,206
1,193,216
-1,193,217
-1,193,649
-1,194,-27
-2,194,-25
-1,194,-23
-1,194,-18
-4,194,-12
-2,194,-8
-1,194,-3
-2,194,-1
-2,194,0
-2,194,1
-1,194,3
1,194,6
-1,194,7
-1,194,8
-2,194,10
-2,194,12
-2,194,13
-1,194,14
-1,194,15
-2,194,16
-1,194,17
-1,194,23
1,194,25
-1,194,27
-1,194,29
-1,194,31
-1,194,44
-2,194,45
-1,194,46
-1,194,48
0,194,55
-1,194,57
-1,194,61
-1,194,64
-1,194,66
-2,194,70
-1,194,81
-1,194,87
-1,194,91
-1,194,97
-1,194,108
-4,194,112
-1,194,115
-1,194,116
-3,194,121
-2,194,123
-1,194,125
-3,194,127
-3,194,129
-3,194,132
-2,194,134
-6,194,136
-1,194,138
-1,194,142
-2,194,143
-3,194,145
1,194,146
-2,194,149
-1,194,150
-2,194,151
-2,194,153
-2,194,154
1,194,155
-3,194,156
1,194,157
-1,194,158
1,194,159
-2,194,160
-1,194,161
1,194,162
3,194,163
0,194,164
2,194,167
1,194,169
2,194,170
-1,194,171
4,194,172
2,194,173
3,194,174
1,194,175
5,194,176
2,194,178
-1,194,179
1,194,181
1,194,182
2,194,183
2,194,184
1,194,186
2,194,188
2,194,189
1,194,190
-1,194,192
1,194,194
2,194,195
1,194,198
2,194,200
2,194,201
1,194,203
1,194,208
1,194,220
1,194,235
1,194,237
1,194,248
1,194,333
-1,195,-40
-1,195,-32
-1,195,-26
-2,195,-23
-2,195,-21
-1,195,-14
-1,195,-11
-1,195,-9
-1,195,-4
-1,195,-3
-1,195,-2
-5,195,0
-1,195,5
-1,195,7
-2,195,10
1,195,11
-2,195,13
-1,195,15
1,195,18
-1,195,21
1,195,22
-1,195,30
-1,195,34
1,195,37
-1,195,42
1,195,53
-2,195,63
1,195,69
-1,195,71
-1,195,80
-1,195,84
-1,195,89
-3,195,91
-2,195,95
-2,195,97
1,195,101
1,195,102
-1,195,105
-1,195,108
1,195,110
-1,195,125
-1,195,145
-1,195,146
-1,195,148
0,195,150
2,195,152
-1,195,154
1,195,155
-1,195,156
3,195,157
-1,195,158
2,195,159
-1,195,160
1,195,161
2,195,162
1,195,163
1,195,164
1,195,165
-1,195,166
1,195,167
2,195,168
-3,195,169
1,195,170
0,195,171
1,195,172
4,195,173
2,195,174
2,195,175
1,195,176
1,195,177
1,195,178
1,195,179
-2,195,181
1,195,182
1,195,183
0,195,184
-2,195,186
1,195,189
1,195,192
1,195,195
-1,195,198
1,195,207
1,195,209
1,195,211
1,195,222
-1,195,224
1,195,240
-1,195,383
-1,196,-42
-1,196,-38
-1,196,-36
1,196,-25
-1,196,-22
-1,196,-20
-2,196,-14
-1,196,-12
-5,196,-10
-2,196,-8
-1,196,-3
-2,196,-1
-2,196,0
-2,196,1
-2,196,3
-3,196,5
-1,196,8
-1,196,10
-1,196,12
1,196,14
-1,196,16
-2,196,21
-1,196,23
-2,196,27
2,196,39
-1,196,42
-1,196,44
-2,196,46
-1,196,61
-1,196,62
-1,196,66
-1,196,68
-1,196,72
-1,196,74
-2,196,76
-1,196,78
-1,196,81
-1,196,87
-1,196,100
-2,196,106
-1,196,110
-1,196,112
-2,196,114
-1,196,116
-1,196,119
-1,196,121
1,196,122
-1,196,123
-2,196,125
-1,196,127
-1,196,128
-1,196,129
-2,196,132
-2,196,134
-5,196,136
-1,196,138
1,196,139
1,196,141
-1,196,142
-3,196,143
-1,196,147
-5,196,149
0,196,151
2,196,152
1,196,153
1,196,154
2,196,155
-4,196,156
1,196,157
0,196,158
1,196,159
1,196,160
3,196,161
1,196,162
4,196,163
-1,196,164
1,196,165
0,196,166
1,196,167
3,196,168
1,196,169
2,196,170
-1,196,171
1,196,172
3,196,173
-1,196,175
1,196,176
2,196,178
2,196,179
1,196,180
2,196,181
2,196,183
1,196,184
-1,196,186
1,196,188
1,196,189
1,196,192
1,196,193
2,196,194
1,196,195
1,196,197
1,196,198
1,196,199
1,196,201
1,196,203
1,196,232
-1,196,235
1,196,252
1,196,256
-1,197,-27
-1,197,-25
-2,197,-23
-1,197,-21
-1,197,-19
-2,197,-18
-1,197,-17
-2,197,-16
-1,197,-14
-1,197,-13
-1,197,-11
-1,197,-8
-1,197,-6
-1,197,-2
-1,197,3
-3,197,4
-1,197,5
1,197,14
-1,197,15
1,197,16
-2,197,28
-2,197,33
-1,197,40
-1,197,41
-1,197,46
-1,197,51
-2,197,66
0,197,78
-1,197,87
-1,197,89
-1,197,94
-1,197,99
-1,197,105
-1,197,112
-1,197,115
-1,197,122
-2,197,135
1,197,136
-1,197,137
-2,197,140
-2,197,141
1,197,142
0,197,143
-1,197,144
1,197,145
1,197,146
1,197,147
-1,197,148
2,197,149
-1,197,150
1,197,151
0,197,152
2,197,153
-2,197,156
1,197,157
3,197,159
1,197,161
1,197,162
1,197,163
1,197,164
1,197,165
0,197,168
0,197,169
1,197,170
2,197,171
2,197,172
-1,197,173
-1,197,175
2,197,176
-1,197,177
2,197,178
1,197,180
1,197,183
-1,197,184
1,197,186
2,197,187
0,197,188
2,197,189
1,197,190
1,197,192
1,197,193
1,197,194
1,197,197
1,197,198
1,197,199
1,197,200
2,197,201
1,197,203
1,197,205
1,197,213
1,197,215
1,197,220
1,197,221
-1,197,317
1,197,615
-1,198,-5
-1,198,-3
-1,198,-1
-1,198,8
-2,198,10
1,198,28
1,198,45
-1,198,47
1,198,67
-1,198,97
-1,198,99
-2,198,108
-3,198,110
-1,198,114
-3,198,116
-1,198,121
-2,198,123
-1,198,127
-1,198,132
-1,198,134
1,198,142
-1,198,145
-1,198,149
1,198,151
2,198,154
2,198,158
1,198,159
0,198,162
1,198,167
1,198,169
1,198,176
1,198,188
1,198,189
1,198,195
1,198,232
1,198,309
-1,199,-42
-2,199,-36
-1,199,-29
-1,199,-26
-1,199,-25
-1,199,-18
-1,199,-16
-3,199,-14
-1,199,-13
-2,199,-12
-4,199,-8
-2,199,-6
-1,199,-5
-3,199,-4
-2,199,-3
-2,199,-2
-9,199,0
-2,199,1
-3,199,2
-2,199,4
-1,199,5
-3,199,7
1,199,8
0,199,10
0,199,13
-1,199,14
-1,199,17
-1,199,18
0,199,19
-1,199,21
1,199,22
-1,199,26
-1,199,30
-1,199,31
-1,199,32
1,199,34
-2,199,36
-1,199,38
-1,199,41
-1,199,46
1,199,50
-1,199,55
-3,199,57
0,199,61
-1,199,66
-1,199,68
-1,199,78
-1,199,89
-1,199,93
-1,199,96
-2,199,97
-1,199,102
1,199,104
-1,199,109
-1,199,120
1,199,126
-1,199,128
0,199,132
-1,199,133
0,199,134
-1,199,138
-1,199,140
-1,199,141
1,199,142
-1,199,144
-1,199,145
2,199,146
-2,199,147
-1,199,148
-1,199,149
-1,199,150
-1,199,151
1,199,152
1,199,153
-2,199,154
1,199,155
-3,199,156
1,199,157
3,199,158
2,199,159
1,199,160
2,199,162
2,199,163
2,199,164
1,199,165
-2,199,166
4,199,167
4,199,168
0,199,169
2,199,171
4,199,172
2,199,173
1,199,177
1,199,178
1,199,182
0,199,184
1,199,185
-1,199,186
2,199,187
1,199,188
-1,199,192
2,199,194
1,199,199
1,199,201
1,199,205
1,199,206
1,199,222
1,199,260
-1,199,291
-1,199,375
-1,199,384
-1,200,-26
1,200,-21
1,200,-17
-1,200,-16
0,200,-13
-1,200,-11
-1,200,-8
-1,200,-5
-1,200,0
1,200,2
-1,200,10
-2,200,15
-1,200,20
-1,200,22
-1,200,23
-1,200,25
-1,200,26
-1,200,36
2,200,38
1,200,41
1,200,43
-1,200,46
-2,200,63
1,200,64
-2,200,66
-1,200,74
1,200,78
1,200,99
1,200,106
-1,200,128
1,200,134
-1,200,135
-2,200,137
1,200,139
-2,200,140
-1,200,141
2,200,144
-1,200,145
1,200,146
1,200,147
-1,200,150
0,200,151
3,200,152
4,200,153
1,200,154
0,200,155
1,200,156
1,200,157
2,200,158
1,200,159
0,200,160
1,200,161
3,200,162
1,200,163
1,200,164
1,200,165
1,200,167
1,200,168
3,200,169
1,200,171
1,200,172
2,200,174
2,200,177
-1,200,179
1,200,184
1,200,185
-1,200,187
1,200,188
1,200,195
1,200,197
1,200,198
1,200,219
1,200,234
-1,200,248
-2,201,-31
-1,201,-27
-1,201,-23
-2,201,-16
-1,201,-14
-1,201,-10
-1,201,-8
-2,201,-5
-7,201,-3
-1,201,-1
-1,201,0
-1,201,1
-1,201,2
-1,201,3
-1,201,5
1,201,6
-1,201,7
-2,201,8
-1,201,10
-1,201,11
-1,201,12
-1,201,15
-1,201,18
-1,201,19
0,201,21
-2,201,27
-1,201,36
-1,201,41
1,201,43
-1,201,44
-1,201,46
-1,201,55
-2,201,59
-1,201,76
-1,201,78
-1,201,82
1,201,83
-1,201,88
-1,201,91
-1,201,93
-1,201,101
-2,201,110
-2,201,114
-3,201,116
-1,201,119
-1,201,121
-1,201,123
-1,201,125
-1,201,127
-2,201,129
-1,201,130
-4,201,132
-1,201,133
-2,201,134
-1,201,136
2,201,137
-1,201,138
-1,201,139
-2,201,140
-1,201,141
0,201,142
-3,201,144
-4,201,145
3,201,146
1,201,147
-3,201,148
-2,201,149
-1,201,150
0,201,151
-1,201,152
1,201,154
1,201,155
-3,201,156
2,201,157
-3,201,158
2,201,159
-1,201,160
1,201,161
1,201,162
-1,201,163
4,201,164
-1,201,165
3,201,167
1,201,168
1,201,169
0,201,171
3,201,172
0,201,173
2,201,174
2,201,176
1,201,177
1,201,178
3,201,185
-1,201,186
2,201,190
0,201,192
2,201,198
1,201,207
1,201,210
1,201,211
1,201,246
-1,201,439
1,202,-15
-1,202,-14
-1,202,-11
-1,202,-6
-2,202,-5
-1,202,0
0,202,2
0,202,7
1,202,13
1,202,23
-1,202,25
-1,202,31
1,202,36
-1,202,45
-1,202,46
-1,202,56
-2,202,91
1,202,92
1,202,105
1,202,124
-1,202,127
-1,202,130
2,202,132
1,202,135
1,202,136
-1,202,138
-2,202,140
1,202,141
3,202,143
0,202,145
1,202,146
2,202,148
0,202,150
1,202,151
3,202,152
1,202,153
1,202,154
1,202,155
1,202,156
2,202,157
2,202,158
2,202,159
1,202,160
1,202,163
1,202,164
1,202,167
2,202,169
1,202,171
1,202,172
1,202,173
2,202,174
2,202,176
1,202,178
1,202,179
1,202,182
1,202,184
3,202,187
-1,202,192
1,202,195
1,202,198
-1,202,204
1,202,230
1,202,234
1,202,338
-1,203,-32
-1,203,-29
-2,203,-23
-1,203,-16
-1,203,-14
-1,203,-10
-2,203,-5
-1,203,-1
1,203,1
0,203,2
2,203,6
-1,203,7
-1,203,8
-1,203,11
-1,203,15
-1,203,16
-2,203,17
1,203,18
-1,203,27
1,203,29
-1,203,30
-1,203,32
-1,203,34
0,203,36
-1,203,47
-1,203,49
-1,203,51
1,203,52
-1,203,55
1,203,57
1,203,60
-1,203,72
1,203,73
1,203,74
-1,203,76
-1,203,87
-1,203,93
-1,203,95
-1,203,97
-1,203,103
-1,203,106
-1,203,108
-1,203,114
-5,203,121
-2,203,123
-1,203,124
-1,203,125
-2,203,127
-1,203,130
1,203,131
-5,203,132
-2,203,133
1,203,134
0,203,135
-2,203,136
0,203,137
0,203,139
0,203,141
1,203,142
-1,203,143
1,203,144
-1,203,145
1,203,146
3,203,147
4,203,148
2,203,149
0,203,151
3,203,153
-3,203,154
1,203,155
-1,203,156
1,203,157
1,203,158
1,203,159
1,203,160
1,203,164
1,203,166
2,203,167
3,203,168
0,203,169
1,203,172
1,203,173
1,203,174
1,203,178
-1,203,179
1,203,183
1,203,193
1,203,194
1,203,197
1,203,211
1,203,241
-1,203,261
1,203,346
-1,203,355
-1,203,411
1,203,461
-1,204,-34
-2,204,-28
-1,204,-26
1,204,-17
-2,204,-9
-1,204,0
-2,204,2
-1,204,3
-1,204,7
-1,204,10
-1,204,23
-1,204,45
1,204,57
-1,204,69
-1,204,72
-1,204,102
1,204,123
-1,204,127
-1,204,128
-3,204,132
1,204,135
1,204,138
-2,204,140
1,204,141
1,204,143
1,204,144
-2,204,145
2,204,146
1,204,147
-1,204,148
1,204,150
1,204,151
1,204,153
-1,204,155
1,204,159
1,204,167
1,204,171
-1,204,189
-1,204,194
-1,204,201
1,204,206
1,204,209
-1,204,280
-1,205,-37
-1,205,-29
-2,205,-23
-4,205,-16
-2,205,-11
-1,205,-8
-2,205,-5
-2,205,-4
-2,205,-3
-1,205,-2
-1,205,-1
-4,205,0
-2,205,1
-2,205,4
1,205,5
-1,205,7
-2,205,8
1,205,10
-2,205,11
-1,205,13
-1,205,14
-1,205,16
-1,205,17
0,205,20
-2,205,23
-1,205,26
-1,205,28
-2,205,31
-1,205,34
-1,205,35
-2,205,42
1,205,43
-1,205,46
-1,205,51
1,205,55
-1,205,57
-1,205,59
0,205,63
-1,205,72
-1,205,78
-1,205,88
-1,205,91
1,205,94
-3,205,97
-1,205,101
-1,205,102
-1,205,106
-3,205,108
-1,205,112
-1,205,114
-1,205,115
-1,205,116
-2,205,119
-2,205,123
-1,205,124
-2,205,129
-2,205,130
-1,205,133
0,205,134
-2,205,135
-1,205,136
-1,205,137
-2,205,138
0,205,139
-1,205,140
-1,205,141
-3,205,143
1,205,144
0,205,146
0,205,147
1,205,148
-5,205,149
0,205,150
-1,205,151
3,205,152
1,205,153
2,205,154
1,205,155
-2,205,156
2,205,157
1,205,158
1,205,159
3,205,160
1,205,161
1,205,162
0,205,163
-1,205,164
0,205,165
0,205,166
1,205,168
-1,205,169
1,205,171
1,205,172
-2,205,173
-2,205,177
1,205,178
1,205,183
1,205,185
-1,205,190
1,205,191
2,205,193
1,205,203
1,205,210
1,205,216
2,205,236
1,206,-5
1,206,13
1,206,38
1,206,43
1,206,51
1,206,128
3,206,130
2,206,133
2,206,134
3,206,136
2,206,138
1,206,139
2,206,141
2,206,142
5,206,143
2,206,144
2,206,147
1,206,148
1,206,149
1,206,150
1,206,151
2,206,152
2,206,153
2,206,155
1,206,157
2,206,158
1,206,159
1,206,161
3,206,162
1,206,163
2,206,164
1,206,165
1,206,166
1,206,167
1,206,168
2,206,169
1,206,170
3,206,171
1,206,173
1,206,174
2,206,177
1,206,180
1,206,185
1,206,188
1,206,190
1,206,191
1,206,209
1,206,239
1,206,598
-1,207,-40
-1,207,-23
-1,207,-21
-3,207,-15
-2,207,-14
-2,207,-13
-1,207,-12
-1,207,-11
-2,207,-10
-1,207,-8
-1,207,-5
-2,207,-1
-1,207,1
1,207,3
1,207,4
-3,207,5
1,207,6
-1,207,7
-1,207,8
1,207,9
-1,207,11
-1,207,12
-1,207,13
0,207,17
-1,207,20
-1,207,22
1,207,26
-1,207,30
1,207,40
-1,207,42
-1,207,46
-1,207,49
-1,207,55
-1,207,57
1,207,66
-1,207,68
-1,207,74
-1,207,76
-1,207,82
-1,207,83
-2,207,86
-1,207,89
-3,207,90
-2,207,93
-3,207,95
-2,207,97
-1,207,98
-1,207,99
-1,207,101
-2,207,108
-2,207,110
-1,207,116
-4,207,119
-2,207,121
-2,207,123
-2,207,124
1,207,125
1,207,127
-2,207,128
0,207,129
-1,207,130
1,207,131
-2,207,132
-1,207,133
-1,207,134
-2,207,135
1,207,136
0,207,137
0,207,138
1,207,139
-1,207,140
-5,207,141
-1,207,143
-1,207,144
-1,207,145
2,207,147
1,207,148
-1,207,149
-3,207,151
1,207,152
1,207,153
1,207,154
3,207,155
-1,207,156
1,207,158
1,207,159
1,207,160
1,207,162
-1,207,163
1,207,165
0,207,166
1,207,168
2,207,169
1,207,171
4,207,172
1,207,178
-1,207,179
1,207,180
3,207,182
2,207,183
1,207,184
-1,207,194
1,207,195
1,207,200
1,207,202
1,207,203
1,207,205
1,207,264
-1,207,325
1,208,4
1,208,13
1,208,16
1,208,27
1,208,55
1,208,70
1,208,72
1,208,124
1,208,126
1,208,127
2,208,132
1,208,133
3,208,134
2,208,135
1,208,136
2,208,138
2,208,139
3,208,142
2,208,144
1,208,146
3,208,147
1,208,151
1,208,152
4,208,153
3,208,155
2,208,157
4,208,158
1,208,159
1,208,162
4,208,167
1,208,168
1,208,171
2,208,172
1,208,173
3,208,177
1,208,179
1,208,183
1,208,184
2,208,185
1,208,190
1,208,195
1,208,201
1,208,216
-1,209,-38
-1,209,-24
-2,209,-23
-1,209,-18
-1,209,-16
1,209,-12
-1,209,-10
-2,209,-5
-3,209,-3
-1,209,-1
-1,209,0
1,209,25
-1,209,26
-2,209,36
-1,209,40
1,209,43
-1,209,59
-1,209,61
-1,209,63
-1,209,66
-1,209,68
-2,209,73
-1,209,75
-1,209,82
-2,209,88
-2,209,90
-1,209,95
-2,209,97
-3,209,101
-2,209,103
-1,209,111
-1,209,114
-1,209,119
-1,209,120
-1,209,121
-1,209,123
0,209,125
1,209,128
0,209,132
-1,209,134
-1,209,136
-1,209,138
-2,209,140
-1,209,141
-1,209,143
-4,209,145
1,209,146
-2,209,150
1,209,152
1,209,156
1,209,157
-1,209,160
1,209,168
-1,209,171
1,209,183
-1,209,188
-1,209,190
1,209,198
-1,209,261
-1,210,-24
-1,210,-19
0,210,-8
1,210,-7
1,210,-1
-3,210,0
1,210,8
1,210,12
1,210,14
1,210,18
-1,210,19
-1,210,20
-1,210,23
-1,210,26
-1,210,35
1,210,38
-1,210,49
-1,210,57
-1,210,63
-1,210,66
-1,210,68
-1,210,117
1,210,118
1,210,120
-1,210,123
1,210,124
-5,210,125
2,210,126
-1,210,127
2,210,128
-4,210,129
2,210,130
2,210,131
2,210,132
0,210,133
2,210,134
-4,210,135
2,210,136
-2,210,137
3,210,138
-1,210,139
0,210,140
2,210,141
5,210,142
1,210,143
1,210,145
3,210,147
0,210,148
1,210,149
-2,210,150
1,210,152
2,210,153
0,210,154
2,210,155
-1,210,156
1,210,157
-4,210,158
1,210,159
-1,210,160
1,210,164
1,210,165
2,210,166
1,210,168
3,210,169
1,210,172
-1,210,173
2,210,177
1,210,179
-1,210,183
1,210,192
2,210,218
1,210,241
1,210,251
1,210,263
-1,210,396
-1,210,451
-1,211,-29
-1,211,-23
-1,211,-16
-1,211,-10
-1,211,-3
1,211,1
-1,211,5
-1,211,16
0,211,27
-1,211,31
1,211,39
-1,211,40
-1,211,42
-1,211,43
-1,211,71
-1,211,73
-2,211,75
-1,211,80
-2,211,82
-1,211,84
-1,211,86
-2,211,88
-2,211,90
-1,211,93
-2,211,95
-1,211,97
-1,211,99
-1,211,101
-3,211,103
-2,211,108
-1,211,110
-1,211,111
-2,211,113
-1,211,114
-2,211,115
1,211,117
1,211,118
-5,211,119
-2,211,121
1,211,122
-1,211,123
-2,211,124
-1,211,127
-1,211,129
-2,211,130
5,211,131
0,211,132
1,211,134
2,211,136
2,211,139
3,211,141
2,211,142
1,211,143
1,211,144
1,211,145
1,211,148
1,211,149
1,211,150
0,211,151
0,211,154
3,211,155
2,211,157
2,211,159
1,211,162
0,211,166
1,211,167
1,211,168
1,211,176
2,211,183
1,211,191
1,211,194
1,211,609
-1,212,-19
-2,212,-18
-1,212,-8
-2,212,-3
1,212,6
-1,212,7
-1,212,11
1,212,16
1,212,17
1,212,27
-1,212,34
-1,212,35
-2,212,112
1,212,117
-1,212,118
1,212,120
2,212,121
-2,212,122
-1,212,123
2,212,124
2,212,125
1,212,126
0,212,127
0,212,128
-1,212,130
3,212,131
-2,212,133
2,212,134
0,212,135
2,212,136
1,212,137
-1,212,138
4,212,139
0,212,140
0,212,141
4,212,142
3,212,143
1,212,144
0,212,145
0,212,148
-1,212,150
3,212,151
1,212,153
1,212,154
-1,212,155
-2,212,158
1,212,159
2,212,162
1,212,163
1,212,164
1,212,167
2,212,171
1,212,172
2,212,176
1,212,180
-1,212,196
1,212,224
1,212,257
1,212,460
-1,213,-6
1,213,-5
-1,213,-1
1,213,6
1,213,8
-1,213,15
1,213,48
-1,213,87
1,213,104
1,213,107
-1,213,109
-1,213,112
1,213,113
1,213,116
0,213,120
2,213,121
-1,213,123
1,213,124
1,213,125
3,213,126
1,213,127
1,213,128
1,213,129
2,213,130
1,213,131
2,213,132
3,213,133
3,213,134
1,213,135
3,213,136
0,213,137
1,213,138
1,213,139
-1,213,140
4,213,142
2,213,143
2,213,144
4,213,145
1,213,150
2,213,151
1,213,152
1,213,154
4,213,155
1,213,157
2,213,158
2,213,159
1,213,163
1,213,164
-1,213,166
3,213,168
2,213,171
2,213,173
1,213,174
2,213,176
1,213,180
1,213,206
1,213,207
-1,213,208
-1,213,391
-1,214,-15
-1,214,-5
-1,214,8
-1,214,21
1,214,28
-1,214,49
-1,214,56
-1,214,58
-1,214,65
-1,214,67
-2,214,69
-1,214,70
-1,214,73
-1,214,78
-1,214,86
-1,214,90
-1,214,95
-2,214,97
-2,214,99
1,214,105
-2,214,106
-1,214,108
-1,214,111
-1,214,112
-2,214,113
-1,214,115
-1,214,116
-4,214,119
1,214,120
0,214,121
2,214,122
-3,214,124
-1,214,125
1,214,126
-2,214,127
0,214,128
-1,214,129
1,214,130
4,214,131
4,214,132
2,214,133
1,214,134
-1,214,135
0,214,136
1,214,137
1,214,138
0,214,140
1,214,141
3,214,142
1,214,143
2,214,144
1,214,148
1,214,149
-1,214,151
2,214,153
1,214,155
0,214,156
0,214,158
1,214,159
1,214,161
1,214,162
-1,214,163
1,214,165
-2,214,173
1,214,174
1,214,176
1,214,178
-1,214,179
1,214,193
-1,214,276
-1,214,407
1,214,445
-1,215,-5
-1,215,79
-1,215,110
-1,215,115
1,215,117
-1,215,120
-1,215,123
0,215,127
1,215,132
1,215,133
2,215,138
1,215,141
0,215,143
1,215,151
-1,215,155
1,215,160
1,215,167
1,215,224
-1,216,-25
-2,216,-14
1,216,-11
-1,216,19
-1,216,23
1,216,39
-1,216,40
-1,216,43
-1,216,56
-1,216,58
-3,216,67
-1,216,69
-1,216,71
-1,216,75
-1,216,78
-1,216,80
-1,216,82
-2,216,84
-1,216,86
-2,216,90
-2,216,97
-1,216,99
-1,216,100
-1,216,101
-2,216,103
-1,216,104
1,216,105
-2,216,106
0,216,109
1,216,110
0,216,111
1,216,113
-1,216,115
0,216,116
1,216,117
-1,216,118
-2,216,119
-1,216,121
4,216,122
-1,216,124
1,216,126
3,216,127
-2,216,128
0,216,129
0,216,130
2,216,131
0,216,133
-1,216,134
0,216,135
2,216,136
1,216,137
1,216,138
2,216,139
2,216,140
-1,216,141
1,216,142
1,216,144
-1,216,145
2,216,146
-1,216,149
-1,216,150
0,216,151
1,216,152
1,216,156
1,216,157
1,216,159
1,216,162
1,216,164
1,216,166
1,216,167
3,216,169
1,216,170
2,216,171
1,216,187
-1,216,389
-1,217,-13
-1,217,2
-1,217,7
1,217,14
-1,217,97
1,217,101
0,217,105
-2,217,107
-1,217,110
1,217,111
1,217,112
-1,217,114
-1,217,115
1,217,116
-2,217,117
1,217,118
1,217,119
-1,217,120
1,217,121
0,217,122
-1,217,123
1,217,124
3,217,126
3,217,127
0,217,128
1,217,129
2,217,131
1,217,132
1,217,133
2,217,135
4,217,136
2,217,137
0,217,138
3,217,140
1,217,141
1,217,145
2,217,146
2,217,147
1,217,148
1,217,149
1,217,150
1,217,151
2,217,158
2,217,159
2,217,166
1,217,168
1,217,171
1,217,172
1,217,173
1,217,179
1,217,227
-1,217,347
-1,217,447
1,218,-22
-1,218,-14
-1,218,0
1,218,3
-1,218,8
-1,218,10
1,218,25
-1,218,31
-3,218,32
-1,218,41
-1,218,43
-1,218,45
-2,218,47
-1,218,49
-1,218,52
-3,218,54
-1,218,58
-2,218,60
-1,218,62
-2,218,65
0,218,67
-1,218,69
-2,218,71
-2,218,75
-1,218,78
-1,218,80
1,218,94
-1,218,96
-1,218,97
1,218,98
-1,218,102
-2,218,104
-1,218,105
-2,218,106
-1,218,107
2,218,109
0,218,110
3,218,111
-1,218,112
3,218,113
0,218,114
-3,218,115
-2,218,116
0,218,117
-1,218,118
-1,218,119
2,218,120
-1,218,121
-2,218,122
1,218,123
-1,218,124
-2,218,125
-3,218,126
-2,218,127
0,218,128
2,218,130
3,218,131
2,218,132
0,218,133
1,218,134
1,218,137
0,218,138
2,218,139
2,218,140
0,218,141
2,218,142
3,218,143
1,218,144
0,218,146
2,218,147
1,218,148
-1,218,150
-1,218,152
-1,218,154
1,218,155
1,218,157
1,218,159
-1,218,160
1,218,165
1,218,169
-1,218,171
1,218,184
1,218,185
1,219,-11
1,219,10
1,219,15
1,219,26
1,219,63
1,219,78
1,219,92
1,219,95
1,219,97
1,219,99
4,219,105
2,219,109
1,219,113
1,219,115
3,219,116
1,219,118
2,219,119
1,219,120
2,219,121
1,219,122
3,219,123
1,219,124
1,219,126
4,219,127
2,219,129
4,219,130
2,219,131
1,219,135
1,219,138
1,219,141
1,219,142
1,219,143
1,219,145
1,219,147
1,219,150
2,219,151
2,219,152
1,219,153
1,219,173
1,219,178
1,219,206
1,219,283
-1,220,-1
-3,220,0
1,220,8
1,220,10
0,220,13
1,220,16
1,220,17
-1,220,19
-1,220,30
-2,220,34
-1,220,39
-4,220,41
-1,220,43
-2,220,47
-1,220,49
1,220,50
-3,220,52
1,220,53
-2,220,54
-1,220,56
-2,220,58
-2,220,67
-1,220,71
-2,220,75
-1,220,88
-1,220,90
-1,220,97
-1,220,98
-2,220,99
-1,220,100
-3,220,102
-2,220,104
-1,220,105
-2,220,106
-1,220,109
-1,220,110
-5,220,112
-1,220,113
-1,220,115
-2,220,116
-2,220,119
-1,220,122
1,220,123
-1,220,125
1,220,126
-1,220,127
-1,220,129
0,220,133
-2,220,135
1,220,137
0,220,138
-3,220,141
-1,220,143
1,220,148
-1,220,149
-1,220,150
-1,220,152
1,220,155
-2,220,156
-1,220,163
1,220,198
-1,220,342
1,221,-32
1,221,-22
1,221,-17
1,221,-10
2,221,-9
1,221,-6
1,221,-3
1,221,1
1,221,2
2,221,5
1,221,6
1,221,7
1,221,10
1,221,12
2,221,15
2,221,16
1,221,17
2,221,22
2,221,28
1,221,29
1,221,32
1,221,33
1,221,37
1,221,39
1,221,48
1,221,49
2,221,50
2,221,53
2,221,58
1,221,64
1,221,66
1,221,67
1,221,74
1,221,75
1,221,80
1,221,86
2,221,88
1,221,89
1,221,90
1,221,91
1,221,92
1,221,94
1,221,95
1,221,96
1,221,99
2,221,100
1,221,102
1,221,104
2,221,106
1,221,110
2,221,111
2,221,112
2,221,114
3,221,115
3,221,116
2,221,117
2,221,120
3,221,121
2,221,122
2,221,123
2,221,125
2,221,126
2,221,130
1,221,131
1,221,132
2,221,134
1,221,138
1,221,139
1,221,141
2,221,142
1,221,143
1,221,145
2,221,147
2,221,148
1,221,150
1,221,159
1,221,168
1,221,183
-2,222,-29
-1,222,-21
0,222,-19
-2,222,-18
-2,222,-15
1,222,-14
1,222,-13
-1,222,-12
1,222,-11
-3,222,-9
-3,222,-8
-2,222,-4
-1,222,-3
-4,222,-2
-3,222,-1
-7,222,0
1,222,1
1,222,2
-1,222,3
-3,222,4
4,222,5
1,222,6
0,222,7
1,222,8
2,222,10
0,222,11
-1,222,12
-6,222,13
0,222,15
1,222,16
1,222,17
-1,222,19
1,222,20
-2,222,21
0,222,23
1,222,26
3,222,27
1,222,28
2,222,29
-1,222,30
2,222,31
2,222,32
1,222,33
-1,222,34
2,222,37
1,222,38
1,222,39
1,222,41
0,222,42
2,222,43
1,222,44
3,222,46
-1,222,47
-1,222,48
0,222,49
-2,222,51
0,222,52
2,222,53
-1,222,54
-1,222,56
-2,222,57
-4,222,58
-1,222,60
-1,222,61
1,222,63
0,222,66
-1,222,67
2,222,68
0,222,69
-1,222,70
1,222,71
-1,222,73
0,222,76
1,222,78
1,222,79
1,222,80
-1,222,81
1,222,82
2,222,83
1,222,84
-3,222,91
1,222,92
2,222,96
-1,222,97
-1,222,99
2,222,100
-2,222,102
-1,222,104
2,222,105
-1,222,107
-1,222,108
1,222,110
0,222,111
-1,222,112
2,222,113
1,222,115
-2,222,116
1,222,117
-1,222,118
0,222,120
1,222,121
-1,222,122
0,222,123
-1,222,125
1,222,126
1,222,127
1,222,128
-2,222,129
1,222,130
3,222,132
1,222,133
-1,222,135
1,222,136
1,222,137
2,222,138
1,222,140
0,222,141
1,222,142
1,222,143
1,222,146
-1,222,147
2,222,152
2,222,153
1,222,159
1,222,163
1,222,188
-1,222,383
1,223,-24
-2,223,-23
-1,223,-19
-1,223,-16
1,223,-15
1,223,-10
2,223,-9
3,223,-8
-1,223,-6
-2,223,-5
3,223,-4
1,223,-3
5,223,-1
0,223,0
2,223,1
25,223,2
1,223,3
4,223,4
-1,223,5
2,223,6
3,223,7
2,223,8
3,223,10
3,223,12
3,223,13
4,223,15
2,223,17
-1,223,18
1,223,20
2,223,21
1,223,22
0,223,23
3,223,24
2,223,25
-2,223,26
1,223,29
1,223,30
1,223,32
2,223,33
-1,223,36
2,223,37
2,223,38
2,223,41
2,223,42
2,223,43
2,223,44
1,223,46
2,223,47
-1,223,48
1,223,49
2,223,50
1,223,52
1,223,53
3,223,54
2,223,57
2,223,58
0,223,59
3,223,64
-1,223,66
1,223,67
0,223,68
0,223,69
1,223,70
1,223,73
1,223,77
2,223,78
2,223,80
2,223,82
1,223,85
1,223,86
2,223,88
1,223,90
1,223,91
2,223,92
-1,223,94
-1,223,95
1,223,96
1,223,97
1,223,99
1,223,101
3,223,102
3,223,103
0,223,104
2,223,105
2,223,106
-1,223,107
0,223,109
1,223,111
-1,223,112
2,223,113
1,223,115
1,223,116
2,223,117
1,223,119
3,223,120
2,223,121
1,223,124
2,223,126
1,223,127
2,223,128
1,223,129
2,223,130
1,223,131
3,223,134
2,223,136
0,223,137
-1,223,140
2,223,141
1,223,142
1,223,147
1,223,150
1,223,153
1,223,156
1,223,164
1,223,289
-2,223,406
-1,224,-31
0,224,-25
-1,224,-23
1,224,-20
-1,224,-18
-2,224,-16
0,224,-15
-2,224,-14
1,224,-13
-4,224,-12
1,224,-11
-3,224,-10
4,224,-9
-2,224,-8
3,224,-6
2,224,-5
2,224,-4
-7,224,-3
-2,224,-1
-4,224,0
-3,224,1
1,224,2
0,224,4
-4,224,5
-2,224,6
2,224,7
2,224,8
1,224,9
1,224,10
1,224,11
-4,224,12
-2,224,13
4,224,15
2,224,16
3,224,17
1,224,18
-1,224,19
1,224,20
7,224,21
1,224,22
1,224,23
2,224,25
-2,224,26
4,224,27
1,224,28
1,224,29
-2,224,31
-3,224,32
0,224,33
2,224,34
4,224,35
-2,224,36
3,224,37
1,224,38
3,224,39
0,224,40
-3,224,41
0,224,42
2,224,43
-1,224,44
-1,224,45
2,224,46
-1,224,47
-1,224,48
2,224,49
1,224,50
3,224,51
1,224,52
3,224,53
1,224,54
0,224,55
1,224,56
1,224,57
1,224,58
-1,224,59
2,224,63
-3,224,66
0,224,67
0,224,68
1,224,69
1,224,70
1,224,71
-1,224,72
0,224,73
0,224,75
-1,224,76
0,224,78
2,224,79
2,224,81
2,224,83
0,224,84
1,224,86
1,224,88
-1,224,89
-1,224,93
0,224,96
-1,224,97
1,224,99
2,224,100
-1,224,101
1,224,102
-1,224,103
-2,224,104
2,224,105
1,224,106
2,224,107
0,224,109
1,224,110
1,224,111
1,224,112
2,224,113
1,224,116
1,224,117
1,224,118
1,224,119
1,224,120
-2,224,121
1,224,122
1,224,124
2,224,125
1,224,126
-1,224,128
0,224,130
1,224,131
2,224,132
1,224,135
2,224,137
1,224,138
-1,224,143
1,224,148
-1,224,394
-1,225,-44
3,225,-26
1,225,-24
-1,225,-23
2,225,-22
-1,225,-21
1,225,-20
-1,225,-19
3,225,-17
1,225,-16
2,225,-15
2,225,-14
0,225,-13
3,225,-11
1,225,-10
1,225,-9
4,225,-8
1,225,-7
1,225,-6
1,225,-5
5,225,-4
1,225,-3
0,225,-1
5,225,0
-2,225,2
-2,225,3
9,225,4
4,225,5
2,225,6
-1,225,7
-2,225,8
-1,225,9
4,225,10
5,225,11
-2,225,12
3,225,13
2,225,14
5,225,15
3,225,16
4,225,17
3,225,18
2,225,19
3,225,20
5,225,21
2,225,22
2,225,23
2,225,24
3,225,25
2,225,26
1,225,27
4,225,28
3,225,29
2,225,30
1,225,31
3,225,32
4,225,33
1,225,34
7,225,37
5,225,38
5,225,39
-1,225,40
-1,225,41
2,225,42
0,225,43
3,225,46
0,225,48
3,225,49
2,225,50
4,225,52
1,225,53
2,225,55
2,225,56
1,225,57
1,225,60
1,225,62
4,225,63
3,225,64
1,225,65
2,225,66
3,225,69
1,225,71
2,225,72
3,225,73
1,225,75
1,225,76
1,225,78
1,225,79
2,225,80
1,225,81
1,225,83
0,225,84
1,225,85
-1,225,86
1,225,88
1,225,89
1,225,90
1,225,92
2,225,94
2,225,97
1,225,98
4,225,99
1,225,100
3,225,101
-2,225,102
3,225,104
1,225,105
1,225,106
1,225,109
2,225,110
3,225,112
3,225,113
2,225,114
2,225,115
3,225,117
0,225,118
1,225,120
1,225,123
4,225,126
1,225,129
2,225,131
2,225,132
1,225,134
2,225,135
1,225,138
1,225,140
1,225,150
1,225,158
1,225,159
1,225,164
1,225,172
-1,225,173
-1,226,-46
-1,226,-40
-3,226,-38
-6,226,-36
-3,226,-31
-5,226,-29
-1,226,-27
-1,226,-25
-8,226,-23
-1,226,-21
-2,226,-18
-1,226,-17
-2,226,-16
-2,226,-14
-4,226,-12
-2,226,-11
-6,226,-10
-6,226,-8
-1,226,-6
-2,226,-5
1,226,-4
1,226,-3
-1,226,-2
-7,226,-1
-5,226,0
1,226,1
-3,226,2
-2,226,3
-8,226,4
-2,226,5
3,226,6
-1,226,7
1,226,8
-2,226,9
3,226,10
-2,226,11
-1,226,12
1,226,13
-3,226,14
-1,226,15
-1,226,16
0,226,17
-2,226,18
-1,226,19
3,226,20
-9,226,21
1,226,22
-1,226,23
-1,226,25
-1,226,26
-1,226,27
-2,226,28
3,226,29
1,226,30
2,226,31
1,226,32
-1,226,33
-1,226,34
0,226,36
-1,226,38
-4,226,40
-1,226,42
-3,226,45
1,226,46
2,226,47
0,226,48
1,226,49
1,226,50
-2,226,51
-2,226,53
-3,226,55
1,226,56
-3,226,57
-1,226,61
-1,226,63
1,226,64
1,226,65
-4,226,66
1,226,67
-2,226,68
0,226,70
2,226,71
-1,226,72
2,226,73
1,226,75
0,226,76
-1,226,78
2,226,80
-2,226,82
0,226,83
1,226,84
-1,226,87
1,226,88
-2,226,91
2,226,92
-2,226,93
-1,226,98
-1,226,102
1,226,103
-1,226,104
-1,226,106
-2,226,108
-1,226,112
1,226,113
-1,226,115
1,226,117
-2,226,119
1,226,121
1,226,123
2,226,125
1,226,130
-1,226,131
1,226,137
-1,226,141
-1,226,150
1,226,152
1,226,153
-1,226,181
-2,227,-31
1,227,-29
-1,227,-26
3,227,-22
1,227,-21
1,227,-19
-2,227,-18
-2,227,-16
6,227,-15
3,227,-14
-1,227,-13
1,227,-12
2,227,-11
2,227,-10
0,227,-9
-1,227,-8
4,227,-6
-1,227,-5
5,227,-4
1,227,-3
4,227,-1
2,227,0
2,227,1
6,227,2
2,227,3
7,227,4
5,227,5
2,227,6
0,227,7
4,227,8
1,227,9
5,227,10
3,227,11
5,227,12
-1,227,13
1,227,14
1,227,15
9,227,16
2,227,17
2,227,18
2,227,19
0,227,20
5,227,21
2,227,22
0,227,23
2,227,24
1,227,25
0,227,26
4,227,27
1,227,28
3,227,29
1,227,30
3,227,31
2,227,32
5,227,33
4,227,34
-1,227,35
4,227,36
3,227,37
1,227,38
-1,227,39
0,227,40
2,227,41
2,227,42
1,227,43
1,227,44
-2,227,45
3,227,46
2,227,47
1,227,48
-1,227,49
1,227,50
0,227,51
5,227,52
3,227,54
5,227,55
1,227,56
1,227,57
2,227,58
2,227,59
1,227,60
1,227,61
2,227,62
2,227,63
1,227,64
0,227,65
1,227,66
3,227,67
5,227,68
4,227,69
1,227,70
5,227,71
2,227,73
-1,227,75
1,227,76
2,227,77
2,227,80
1,227,81
2,227,83
1,227,84
1,227,86
1,227,87
1,227,88
1,227,89
3,227,92
2,227,94
-1,227,95
2,227,97
2,227,98
3,227,99
2,227,100
3,227,101
-1,227,102
1,227,103
2,227,105
3,227,106
1,227,107
2,227,109
1,227,110
1,227,111
0,227,112
1,227,113
-2,227,114
1,227,116
2,227,117
1,227,118
2,227,120
3,227,121
1,227,122
1,227,124
2,227,125
1,227,126
0,227,127
2,227,128
3,227,129
-1,227,130
1,227,131
1,227,133
1,227,135
1,227,136
1,227,138
1,227,142
1,227,143
1,227,147
1,227,151
1,227,158
-1,228,-36
-1,228,-34
-1,228,-31
1,228,-29
-1,228,-28
0,228,-25
-1,228,-23
-2,228,-21
1,228,-20
-1,228,-19
1,228,-18
2,228,-17
1,228,-16
2,228,-15
-2,228,-14
-1,228,-13
1,228,-12
-4,228,-11
4,228,-10
4,228,-8
-4,228,-6
2,228,-5
-1,228,-4
0,228,-3
-4,228,-2
1,228,-1
-22,228,0
7,228,1
0,228,2
6,228,3
3,228,4
1,228,5
3,228,6
2,228,7
7,228,8
0,228,9
0,228,10
7,228,11
6,228,12
5,228,13
4,228,14
5,228,15
6,228,16
7,228,17
3,228,18
-2,228,19
0,228,20
5,228,21
8,228,22
-2,228,23
3,228,24
8,228,25
1,228,26
6,228,27
-2,228,28
5,228,29
-3,228,30
5,228,31
2,228,32
2,228,33
5,228,34
4,228,35
0,228,36
3,228,37
-1,228,38
5,228,39
-2,228,40
3,228,41
5,228,42
4,228,43
1,228,44
1,228,45
3,228,46
3,228,47
3,228,48
0,228,49
5,228,50
-2,228,51
4,228,52
2,228,53
3,228,54
2,228,55
-2,228,56
4,228,57
3,228,58
1,228,59
1,228,60
1,228,61
0,228,63
5,228,64
1,228,65
2,228,66
1,228,67
1,228,68
3,228,69
-4,228,70
2,228,71
2,228,73
1,228,74
1,228,75
0,228,76
2,228,77
3,228,78
2,228,79
2,228,80
-2,228,82
1,228,83
1,228,84
-2,228,85
0,228,86
2,228,90
3,228,91
1,228,93
1,228,95
1,228,97
2,228,98
1,228,100
0,228,101
2,228,102
1,228,103
-1,228,104
2,228,105
1,228,106
1,228,107
1,228,108
1,228,109
1,228,110
1,228,114
1,228,116
1,228,117
1,228,118
-1,228,120
3,228,121
4,228,124
-1,228,125
1,228,126
1,228,127
1,228,131
1,228,132
1,228,136
1,228,141
1,228,155
-2,228,158
1,229,-32
-3,229,-25
2,229,-22
1,229,-21
0,229,-20
-1,229,-18
1,229,-17
-2,229,-16
4,229,-14
3,229,-13
-2,229,-12
3,229,-11
8,229,-10
0,229,-9
6,229,-8
2,229,-7
7,229,-6
-2,229,-5
7,229,-4
4,229,-3
3,229,-2
-3,229,-1
8,229,0
2,229,1
1,229,2
2,229,3
7,229,4
4,229,5
9,229,6
4,229,7
4,229,8
4,229,9
3,229,10
7,229,11
4,229,12
9,229,13
6,229,14
5,229,15
3,229,16
2,229,17
0,229,18
3,229,19
8,229,20
3,229,21
6,229,22
1,229,23
4,229,24
2,229,25
8,229,26
4,229,27
0,229,28
2,229,29
6,229,30
8,229,31
5,229,32
-1,229,33
4,229,34
1,229,35
4,229,36
7,229,37
4,229,38
1,229,39
4,229,40
1,229,41
2,229,42
2,229,43
0,229,44
0,229,45
3,229,46
4,229,47
0,229,48
4,229,50
3,229,51
4,229,52
1,229,53
1,229,54
2,229,55
3,229,56
2,229,57
5,229,58
4,229,59
4,229,60
3,229,61
1,229,62
3,229,63
1,229,64
1,229,66
2,229,67
3,229,68
4,229,69
1,229,71
1,229,73
2,229,74
2,229,75
1,229,77
1,229,78
1,229,79
1,229,80
1,229,81
1,229,83
1,229,86
2,229,87
4,229,88
2,229,89
2,229,90
-1,229,91
3,229,92
1,229,93
1,229,96
5,229,99
1,229,100
2,229,101
2,229,103
0,229,104
1,229,105
2,229,106
2,229,109
1,229,110
3,229,111
1,229,113
1,229,114
3,229,115
1,229,116
2,229,118
3,229,119
1,229,121
1,229,122
1,229,126
1,229,130
2,229,134
2,229,137
1,229,142
1,229,146
-1,229,149
1,229,154
1,229,184
1,230,-35
-1,230,-32
1,230,-29
-1,230,-28
2,230,-27
1,230,-26
1,230,-25
-1,230,-23
-3,230,-21
-1,230,-19
0,230,-18
4,230,-17
0,230,-16
1,230,-15
-2,230,-14
1,230,-13
1,230,-12
0,230,-11
2,230,-10
2,230,-9
0,230,-8
8,230,-6
3,230,-5
5,230,-4
0,230,-3
1,230,-2
4,230,-1
-4,230,0
7,230,1
-1,230,2
5,230,3
6,230,4
1,230,5
8,230,6
2,230,7
6,230,8
6,230,9
-3,230,10
5,230,11
3,230,12
0,230,13
1,230,14
4,230,15
8,230,16
8,230,17
4,230,18
3,230,19
3,230,20
8,230,21
4,230,22
3,230,23
2,230,24
5,230,25
10,230,26
9,230,27
2,230,28
5,230,29
7,230,30
9,230,31
7,230,32
2,230,33
3,230,34
5,230,35
4,230,36
4,230,37
1,230,38
3,230,39
2,230,40
1,230,41
3,230,42
5,230,43
1,230,44
1,230,45
6,230,46
1,230,47
2,230,48
-1,230,49
2,230,50
0,230,51
2,230,52
3,230,53
0,230,54
6,230,55
1,230,56
2,230,57
5,230,58
4,230,59
3,230,60
1,230,63
2,230,64
2,230,65
1,230,66
2,230,67
1,230,68
2,230,70
6,230,71
-1,230,72
4,230,73
2,230,74
1,230,75
1,230,77
1,230,78
3,230,79
1,230,80
0,230,81
1,230,82
1,230,83
2,230,84
2,230,85
4,230,87
2,230,88
2,230,89
0,230,92
1,230,95
-2,230,99
2,230,100
4,230,104
1,230,105
1,230,108
2,230,110
2,230,111
2,230,115
1,230,117
1,230,121
1,230,122
2,230,124
1,230,129
1,230,130
1,230,142
1,230,188
-1,231,-31
-1,231,-29
-1,231,-27
-2,231,-25
1,231,-24
-7,231,-23
-1,231,-21
-1,231,-19
-2,231,-18
1,231,-17
-5,231,-16
-1,231,-15
-2,231,-14
-6,231,-13
-3,231,-12
-7,231,-10
-1,231,-9
-2,231,-8
0,231,-7
0,231,-6
-2,231,-5
-3,231,-4
-7,231,-3
-3,231,-2
0,231,-1
-6,231,0
-5,231,1
-1,231,2
0,231,3
1,231,4
-3,231,5
2,231,6
1,231,7
2,231,8
1,231,9
-4,231,10
-1,231,11
-1,231,12
1,231,13
0,231,14
-3,231,15
-1,231,16
-1,231,17
-1,231,18
-1,231,19
2,231,20
-4,231,21
5,231,22
-1,231,23
2,231,25
-1,231,26
0,231,27
-2,231,28
-3,231,29
-4,231,30
2,231,31
2,231,32
-1,231,33
2,231,34
1,231,35
-3,231,36
2,231,38
-1,231,39
1,231,40
1,231,41
-2,231,42
0,231,45
-1,231,46
-1,231,47
-1,231,48
1,231,49
2,231,50
-1,231,51
3,231,52
1,231,53
2,231,55
1,231,57
1,231,58
1,231,59
-1,231,61
1,231,62
1,231,63
1,231,64
-1,231,67
-1,231,68
2,231,69
-1,231,72
0,231,74
1,231,75
0,231,76
1,231,77
2,231,78
-2,231,82
-1,231,83
1,231,84
1,231,85
0,231,86
-1,231,87
0,231,89
1,231,90
-2,231,91
1,231,92
-4,231,93
-1,231,96
-2,231,97
1,231,98
-1,231,101
1,231,103
0,231,104
1,231,106
-1,231,110
1,231,113
-2,231,114
-3,231,118
1,231,126
-2,231,127
1,231,132
-1,231,133
1,231,138
1,231,144
-1,231,394
1,232,-37
-1,232,-31
1,232,-29
-1,232,-28
1,232,-27
2,232,-26
1,232,-25
1,232,-24
-1,232,-23
1,232,-21
1,232,-20
3,232,-17
0,232,-16
3,232,-15
1,232,-14
-1,232,-13
0,232,-11
2,232,-10
1,232,-9
1,232,-8
2,232,-7
4,232,-6
2,232,-5
7,232,-4
-1,232,-3
1,232,-2
3,232,-1
-2,232,0
7,232,1
-2,232,2
-1,232,3
4,232,4
5,232,5
10,232,6
1,232,7
10,232,8
4,232,9
4,232,10
9,232,11
4,232,12
2,232,13
1,232,14
4,232,15
12,232,16
9,232,17
4,232,18
1,232,19
3,232,20
8,232,21
5,232,22
1,232,23
1,232,24
12,232,25
3,232,26
8,232,27
2,232,28
6,232,29
0,232,30
8,232,31
6,232,32
1,232,33
8,232,34
5,232,35
9,232,36
7,232,37
2,232,38
1,232,39
4,232,40
3,232,41
7,232,42
8,232,43
3,232,44
3,232,45
2,232,46
7,232,47
2,232,48
1,232,49
2,232,50
2,232,51
6,232,52
2,232,54
1,232,55
1,232,56
6,232,57
0,232,58
4,232,59
5,232,60
-1,232,61
5,232,62
2,232,63
1,232,64
3,232,65
1,232,66
3,232,67
6,232,68
1,232,69
-1,232,71
3,232,73
1,232,74
3,232,75
1,232,76
-1,232,77
2,232,78
2,232,80
0,232,81
-1,232,82
3,232,83
0,232,84
3,232,85
2,232,86
2,232,88
4,232,89
1,232,90
-1,232,91
1,232,92
3,232,93
1,232,94
3,232,95
4,232,96
2,232,98
4,232,99
1,232,100
2,232,101
2,232,102
2,232,104
1,232,109
2,232,110
2,232,111
-1,232,112
1,232,113
1,232,115
1,232,117
1,232,120
1,232,130
2,232,132
1,232,136
1,232,145
-2,233,-46
-1,233,-40
-1,233,-38
-4,233,-36
1,233,-34
-1,233,-32
-5,233,-29
-3,233,-28
2,233,-27
-4,233,-25
-1,233,-24
-6,233,-23
-2,233,-21
0,233,-20
-4,233,-19
-2,233,-18
-1,233,-17
-3,233,-16
-4,233,-15
-2,233,-14
-5,233,-13
-3,233,-12
-1,233,-11
-4,233,-10
0,233,-9
-4,233,-8
-2,233,-7
1,233,-6
-6,233,-5
4,233,-4
-1,233,-3
-4,233,-2
8,233,-1
-11,233,0
1,233,1
-2,233,2
-4,233,3
0,233,4
3,233,5
3,233,6
-1,233,7
7,233,8
0,233,9
-1,233,10
4,233,11
-3,233,12
3,233,13
1,233,14
4,233,15
-1,233,16
5,233,17
-1,233,18
-1,233,19
7,233,20
1,233,21
7,233,22
1,233,23
4,233,24
4,233,25
5,233,26
1,233,27
-1,233,28
7,233,29
1,233,30
4,233,31
2,233,32
3,233,33
1,233,34
2,233,35
3,233,36
4,233,37
3,233,38
-6,233,40
3,233,41
3,233,42
3,233,43
1,233,44
1,233,45
0,233,46
2,233,47
5,233,48
0,233,49
2,233,50
-2,233,51
1,233,52
-2,233,53
0,233,54
4,233,55
-2,233,56
-1,233,57
4,233,58
-2,233,59
2,233,60
-1,233,61
3,233,62
3,233,63
1,233,64
3,233,65
-2,233,66
2,233,67
1,233,68
4,233,69
0,233,70
2,233,71
1,233,72
2,233,73
0,233,74
1,233,75
-1,233,76
1,233,77
4,233,78
1,233,79
1,233,80
1,233,81
0,233,82
2,233,83
3,233,84
1,233,85
-1,233,87
1,233,89
2,233,90
1,233,91
3,233,94
1,233,96
1,233,99
0,233,100
1,233,102
1,233,103
-1,233,104
-1,233,106
-1,233,109
-1,233,110
1,233,114
-2,233,119
2,233,122
1,233,124
1,233,126
1,233,127
1,233,128
1,233,129
1,233,131
-1,233,134
0,233,135
1,233,138
1,233,141
1,233,144
0,233,148
1,234,-33
1,234,-25
1,234,-23
1,234,-20
1,234,-19
3,234,-18
2,234,-17
2,234,-16
4,234,-15
4,234,-14
1,234,-13
2,234,-11
2,234,-9
3,234,-8
1,234,-7
3,234,-6
2,234,-5
6,234,-4
3,234,-3
1,234,-2
6,234,-1
4,234,0
2,234,1
3,234,2
6,234,3
4,234,4
2,234,5
6,234,6
5,234,7
4,234,8
2,234,9
5,234,10
1,234,11
2,234,12
8,234,13
5,234,14
7,234,15
5,234,16
8,234,17
2,234,18
5,234,19
5,234,20
3,234,21
8,234,22
4,234,23
4,234,24
4,234,25
7,234,26
11,234,27
3,234,29
2,234,30
3,234,31
5,234,32
5,234,33
3,234,34
3,234,36
5,234,37
4,234,38
3,234,39
1,234,40
2,234,41
3,234,42
7,234,43
1,234,44
1,234,45
2,234,46
4,234,47
4,234,48
1,234,49
3,234,50
1,234,51
1,234,52
2,234,53
4,234,54
2,234,55
2,234,56
2,234,57
4,234,58
6,234,59
2,234,60
2,234,61
1,234,62
3,234,63
2,234,64
1,234,65
2,234,66
2,234,67
2,234,68
4,234,69
3,234,71
2,234,73
3,234,74
1,234,75
2,234,78
1,234,79
2,234,80
1,234,82
1,234,83
2,234,85
1,234,88
2,234,89
1,234,91
1,234,92
1,234,94
1,234,95
2,234,96
2,234,98
2,234,99
1,234,100
1,234,104
1,234,106
1,234,108
1,234,120
2,234,122
1,234,123
1,234,132
-1,235,-40
-1,235,-34
-1,235,-32
-1,235,-29
-1,235,-25
-1,235,-24
-2,235,-21
1,235,-20
-1,235,-19
-3,235,-18
-3,235,-16
2,235,-15
-1,235,-14
-3,235,-13
1,235,-12
-1,235,-11
4,235,-10
-2,235,-9
-1,235,-8
-1,235,-6
1,235,-5
-3,235,-4
-1,235,-2
-2,235,-1
-7,235,0
1,235,1
0,235,2
2,235,3
-4,235,4
1,235,5
4,235,6
-2,235,7
1,235,8
5,235,9
0,235,10
2,235,11
2,235,12
-6,235,13
1,235,14
0,235,15
6,235,16
0,235,17
-1,235,18
2,235,19
7,235,20
-1,235,21
3,235,22
0,235,23
5,235,24
2,235,25
0,235,26
5,235,27
-1,235,28
5,235,29
1,235,30
4,235,31
1,235,32
1,235,33
0,235,34
2,235,35
0,235,36
3,235,37
2,235,38
2,235,39
1,235,40
2,235,41
-1,235,42
3,235,43
1,235,44
4,235,45
3,235,46
-1,235,47
5,235,48
-2,235,49
1,235,50
1,235,51
-1,235,52
4,235,53
1,235,54
2,235,55
1,235,56
3,235,57
4,235,58
1,235,59
2,235,60
-1,235,61
1,235,62
2,235,63
-1,235,64
1,235,65
-2,235,66
2,235,67
0,235,68
-1,235,70
1,235,71
2,235,73
4,235,74
4,235,75
-1,235,76
1,235,77
1,235,78
1,235,79
2,235,81
-3,235,82
1,235,83
2,235,87
3,235,88
1,235,89
1,235,90
1,235,92
5,235,93
1,235,96
0,235,97
1,235,98
1,235,99
-1,235,100
1,235,105
1,235,107
-1,235,110
1,235,111
2,235,113
0,235,114
1,235,115
-1,235,117
1,235,122
1,235,127
1,235,131
1,235,134
-1,235,141
-1,236,-23
-1,236,-21
-3,236,-18
-3,236,-16
-2,236,-14
0,236,-11
1,236,-10
-2,236,-9
-1,236,-8
-1,236,-6
-1,236,-5
1,236,-4
0,236,-3
2,236,-1
-2,236,0
1,236,4
-1,236,5
1,236,6
-2,236,8
2,236,9
-3,236,10
1,236,11
1,236,12
1,236,13
2,236,14
1,236,15
1,236,16
2,236,17
3,236,21
1,236,24
-1,236,26
0,236,28
1,236,29
2,236,31
1,236,32
3,236,34
1,236,35
2,236,36
1,236,37
1,236,39
-2,236,40
2,236,42
1,236,45
-1,236,46
-1,236,51
1,236,52
2,236,53
-1,236,54
1,236,55
-1,236,56
1,236,57
1,236,58
1,236,59
-1,236,61
1,236,62
1,236,63
1,236,66
1,236,71
-1,236,72
2,236,75
0,236,89
-1,236,97
1,236,113
1,237,-31
1,237,-27
-3,237,-25
-2,237,-23
1,237,-21
1,237,-19
-1,237,-18
-2,237,-15
0,237,-14
-1,237,-13
-1,237,-12
-2,237,-10
2,237,-9
1,237,-8
1,237,-7
1,237,-6
1,237,-5
1,237,-4
-1,237,-3
-6,237,-2
3,237,-1
-4,237,0
-1,237,1
-1,237,2
0,237,3
-3,237,4
4,237,5
-1,237,6
-1,237,7
1,237,8
1,237,9
0,237,10
5,237,11
1,237,12
-3,237,13
1,237,14
-3,237,15
4,237,16
4,237,17
1,237,18
-2,237,19
1,237,20
2,237,21
3,237,22
0,237,23
5,237,26
4,237,27
-1,237,28
1,237,29
1,237,30
3,237,31
6,237,32
6,237,34
4,237,35
1,237,36
4,237,38
-2,237,40
1,237,42
1,237,43
1,237,44
1,237,46
0,237,47
2,237,48
1,237,50
2,237,51
2,237,52
2,237,53
2,237,54
0,237,55
4,237,56
1,237,57
1,237,60
-1,237,61
1,237,63
1,237,64
-1,237,66
1,237,67
3,237,68
1,237,69
-2,237,70
3,237,71
-1,237,72
3,237,74
-1,237,78
1,237,79
2,237,80
1,237,83
2,237,84
2,237,88
1,237,90
1,237,91
1,237,92
1,237,94
2,237,96
1,237,97
-1,237,99
1,237,100
1,237,102
1,237,105
1,237,107
-2,237,108
0,237,116
2,237,126
1,237,138
0,238,-24
-2,238,-21
-1,238,-19
-1,238,-18
1,238,-17
-1,238,-16
1,238,-15
1,238,-14
-1,238,-13
2,238,-11
0,238,-9
1,238,-8
1,238,-6
0,238,-5
-1,238,-3
1,238,-1
2,238,0
5,238,1
3,238,2
-1,238,3
2,238,4
1,238,5
1,238,6
0,238,7
1,238,8
2,238,9
3,238,10
2,238,11
0,238,12
0,238,13
3,238,14
1,238,15
1,238,17
-1,238,18
1,238,19
1,238,20
1,238,21
3,238,22
1,238,23
5,238,24
-1,238,25
4,238,26
4,238,27
1,238,29
1,238,31
3,238,32
2,238,34
1,238,35
3,238,36
0,238,38
2,238,39
1,238,40
-2,238,41
2,238,42
1,238,43
1,238,44
0,238,46
1,238,47
1,238,51
1,238,52
1,238,53
1,238,55
0,238,56
1,238,58
2,238,59
1,238,60
1,238,62
1,238,63
0,238,64
4,238,66
1,238,67
1,238,68
3,238,71
2,238,72
3,238,73
0,238,76
1,238,82
1,238,88
1,238,91
1,238,94
1,238,100
-1,238,105
1,238,106
1,238,110
0,239,-33
-1,239,-25
-7,239,-23
1,239,-17
-9,239,-16
-1,239,-13
0,239,-11
-5,239,-10
-3,239,-8
1,239,-6
-1,239,-5
-6,239,-3
2,239,-2
1,239,-1
-3,239,0
-2,239,1
2,239,4
-6,239,5
1,239,6
0,239,8
0,239,9
-1,239,10
-2,239,11
0,239,12
5,239,13
1,239,15
-1,239,16
-1,239,18
3,239,19
2,239,20
-1,239,21
3,239,22
-2,239,23
2,239,24
3,239,25
0,239,26
3,239,27
1,239,28
-4,239,29
1,239,30
2,239,31
1,239,32
-2,239,33
4,239,34
2,239,36
1,239,37
0,239,38
1,239,39
0,239,40
1,239,41
3,239,42
1,239,43
1,239,44
2,239,46
2,239,47
1,239,48
1,239,49
1,239,50
1,239,52
1,239,53
1,239,54
2,239,55
1,239,56
0,239,57
1,239,58
2,239,59
2,239,62
1,239,64
2,239,67
1,239,72
1,239,73
1,239,75
2,239,79
-1,239,82
-1,239,83
1,239,85
1,239,87
1,239,88
1,239,92
-1,239,98
1,239,99
1,239,100
1,239,106
1,239,109
1,239,111
1,239,117
1,239,121
1,240,-9
-1,240,-8
0,240,-7
1,240,-5
-1,240,-3
2,240,-2
-1,240,0
1,240,1
-1,240,2
2,240,3
2,240,6
-1,240,7
2,240,8
2,240,9
-1,240,10
-1,240,12
1,240,13
0,240,17
3,240,19
2,240,21
1,240,24
1,240,25
1,240,26
3,240,27
-1,240,28
6,240,29
2,240,31
2,240,32
1,240,33
2,240,34
2,240,35
-1,240,36
4,240,37
1,240,39
1,240,40
1,240,42
1,240,43
1,240,45
1,240,51
1,240,52
1,240,53
1,240,56
1,240,57
2,240,58
1,240,62
1,240,71
1,240,74
1,240,79
1,240,80
1,240,95
-1,241,-25
-1,241,-21
-1,241,-19
-1,241,-13
-1,241,-11
1,241,-10
-1,241,-9
-2,241,-8
0,241,-6
-1,241,-5
0,241,-4
-1,241,0
1,241,2
0,241,4
-1,241,7
-1,241,8
1,241,10
-4,241,11
2,241,12
0,241,13
0,241,15
2,241,16
-1,241,17
1,241,18
5,241,20
-1,241,21
1,241,22
2,241,26
1,241,27
1,241,31
1,241,34
1,241,35
1,241,36
0,241,38
1,241,40
-1,241,45
-1,241,46
1,241,48
1,241,53
2,241,56
1,241,59
-1,241,61
2,241,63
1,241,69
1,241,71
-2,241,74
1,241,79
-1,241,81
1,241,88
1,241,89
1,241,90
1,241,94
1,241,114
-1,241,150
-1,242,-36
1,242,-31
-1,242,-25
1,242,-22
-1,242,-18
-1,242,-14
-1,242,-1
1,242,11
1,242,12
-1,242,14
1,242,15
1,242,21
-1,242,23
-1,242,33
-1,242,36
-1,242,72
1,242,89
-1,243,-34
1,243,-19
-1,243,-13
-1,243,-8
-2,243,-6
1,243,-5
1,243,-4
-2,243,-2
2,243,0
1,243,1
-1,243,5
1,243,6
1,243,9
-1,243,10
-2,243,13
1,243,15
1,243,16
2,243,20
2,243,21
1,243,22
-2,243,23
1,243,24
-1,243,25
-1,243,28
-2,243,32
1,243,34
1,243,35
1,243,40
1,243,41
1,243,43
1,243,44
1,243,45
1,243,47
2,243,48
-1,243,53
1,243,55
-1,243,57
1,243,58
-1,243,68
0,243,72
1,243,77
1,243,80
1,243,82
1,243,83
1,243,110
-1,243,118
-1,243,125
-1,244,-18
1,244,-17
1,244,-5
1,244,-3
2,244,1
1,244,3
1,244,5
2,244,10
1,244,11
1,244,13
2,244,14
1,244,15
1,244,16
0,244,17
1,244,20
2,244,21
1,244,22
1,244,25
1,244,29
1,244,31
1,244,38
1,244,48
2,244,52
1,244,58
1,244,62
1,244,63
1,244,68
1,244,77
1,244,78
1,244,80
1,244,94
1,244,131
-1,245,-13
1,245,-6
1,245,-1
-2,245,0
1,245,3
-1,245,7
-1,245,8
1,245,10
1,245,16
1,245,20
2,245,25
1,245,26
1,245,29
1,245,32
1,245,41
1,245,48
1,245,57
1,245,61
2,245,63
1,245,83
1,245,108
1,245,129
-1,246,-40
1,246,-36
-1,246,-23
-5,246,-16
-1,246,-8
1,246,-7
-1,246,1
-1,246,2
1,246,6
1,246,22
-3,246,23
-1,246,29
2,246,31
1,246,32
-1,246,33
1,246,35
1,246,36
1,246,41
1,246,51
1,246,61
1,246,108
1,246,150
-1,247,15
1,247,20
-1,247,23
-1,247,40
1,247,42
-1,247,53
-1,247,74
1,248,-8
-1,248,-5
-1,248,9
-1,248,13
1,248,21
-1,248,31
-1,248,33
1,248,45
1,248,60
1,248,82
1,248,166
1,249,34
1,249,36
1,249,40
1,250,17
1,250,19
1,250,20
1,250,22
-1,250,23
-1,250,28
1,250,43
-1,250,72
1,250,105
